{
"type": "FeatureCollection",
"name": "Constituencies",
"crs": { "type": "name", "properties": { "name": "urn:ogc:def:crs:OGC:1.3:CRS84" } },
"features": [
{ "type": "Feature", "properties": { "Shape_Leng": 0.7980383881000001, "Shape_Area": 0.01699795156, "ADM2_EN": "Butere", "ADM2_PCODE": "KE037207", "ADM2_REF": null, "ADM2ALT1EN": null, "ADM2ALT2EN": null, "ADM1_EN": "Kakamega", "ADM1_PCODE": "KE037", "ADM0_EN": "Kenya", "ADM0_PCODE": "KE", "date": "2017-11-03T00:00:00", "validOn": "2019-10-31T00:00:00", "ValidTo": null }, "geometry": { "type": "Polygon", "coordinates": [ [ [ 34.482513165000057, 0.307356682000037 ], [ 34.482832046000055, 0.306585400000073 ], [ 34.483886550000079, 0.306859855000027 ], [ 34.484442032000061, 0.305839731000055 ], [ 34.485235893000038, 0.304930088000047 ], [ 34.48507380500007, 0.303804115000054 ], [ 34.486042492000024, 0.302684083000037 ], [ 34.486442540000048, 0.301704068000043 ], [ 34.486560961000066, 0.300742211000058 ], [ 34.485410949000027, 0.298754476000048 ], [ 34.485958822000043, 0.297901869000043 ], [ 34.485658652000041, 0.297191421000034 ], [ 34.485976335000032, 0.29595844700004 ], [ 34.487128460000065, 0.295044824000052 ], [ 34.486485629000072, 0.293716536000033 ], [ 34.487812935000079, 0.293830471000033 ], [ 34.488739352000039, 0.293191407000044 ], [ 34.48942751800007, 0.292502976000036 ], [ 34.490303812000036, 0.292606846000062 ], [ 34.490933792000078, 0.291901200000039 ], [ 34.491623695000044, 0.291208002000081 ], [ 34.492385949000038, 0.290763181000046 ], [ 34.493180239000026, 0.290396327000049 ], [ 34.493410109000024, 0.289470128000055 ], [ 34.493588102000047, 0.288532689000019 ], [ 34.494459377000055, 0.288476644000064 ], [ 34.49540238700007, 0.288632128000077 ], [ 34.496746921000067, 0.288410865000055 ], [ 34.497482026000057, 0.287199676000061 ], [ 34.498387776000072, 0.287196098000031 ], [ 34.499342883000054, 0.286823551000052 ], [ 34.500297418000059, 0.287605490000027 ], [ 34.501263103000042, 0.287411193000031 ], [ 34.502351425000029, 0.287086672000051 ], [ 34.503620163000051, 0.286873932000044 ], [ 34.504373634000046, 0.28783565400005 ], [ 34.505330789000027, 0.288293246000019 ], [ 34.506055753000055, 0.287189001000051 ], [ 34.507021270000052, 0.287392161000072 ], [ 34.507508711000071, 0.286249848000073 ], [ 34.508596191000038, 0.286170820000055 ], [ 34.509034839000037, 0.284833756000076 ], [ 34.509979741000052, 0.284088616000016 ], [ 34.51054468600006, 0.28266493300003 ], [ 34.511627454000063, 0.282543433000064 ], [ 34.512530308000066, 0.282067530000064 ], [ 34.512468844000068, 0.281283892000027 ], [ 34.511670950000052, 0.280928568000029 ], [ 34.511509664000073, 0.280058890000025 ], [ 34.511413223000034, 0.279189230000035 ], [ 34.511505238000041, 0.278074546000026 ], [ 34.512349548000032, 0.277487083000034 ], [ 34.512562563000074, 0.276641890000065 ], [ 34.512187023000024, 0.275688063000079 ], [ 34.512221225000076, 0.274823997000063 ], [ 34.512455638000063, 0.273665365000053 ], [ 34.513671973000044, 0.273077576000042 ], [ 34.51438005600005, 0.274100154000048 ], [ 34.515280121000046, 0.27464061900003 ], [ 34.516101979000041, 0.274851120000044 ], [ 34.51628151400007, 0.274027159000068 ], [ 34.517063927000038, 0.273897754000077 ], [ 34.518279315000029, 0.274285753000079 ], [ 34.519112161000066, 0.274779108000068 ], [ 34.519967569000073, 0.275130664000076 ], [ 34.52087042800008, 0.274726638000063 ], [ 34.521700121000038, 0.275181062000054 ], [ 34.522566562000065, 0.276082122000047 ], [ 34.523317408000025, 0.275601795000065 ], [ 34.523967765000066, 0.274728330000071 ], [ 34.525163563000035, 0.27503125400006 ], [ 34.525389281000059, 0.276282460000062 ], [ 34.525735055000041, 0.277240015000076 ], [ 34.525800539000045, 0.278347220000058 ], [ 34.526047688000062, 0.279412514000065 ], [ 34.527116836000062, 0.279850844000061 ], [ 34.527641625000058, 0.27890446000003 ], [ 34.528059601000052, 0.277890746000023 ], [ 34.528611835000056, 0.277318424000047 ], [ 34.528905232000056, 0.27635333600006 ], [ 34.529195670000036, 0.275057214000065 ], [ 34.529253491000077, 0.273895765000016 ], [ 34.528319046000036, 0.273895834000029 ], [ 34.527635202000056, 0.273309526000051 ], [ 34.528623837000055, 0.272768016000051 ], [ 34.529771986000071, 0.273160722000063 ], [ 34.530630202000054, 0.273334611000051 ], [ 34.531476850000054, 0.273087678000021 ], [ 34.532245416000023, 0.273199859000038 ], [ 34.533080666000046, 0.273098826000016 ], [ 34.533828299000049, 0.27335686900005 ], [ 34.534736819000045, 0.273820656000061 ], [ 34.535691691000068, 0.274108623000068 ], [ 34.536546129000044, 0.274407077000031 ], [ 34.537458307000065, 0.27391326700007 ], [ 34.537838534000059, 0.274654630000042 ], [ 34.538398161000032, 0.273827933000066 ], [ 34.538484111000059, 0.272666486000051 ], [ 34.539606951000053, 0.272384006000045 ], [ 34.540527430000054, 0.272447540000034 ], [ 34.541477862000079, 0.272337530000073 ], [ 34.541581913000073, 0.273300228000036 ], [ 34.542512723000073, 0.272694317000061 ], [ 34.543298213000071, 0.271998535000016 ], [ 34.543836203000069, 0.271086747000021 ], [ 34.54456758200007, 0.271734371000039 ], [ 34.544846858000028, 0.272458538000026 ], [ 34.545199154000045, 0.273329315000072 ], [ 34.54601440700003, 0.273962170000056 ], [ 34.546719498000073, 0.274388563000063 ], [ 34.54776425600005, 0.274461441000021 ], [ 34.548634745000072, 0.275299284000033 ], [ 34.549576466000076, 0.276256814000016 ], [ 34.55038856300007, 0.27739389300007 ], [ 34.551297979000026, 0.277665033000065 ], [ 34.551837496000083, 0.277081475000048 ], [ 34.552465532000042, 0.275964894000022 ], [ 34.553009202000055, 0.274915636000064 ], [ 34.55424946200003, 0.275633749000068 ], [ 34.555191711000077, 0.276228446000068 ], [ 34.555715407000037, 0.27695781700003 ], [ 34.556658362000064, 0.277786310000069 ], [ 34.557958491000079, 0.278360411000044 ], [ 34.558775592000075, 0.278153267000057 ], [ 34.559174319000078, 0.277395284000023 ], [ 34.559476080000024, 0.276340435000073 ], [ 34.56076984300006, 0.275734032000051 ], [ 34.562180135000062, 0.275470599000071 ], [ 34.563729076000072, 0.274830884000046 ], [ 34.56473961100005, 0.27418556800007 ], [ 34.564783197000054, 0.273254171000068 ], [ 34.56488495800005, 0.272359238000042 ], [ 34.565854791000049, 0.272721091000059 ], [ 34.566586432000065, 0.273717909000021 ], [ 34.56755047300004, 0.27384129200005 ], [ 34.568528902000025, 0.273539505000038 ], [ 34.569298906000029, 0.272779810000025 ], [ 34.570247702000074, 0.272939668000047 ], [ 34.570227446000047, 0.272157896000073 ], [ 34.56989535200006, 0.271245221000069 ], [ 34.570579168000052, 0.270661650000016 ], [ 34.571570373000043, 0.270208991000062 ], [ 34.572888183000032, 0.270380988000052 ], [ 34.573839716000066, 0.270773686000036 ], [ 34.574767435000069, 0.269952589000064 ], [ 34.575875388000043, 0.269845916000066 ], [ 34.576311348000047, 0.270532294000026 ], [ 34.577088611000079, 0.271033852000076 ], [ 34.578032478000068, 0.270650017000032 ], [ 34.579015420000076, 0.270201104000018 ], [ 34.580200157000036, 0.270182329000015 ], [ 34.581108382000025, 0.269110616000034 ], [ 34.581911330000025, 0.268334407000048 ], [ 34.583171287000027, 0.268489565000042 ], [ 34.584282274000032, 0.268966429000046 ], [ 34.584754528000076, 0.269858519000028 ], [ 34.586013238000078, 0.27009207300006 ], [ 34.587088673000039, 0.269650791000052 ], [ 34.58785382700006, 0.269509360000031 ], [ 34.588449283000045, 0.270533498000019 ], [ 34.588641530000075, 0.271451782000045 ], [ 34.588782969000079, 0.272531863000041 ], [ 34.58901854800007, 0.273810188000028 ], [ 34.589618900000069, 0.274730332000054 ], [ 34.590633574000037, 0.275182878000071 ], [ 34.591790297000045, 0.27554751800005 ], [ 34.592766692000055, 0.275530633000067 ], [ 34.593264435000037, 0.274915662000064 ], [ 34.593883998000024, 0.275454270000067 ], [ 34.594512389000045, 0.27489090500007 ], [ 34.595540741000036, 0.274840353000066 ], [ 34.596518652000043, 0.275115222000065 ], [ 34.597267983000052, 0.274669131000056 ], [ 34.598559950000038, 0.275153267000067 ], [ 34.599475507000079, 0.275126288000027 ], [ 34.600332970000068, 0.275979090000028 ], [ 34.601380006000056, 0.277039945000074 ], [ 34.602191099000045, 0.278279424000068 ], [ 34.603211558000055, 0.278731809000021 ], [ 34.602961902000061, 0.279502547000051 ], [ 34.603818773000057, 0.279968199000055 ], [ 34.60406376800006, 0.280736870000061 ], [ 34.604849601000076, 0.281194675000058 ], [ 34.605611223000039, 0.282113307000035 ], [ 34.606559340000047, 0.282129342000067 ], [ 34.607459392000067, 0.281903734000033 ], [ 34.608229706000031, 0.281477275000046 ], [ 34.608842355000036, 0.280990960000045 ], [ 34.609755158000041, 0.280893664000083 ], [ 34.610365116000033, 0.279906121000061 ], [ 34.61086830000005, 0.278985919000043 ], [ 34.611528880000037, 0.278264326000049 ], [ 34.611788378000028, 0.277525593000061 ], [ 34.612515904000077, 0.277072282000065 ], [ 34.613218111000037, 0.276289421000062 ], [ 34.613611483000057, 0.275099057000031 ], [ 34.613370837000048, 0.274093004000071 ], [ 34.613660595000056, 0.273180435000023 ], [ 34.61382162600006, 0.272326029000055 ], [ 34.613861557000064, 0.271511875000048 ], [ 34.614047004000042, 0.270687880000019 ], [ 34.614254176000031, 0.269740417000041 ], [ 34.613999745000058, 0.268802519000073 ], [ 34.614332639000054, 0.267688938000056 ], [ 34.61530177800006, 0.267042954000032 ], [ 34.616188513000054, 0.266318252000078 ], [ 34.616620337000029, 0.265271485000021 ], [ 34.616503503000047, 0.264075612000053 ], [ 34.616296240000054, 0.262898446000057 ], [ 34.615421716000071, 0.261910236000067 ], [ 34.614455445000033, 0.261131330000068 ], [ 34.613810735000072, 0.260405908000058 ], [ 34.612753076000047, 0.259763032000024 ], [ 34.611737963000053, 0.259046963000061 ], [ 34.610957258000042, 0.258238947000045 ], [ 34.61002645700006, 0.257153545000055 ], [ 34.608647111000039, 0.257350044000014 ], [ 34.607414479000056, 0.257675978000074 ], [ 34.606196121000039, 0.25780517600003 ], [ 34.605414755000027, 0.258298014000052 ], [ 34.605075930000055, 0.257570711000024 ], [ 34.605444825000063, 0.256581085000045 ], [ 34.606231435000041, 0.255865676000042 ], [ 34.606630851000034, 0.254917773000045 ], [ 34.607371672000056, 0.254093060000052 ], [ 34.608126796000079, 0.253258419000027 ], [ 34.608467060000066, 0.252115771000035 ], [ 34.608395391000045, 0.251104424000069 ], [ 34.608216581000079, 0.249960062000068 ], [ 34.608101660000045, 0.248792484000029 ], [ 34.607994984000072, 0.247504578000082 ], [ 34.607928060000063, 0.246337994000051 ], [ 34.607874466000055, 0.245034478000033 ], [ 34.607480839000061, 0.244298074000024 ], [ 34.607306023000035, 0.243499439000061 ], [ 34.606994281000027, 0.242778903000043 ], [ 34.60708302200004, 0.241869602000066 ], [ 34.606822006000073, 0.241107198000059 ], [ 34.607040633000054, 0.240250277000032 ], [ 34.607565332000036, 0.239596097000052 ], [ 34.608451814000034, 0.23930676800007 ], [ 34.609204141000077, 0.238901767000081 ], [ 34.60957022000008, 0.238217869000047 ], [ 34.609759831000076, 0.237174059000037 ], [ 34.61019863000007, 0.236012046000043 ], [ 34.611039326000025, 0.235624580000042 ], [ 34.611915621000037, 0.235226589000043 ], [ 34.612770922000038, 0.234728538000072 ], [ 34.613850619000061, 0.23412064800004 ], [ 34.614711327000066, 0.23364291200005 ], [ 34.615267137000046, 0.232728846000049 ], [ 34.615693236000027, 0.231659058000047 ], [ 34.615914355000029, 0.23088718800006 ], [ 34.615854913000078, 0.22980274000002 ], [ 34.615462035000064, 0.228747640000056 ], [ 34.615536277000047, 0.22781327300004 ], [ 34.615590514000075, 0.227015458000036 ], [ 34.615285776000064, 0.225939463000037 ], [ 34.614178197000058, 0.225294496000065 ], [ 34.613979473000029, 0.224188434000043 ], [ 34.613470143000029, 0.223436691000081 ], [ 34.61273576800005, 0.22271554900005 ], [ 34.611774917000048, 0.222013369000023 ], [ 34.611445641000046, 0.220726483000026 ], [ 34.610495214000025, 0.219651206000035 ], [ 34.610056843000052, 0.218697865000032 ], [ 34.609257486000047, 0.21790304100005 ], [ 34.608520714000065, 0.217308476000027 ], [ 34.608398484000084, 0.216166655000055 ], [ 34.608388083000087, 0.214612228000016 ], [ 34.608401315000037, 0.213815285000073 ], [ 34.608495564000066, 0.212751806000031 ], [ 34.608161172000052, 0.211696006000061 ], [ 34.607230895000043, 0.211391172000044 ], [ 34.607058564000056, 0.210634095000038 ], [ 34.607305049000047, 0.209858076000038 ], [ 34.608002709000061, 0.209186392000048 ], [ 34.607359022000026, 0.208447378000069 ], [ 34.607524947000059, 0.207274660000049 ], [ 34.60779182400006, 0.206395061000018 ], [ 34.607950616000046, 0.20544767400002 ], [ 34.608055341000068, 0.204296934000066 ], [ 34.608147367000072, 0.203254302000069 ], [ 34.608122260000073, 0.201995955000036 ], [ 34.608161003000077, 0.200886694000071 ], [ 34.60824931500008, 0.199663382000047 ], [ 34.608321803000024, 0.198471367000018 ], [ 34.608453249000036, 0.19745762600007 ], [ 34.608501747000055, 0.196540187000044 ], [ 34.608486346000063, 0.195569520000054 ], [ 34.608490982000035, 0.194681106000079 ], [ 34.60851470700004, 0.193903848000046 ], [ 34.608445928000037, 0.193095471000053 ], [ 34.608408589000078, 0.192091284000064 ], [ 34.608520941000052, 0.190922351000035 ], [ 34.608715035000046, 0.190104274000019 ], [ 34.609058198000071, 0.189215632000076 ], [ 34.609462695000047, 0.188248328000046 ], [ 34.608352754000066, 0.188210418000046 ], [ 34.606993038000041, 0.188201909000047 ], [ 34.605661849000057, 0.187923022000067 ], [ 34.604490892000058, 0.187791492000023 ], [ 34.603512261000049, 0.186697227000026 ], [ 34.601917050000061, 0.186768283000045 ], [ 34.60087108700003, 0.186911445000029 ], [ 34.600053013000036, 0.187055021000053 ], [ 34.598968770000056, 0.186732067000033 ], [ 34.59781391000007, 0.186215102000062 ], [ 34.596944417000032, 0.186600186000016 ], [ 34.596065771000042, 0.186123455000031 ], [ 34.595713872000033, 0.18487730500004 ], [ 34.59527883800007, 0.184094679000057 ], [ 34.594557706000046, 0.183170611000031 ], [ 34.594023574000062, 0.182620273000047 ], [ 34.593130638000048, 0.182184904000057 ], [ 34.592410321000045, 0.18294281200002 ], [ 34.591773510000053, 0.183403442000035 ], [ 34.591516327000079, 0.184304072000024 ], [ 34.591127594000056, 0.185321991000032 ], [ 34.590170467000064, 0.186006963000062 ], [ 34.588261517000035, 0.185965977000015 ], [ 34.58628580900006, 0.185885469000028 ], [ 34.584954689000028, 0.185845235000041 ], [ 34.584108063000031, 0.186167732000056 ], [ 34.583868016000054, 0.186973864000045 ], [ 34.58342577600007, 0.187618775000036 ], [ 34.582701247000045, 0.188102484000069 ], [ 34.581953935000058, 0.188928798000068 ], [ 34.580918743000041, 0.190027585000058 ], [ 34.580273937000072, 0.189255164000023 ], [ 34.579621401000054, 0.188132143000079 ], [ 34.579034662000026, 0.187028964000034 ], [ 34.577843758000029, 0.187155568000043 ], [ 34.576897360000032, 0.187578826000054 ], [ 34.575648873000034, 0.187518441000071 ], [ 34.574722073000032, 0.187578946000038 ], [ 34.57386577300008, 0.18742866800006 ], [ 34.573043771000073, 0.187189129000039 ], [ 34.572294222000039, 0.18690068700005 ], [ 34.571333032000041, 0.186741300000044 ], [ 34.570372417000044, 0.186380678000032 ], [ 34.569481111000073, 0.186087921000021 ], [ 34.568373103000056, 0.186007380000035 ], [ 34.567585522000059, 0.18608802500006 ], [ 34.56674263900004, 0.186168688000065 ], [ 34.565914981000049, 0.186148579000081 ], [ 34.56541135100008, 0.185564168000046 ], [ 34.564968682000028, 0.184758088000023 ], [ 34.564356881000037, 0.183813985000031 ], [ 34.563580140000056, 0.184002307000078 ], [ 34.562588499000071, 0.184052863000027 ], [ 34.561703249000061, 0.182742977000024 ], [ 34.561096550000059, 0.181856275000034 ], [ 34.559695518000069, 0.180783209000034 ], [ 34.558642038000073, 0.181305804000041 ], [ 34.55759418100007, 0.181495579000057 ], [ 34.556285339000056, 0.181982552000022 ], [ 34.555194461000042, 0.18243782000008 ], [ 34.554308604000028, 0.182941788000043 ], [ 34.553774847000057, 0.181941491000033 ], [ 34.553279377000024, 0.181001627000051 ], [ 34.552786455000046, 0.18008396100003 ], [ 34.552489951000041, 0.179145594000029 ], [ 34.552347933000078, 0.178257138000045 ], [ 34.552240908000044, 0.177474211000052 ], [ 34.551866886000028, 0.176652794000064 ], [ 34.551422338000066, 0.175942619000061 ], [ 34.550998666000055, 0.17489445000006 ], [ 34.550410930000055, 0.173640473000034 ], [ 34.549594404000061, 0.172569273000018 ], [ 34.548316300000067, 0.171243033000055 ], [ 34.547572333000062, 0.170483685000029 ], [ 34.547053450000078, 0.169906144000037 ], [ 34.546406779000051, 0.169272991000078 ], [ 34.546051793000061, 0.168334549000063 ], [ 34.545226676000027, 0.167231578000043 ], [ 34.544266386000061, 0.166894352000042 ], [ 34.543188962000045, 0.167057687000064 ], [ 34.54212485100004, 0.167101974000045 ], [ 34.541271299000073, 0.166575787000049 ], [ 34.540394289000062, 0.16625995000004 ], [ 34.539464316000078, 0.166334160000026 ], [ 34.53859665300007, 0.166456094000072 ], [ 34.537690134000059, 0.166739842000028 ], [ 34.536571322000043, 0.167852307000028 ], [ 34.535697370000037, 0.168740760000042 ], [ 34.534798023000064, 0.169629401000058 ], [ 34.534410025000064, 0.170552866000043 ], [ 34.534338795000053, 0.171509072000049 ], [ 34.533844871000042, 0.172574365000062 ], [ 34.532734919000063, 0.173231292000034 ], [ 34.531567482000071, 0.173389986000072 ], [ 34.530481476000034, 0.173552553000038 ], [ 34.529658720000043, 0.173985417000034 ], [ 34.528405948000056, 0.174483226000058 ], [ 34.527245651000044, 0.174929256000041 ], [ 34.526200714000026, 0.175320696000025 ], [ 34.524983710000072, 0.17562686200006 ], [ 34.524330513000052, 0.174573402000021 ], [ 34.524145075000035, 0.173492930000058 ], [ 34.523581981000063, 0.172965050000075 ], [ 34.522702394000078, 0.172747149000035 ], [ 34.522485078000045, 0.171748597000027 ], [ 34.522454908000043, 0.170759955000043 ], [ 34.522388783000054, 0.169635828000029 ], [ 34.522036089000039, 0.168616078000069 ], [ 34.521606615000053, 0.16759867500002 ], [ 34.521341913000072, 0.166718071000056 ], [ 34.521102305000056, 0.165787650000019 ], [ 34.520130583000025, 0.165483835000039 ], [ 34.519290847000036, 0.165459641000043 ], [ 34.518340778000038, 0.165293557000033 ], [ 34.517366433000063, 0.164720312000046 ], [ 34.516131304000055, 0.164691436000057 ], [ 34.514286282000057, 0.164796038000027 ], [ 34.513398761000076, 0.165475086000069 ], [ 34.512790836000079, 0.16688703100004 ], [ 34.512287685000047, 0.167919016000037 ], [ 34.511435452000057, 0.168627370000021 ], [ 34.510346675000051, 0.169091815000057 ], [ 34.509372339000038, 0.169621911000041 ], [ 34.508680354000035, 0.170527267000076 ], [ 34.508192385000029, 0.171305949000037 ], [ 34.50775978300004, 0.172300408000077 ], [ 34.507292849000066, 0.173273821000074 ], [ 34.506411908000075, 0.173638163000016 ], [ 34.50552323200003, 0.17363821900005 ], [ 34.504687894000028, 0.173441099000063 ], [ 34.503787728000077, 0.173282664000061 ], [ 34.503013433000035, 0.173145883000071 ], [ 34.502193378000072, 0.173039517000058 ], [ 34.501180703000045, 0.172897325000072 ], [ 34.500232851000078, 0.172705169000047 ], [ 34.499317351000059, 0.172283342000064 ], [ 34.498827660000075, 0.171539711000039 ], [ 34.498414278000041, 0.170891092000039 ], [ 34.49766720100007, 0.170362208000036 ], [ 34.496807854000053, 0.169588825000061 ], [ 34.496361648000061, 0.168646289000029 ], [ 34.495807131000049, 0.167946999000033 ], [ 34.495823426000072, 0.167162793000054 ], [ 34.495614015000058, 0.166236716000065 ], [ 34.495196111000041, 0.165347395000022 ], [ 34.495337004000078, 0.16457965800003 ], [ 34.494875267000054, 0.163781548000031 ], [ 34.494935971000075, 0.162698357000068 ], [ 34.494890888000043, 0.161794879000068 ], [ 34.494762252000044, 0.160804882000041 ], [ 34.494664276000037, 0.159669256000028 ], [ 34.494755343000065, 0.158080578000067 ], [ 34.49483123300007, 0.156757959000064 ], [ 34.494784414000037, 0.155357516000041 ], [ 34.49369693500006, 0.154194432000057 ], [ 34.493098604000068, 0.153229399000059 ], [ 34.492400418000045, 0.152508975000046 ], [ 34.491818622000039, 0.151998990000038 ], [ 34.490256756000065, 0.151974318000047 ], [ 34.489129276000028, 0.151825834000027 ], [ 34.488097252000046, 0.151606370000018 ], [ 34.48713293600008, 0.15162391700005 ], [ 34.486226195000029, 0.15180370900004 ], [ 34.485176386000035, 0.151840905000035 ], [ 34.48429722000003, 0.151758895000058 ], [ 34.483517272000029, 0.151850064000035 ], [ 34.482701064000025, 0.151855898000066 ], [ 34.481911998000044, 0.151538057000039 ], [ 34.481027171000051, 0.152022483000048 ], [ 34.480391291000046, 0.152595523000064 ], [ 34.47958335900006, 0.153463516000051 ], [ 34.478737079000041, 0.154235080000043 ], [ 34.477793297000062, 0.155030796000057 ], [ 34.476584524000032, 0.155574096000069 ], [ 34.475556812000036, 0.156283106000051 ], [ 34.474310666000065, 0.156577763000025 ], [ 34.472959313000047, 0.15677054300005 ], [ 34.472040154000069, 0.157008817000078 ], [ 34.471035133000044, 0.157159843000042 ], [ 34.469841717000065, 0.157277435000021 ], [ 34.46844186900006, 0.157434702000052 ], [ 34.467253927000058, 0.157696378000029 ], [ 34.465973750000046, 0.156880793000023 ], [ 34.465191855000057, 0.156257095000053 ], [ 34.464352594000047, 0.156114614000039 ], [ 34.463466353000058, 0.155895908000054 ], [ 34.462985264000054, 0.155263481000017 ], [ 34.46237082500005, 0.154725227000027 ], [ 34.461396023000077, 0.154797859000039 ], [ 34.460639053000079, 0.154512573000034 ], [ 34.459473630000048, 0.154322449000062 ], [ 34.458270439000046, 0.154256478000035 ], [ 34.457310504000077, 0.154247613000054 ], [ 34.456238369000062, 0.154140449000071 ], [ 34.45502921800005, 0.153880601000029 ], [ 34.454132379000043, 0.153787939000047 ], [ 34.453136946000029, 0.153707505000059 ], [ 34.452349576000074, 0.153291567000048 ], [ 34.451594787000033, 0.152875802000042 ], [ 34.450940767000077, 0.152479783000049 ], [ 34.450133471000072, 0.152059247000073 ], [ 34.448746417000052, 0.151110828000066 ], [ 34.447714216000065, 0.150691392000052 ], [ 34.446602367000025, 0.150525893000061 ], [ 34.445774216000075, 0.150366633000041 ], [ 34.444543661000068, 0.149256736000048 ], [ 34.443372426000053, 0.14810970600007 ], [ 34.442267511000068, 0.148036052000057 ], [ 34.441286128000058, 0.148047651000076 ], [ 34.439968152000063, 0.14714012800005 ], [ 34.438839621000056, 0.146831068000047 ], [ 34.437982845000079, 0.146420270000029 ], [ 34.436829507000027, 0.146346432000024 ], [ 34.435864038000034, 0.146270083000046 ], [ 34.435012133000043, 0.146390780000039 ], [ 34.434184932000051, 0.145856645000043 ], [ 34.433016405000046, 0.146005823000047 ], [ 34.432444790000034, 0.146897047000045 ], [ 34.431751546000044, 0.147342186000063 ], [ 34.430978756000059, 0.147444462000068 ], [ 34.430089296000062, 0.14808149200008 ], [ 34.428705197000056, 0.148683614000057 ], [ 34.427238696000074, 0.149769935000058 ], [ 34.426630271000079, 0.150299411000041 ], [ 34.425734538000029, 0.150969975000069 ], [ 34.424789813000075, 0.152108308000037 ], [ 34.42570052800005, 0.152605595000068 ], [ 34.426859975000077, 0.152992996000015 ], [ 34.427931886000067, 0.153142320000033 ], [ 34.429234957000062, 0.153641664000014 ], [ 34.430221545000052, 0.154196166000016 ], [ 34.431207547000042, 0.154291919000061 ], [ 34.43188456300004, 0.154830449000023 ], [ 34.432734778000054, 0.155508410000042 ], [ 34.433576007000056, 0.156190067000068 ], [ 34.43419152000007, 0.156661878000021 ], [ 34.434910538000054, 0.15719430100006 ], [ 34.435655915000041, 0.158064062000046 ], [ 34.436554169000033, 0.159158838000046 ], [ 34.437239907000048, 0.15996218400005 ], [ 34.437761722000062, 0.160609787000061 ], [ 34.438338185000084, 0.161300513000072 ], [ 34.438922055000035, 0.162197963000046 ], [ 34.439355755000065, 0.163063619000065 ], [ 34.439891514000067, 0.163858609000049 ], [ 34.440571335000072, 0.164549337000047 ], [ 34.440922992000026, 0.165399389000079 ], [ 34.441210364000028, 0.166369181000057 ], [ 34.441116287000057, 0.167575047000069 ], [ 34.440068030000077, 0.168486295000034 ], [ 34.439306259000034, 0.169611981000065 ], [ 34.438466298000037, 0.170541381000024 ], [ 34.438084247000063, 0.171334702000031 ], [ 34.437697336000042, 0.172558339000035 ], [ 34.43678030500007, 0.172818650000072 ], [ 34.435926980000033, 0.173095889000031 ], [ 34.435183739000024, 0.173616041000062 ], [ 34.434506461000069, 0.174238463000054 ], [ 34.429553825000028, 0.178274697000056 ], [ 34.429754568000078, 0.179362621000052 ], [ 34.429596615000037, 0.180258846000078 ], [ 34.429433570000072, 0.181652017000035 ], [ 34.429159784000035, 0.182770491000045 ], [ 34.428460534000067, 0.18310085000007 ], [ 34.427663386000063, 0.18351781800004 ], [ 34.42706688800007, 0.184052892000076 ], [ 34.42641151600003, 0.184706666000066 ], [ 34.426008931000069, 0.185875395000034 ], [ 34.426815146000024, 0.187107869000047 ], [ 34.426756639000075, 0.188096377000023 ], [ 34.427824944000065, 0.188834772000059 ], [ 34.429076328000065, 0.189243735000042 ], [ 34.429387963000067, 0.190038101000034 ], [ 34.429934520000074, 0.190689365000033 ], [ 34.430566905000035, 0.191378596000044 ], [ 34.430667223000057, 0.19312551900004 ], [ 34.430916808000063, 0.194473171000035 ], [ 34.431445368000027, 0.195530214000036 ], [ 34.431811781000079, 0.196418007000036 ], [ 34.432428120000054, 0.197659238000036 ], [ 34.433194361000062, 0.198503373000052 ], [ 34.434332884000071, 0.199021699000072 ], [ 34.434739207000064, 0.200087899000032 ], [ 34.435106526000027, 0.20081525900003 ], [ 34.435440463000077, 0.201513288000053 ], [ 34.436216760000036, 0.201971272000039 ], [ 34.437373466000054, 0.202283162000069 ], [ 34.438316874000066, 0.202754168000065 ], [ 34.439515789000041, 0.202947721000035 ], [ 34.440489452000065, 0.203008405000049 ], [ 34.441351928000074, 0.202893235000038 ], [ 34.442231316000061, 0.202728521000035 ], [ 34.44310116500003, 0.202953683000028 ], [ 34.444313070000078, 0.203078340000039 ], [ 34.44565881300008, 0.203159238000068 ], [ 34.446626731000038, 0.203623550000028 ], [ 34.447542800000065, 0.204199573000042 ], [ 34.448129035000079, 0.205003843000042 ], [ 34.448906057000045, 0.205451270000026 ], [ 34.450163596000039, 0.205768437000077 ], [ 34.450714423000079, 0.206585376000013 ], [ 34.451485408000053, 0.207352054000074 ], [ 34.452558254000053, 0.206757612000044 ], [ 34.453282087000048, 0.206068488000023 ], [ 34.45431760200006, 0.206057240000061 ], [ 34.455196787000034, 0.206206914000067 ], [ 34.456022565000069, 0.206320953000043 ], [ 34.457211629000028, 0.206422541000054 ], [ 34.458729351000045, 0.206568232000059 ], [ 34.459663824000074, 0.206662535000014 ], [ 34.460568995000074, 0.206549260000034 ], [ 34.461417008000069, 0.206617894000026 ], [ 34.462071946000037, 0.207261872000058 ], [ 34.463238172000047, 0.207518540000017 ], [ 34.464494770000044, 0.207704928000048 ], [ 34.465638285000068, 0.20790539800003 ], [ 34.466165746000065, 0.20846920900004 ], [ 34.466810818000056, 0.209070804000022 ], [ 34.466774183000041, 0.209863558000045 ], [ 34.466822433000061, 0.210727795000031 ], [ 34.467423386000064, 0.211533650000034 ], [ 34.468282707000071, 0.212219163000045 ], [ 34.469245387000058, 0.212898866000042 ], [ 34.470456934000033, 0.212933762000031 ], [ 34.47140574000008, 0.213130627000063 ], [ 34.472240574000068, 0.213772373000036 ], [ 34.472962470000027, 0.214489972000027 ], [ 34.47391516600004, 0.215155056000073 ], [ 34.47437111000005, 0.216135798000045 ], [ 34.475166567000038, 0.216897840000058 ], [ 34.476076333000037, 0.217276120000069 ], [ 34.476833997000028, 0.217921943000021 ], [ 34.47779582000004, 0.218285787000076 ], [ 34.478737102000025, 0.218834096000031 ], [ 34.479679302000079, 0.219262158000049 ], [ 34.480610349000074, 0.219378591000069 ], [ 34.481743866000045, 0.219302952000025 ], [ 34.482653605000053, 0.21916141100007 ], [ 34.483621865000032, 0.219149255000044 ], [ 34.483833200000049, 0.220559064000048 ], [ 34.483644760000061, 0.221761630000062 ], [ 34.483561102000067, 0.222612875000046 ], [ 34.48351561700008, 0.223569963000053 ], [ 34.483672291000062, 0.22457208600003 ], [ 34.484002479000026, 0.225491765000065 ], [ 34.48465884500007, 0.226665920000066 ], [ 34.485187440000061, 0.227840085000019 ], [ 34.484966475000078, 0.228686103000029 ], [ 34.484078120000049, 0.22977410000005 ], [ 34.48288094000003, 0.231246108000046 ], [ 34.48200788500003, 0.232476578000054 ], [ 34.481310258000065, 0.233647639000029 ], [ 34.480704122000077, 0.234661055000062 ], [ 34.480212403000053, 0.235657030000021 ], [ 34.479150729000025, 0.23748737100005 ], [ 34.478735277000055, 0.238438843000042 ], [ 34.478329518000066, 0.239919544000039 ], [ 34.477948481000055, 0.24116940200002 ], [ 34.476339541000073, 0.243173746000022 ], [ 34.475728545000038, 0.243874531000071 ], [ 34.474848757000075, 0.244913846000031 ], [ 34.473973754000042, 0.246007863000043 ], [ 34.473274189000051, 0.247072694000054 ], [ 34.472778567000034, 0.247772862000034 ], [ 34.472130460000074, 0.248728299000043 ], [ 34.47119824400005, 0.249815025000031 ], [ 34.469720682000059, 0.251123542000077 ], [ 34.468687451000051, 0.252407233000038 ], [ 34.467734347000032, 0.253797255000058 ], [ 34.466859305000071, 0.254759574000043 ], [ 34.465709745000026, 0.256043658000069 ], [ 34.46464149600007, 0.257138034000037 ], [ 34.464032412000051, 0.258931829000063 ], [ 34.463777195000034, 0.260028787000071 ], [ 34.460561084000062, 0.263577432000028 ], [ 34.45997587200003, 0.264410704000059 ], [ 34.459457353000062, 0.265063799000081 ], [ 34.458309687000053, 0.266302435000049 ], [ 34.457381185000031, 0.267052576000032 ], [ 34.456662523000034, 0.268026748000073 ], [ 34.456218491000072, 0.269062388000062 ], [ 34.45595555400007, 0.26985005900002 ], [ 34.457239618000074, 0.271986888000077 ], [ 34.458289020000052, 0.273795528000053 ], [ 34.459414674000072, 0.275502031000038 ], [ 34.460376310000079, 0.277164821000048 ], [ 34.461105331000056, 0.278973480000043 ], [ 34.461513954000054, 0.280723801000014 ], [ 34.461735429000043, 0.281598976000046 ], [ 34.462086614000043, 0.282583505000046 ], [ 34.463265558000046, 0.283932088000036 ], [ 34.464944285000058, 0.285755863000019 ], [ 34.465623434000065, 0.286587248000054 ], [ 34.46618443400007, 0.28771034800007 ], [ 34.467306438000037, 0.289971151000031 ], [ 34.46786368000005, 0.29128390100004 ], [ 34.468111917000044, 0.292377827000049 ], [ 34.468898357000057, 0.294886637000052 ], [ 34.469543386000055, 0.296418164000047 ], [ 34.470535548000043, 0.298124674000061 ], [ 34.471497278000072, 0.300108350000071 ], [ 34.472153534000029, 0.300910574000058 ], [ 34.472985259000041, 0.30178568500002 ], [ 34.473977244000025, 0.302894203000047 ], [ 34.475552914000048, 0.304454826000034 ], [ 34.477082406000079, 0.306084602000059 ], [ 34.478368550000027, 0.307357338000026 ], [ 34.479169726000066, 0.308108487000029 ], [ 34.480137725000077, 0.308720403000056 ], [ 34.481197448000046, 0.308669891000022 ], [ 34.482068392000031, 0.308035683000079 ], [ 34.482513165000057, 0.307356682000037 ] ] ] } },
{ "type": "Feature", "properties": { "Shape_Leng": 0.6536979577000001, "Shape_Area": 0.01168537609, "ADM2_EN": "Ikolomani", "ADM2_PCODE": "KE037210", "ADM2_REF": null, "ADM2ALT1EN": null, "ADM2ALT2EN": null, "ADM1_EN": "Kakamega", "ADM1_PCODE": "KE037", "ADM0_EN": "Kenya", "ADM0_PCODE": "KE", "date": "2017-11-03T00:00:00", "validOn": "2019-10-31T00:00:00", "ValidTo": null }, "geometry": { "type": "Polygon", "coordinates": [ [ [ 34.712438157000065, 0.245717327000027 ], [ 34.712728227000071, 0.244606327000049 ], [ 34.713009723000027, 0.243166605000048 ], [ 34.713241968000034, 0.241770543000029 ], [ 34.713424736000036, 0.240731938000065 ], [ 34.713588510000079, 0.23995298200003 ], [ 34.713878083000054, 0.238953494000042 ], [ 34.714449515000069, 0.236664054000077 ], [ 34.714906877000033, 0.235563615000047 ], [ 34.715512980000028, 0.234438432000041 ], [ 34.715924603000076, 0.23343916800008 ], [ 34.715876560000027, 0.232202871000025 ], [ 34.716555129000028, 0.231073005000041 ], [ 34.717157267000061, 0.229437018000061 ], [ 34.717397256000027, 0.228435499000048 ], [ 34.71753807500005, 0.227415447000054 ], [ 34.717675044000032, 0.226274841000019 ], [ 34.71767281800004, 0.225202244000058 ], [ 34.717372538000063, 0.224390340000066 ], [ 34.716730359000053, 0.223897055000072 ], [ 34.715996887000074, 0.223158871000071 ], [ 34.715463532000058, 0.222009924000024 ], [ 34.715067911000062, 0.22069926900002 ], [ 34.714441631000057, 0.219694605000035 ], [ 34.713964668000074, 0.219003026000045 ], [ 34.714806630000055, 0.218106766000054 ], [ 34.71584944500006, 0.217911721000071 ], [ 34.716729951000048, 0.217688079000033 ], [ 34.717755479000061, 0.21776114900007 ], [ 34.71877663600003, 0.217565743000016 ], [ 34.719661424000037, 0.217314059000045 ], [ 34.720427937000068, 0.216932077000025 ], [ 34.721161107000057, 0.216650066000065 ], [ 34.722053565000067, 0.216538175000039 ], [ 34.723064844000078, 0.216106562000054 ], [ 34.724057855000069, 0.215897054000039 ], [ 34.725196167000036, 0.215912512000052 ], [ 34.726180690000035, 0.215652577000077 ], [ 34.727002849000037, 0.215138078000056 ], [ 34.727774473000068, 0.214839452000027 ], [ 34.728477633000068, 0.214107183000066 ], [ 34.729331986000034, 0.213474599000046 ], [ 34.729689483000072, 0.212587832000053 ], [ 34.729904290000036, 0.211554244000065 ], [ 34.730170960000073, 0.21049335600003 ], [ 34.731290198000067, 0.209852360000072 ], [ 34.732403837000049, 0.209625088000046 ], [ 34.733126500000026, 0.209283247000035 ], [ 34.733828087000063, 0.208605822000038 ], [ 34.734697493000056, 0.207928388000021 ], [ 34.735589750000031, 0.207142560000029 ], [ 34.736619291000075, 0.206275452000059 ], [ 34.737946300000033, 0.205313489000049 ], [ 34.738339816000071, 0.204344796000052 ], [ 34.737648302000025, 0.203620032000054 ], [ 34.736740483000062, 0.203376221000037 ], [ 34.736143369000047, 0.202658216000036 ], [ 34.736495929000057, 0.201845335000028 ], [ 34.737388409000062, 0.201808353000053 ], [ 34.738513588000046, 0.201911929000067 ], [ 34.74014031400003, 0.202007701000062 ], [ 34.741557166000064, 0.201763705000071 ], [ 34.742010746000062, 0.200771716000021 ], [ 34.742521611000036, 0.200031410000068 ], [ 34.743396680000046, 0.199158142000043 ], [ 34.744227894000062, 0.19831129600004 ], [ 34.74464405100008, 0.197597960000052 ], [ 34.745697815000028, 0.196959095000072 ], [ 34.747229207000032, 0.197114470000029 ], [ 34.748421154000027, 0.197292072000042 ], [ 34.749525342000027, 0.197346752000051 ], [ 34.750297677000049, 0.19730607300005 ], [ 34.751213918000076, 0.197010611000055 ], [ 34.752467492000051, 0.196003768000024 ], [ 34.753678229000059, 0.19523381500005 ], [ 34.754792512000051, 0.195031415000078 ], [ 34.755454962000044, 0.19442758800005 ], [ 34.755989119000049, 0.193775783000027 ], [ 34.756749768000084, 0.192905095000071 ], [ 34.757724077000034, 0.192287302000064 ], [ 34.75842755900004, 0.191567233000063 ], [ 34.759111960000041, 0.190814883000037 ], [ 34.759119252000062, 0.18967840900007 ], [ 34.759743944000036, 0.18907440100003 ], [ 34.760928843000045, 0.189064466000046 ], [ 34.761733518000028, 0.188755971000029 ], [ 34.76273253800008, 0.187860188000056 ], [ 34.763598080000065, 0.187016230000044 ], [ 34.764051754000036, 0.186343439000047 ], [ 34.764689816000043, 0.185810740000026 ], [ 34.765475004000052, 0.185163247000056 ], [ 34.766047800000024, 0.184262346000023 ], [ 34.766562505000024, 0.183608811000054 ], [ 34.767346090000046, 0.182917389000073 ], [ 34.768200412000056, 0.182824886000047 ], [ 34.769214892000036, 0.18261868900004 ], [ 34.769916400000064, 0.181677759000026 ], [ 34.770109672000046, 0.180690220000031 ], [ 34.770198018000031, 0.179573142000031 ], [ 34.770586791000028, 0.178687755000051 ], [ 34.771621439000057, 0.177900049000067 ], [ 34.772749056000066, 0.177650268000044 ], [ 34.773773057000028, 0.177395978000045 ], [ 34.774963949000039, 0.177232664000035 ], [ 34.776027765000038, 0.17726711700004 ], [ 34.776883353000073, 0.17715652200007 ], [ 34.777586006000035, 0.17685741500003 ], [ 34.778361872000062, 0.176931400000055 ], [ 34.779137467000055, 0.177166347000031 ], [ 34.780018440000049, 0.176911632000038 ], [ 34.78088568700008, 0.177531473000049 ], [ 34.782035079000032, 0.177828504000053 ], [ 34.782449515000053, 0.178814524000082 ], [ 34.78255944700004, 0.179753181000026 ], [ 34.783618913000055, 0.180125401000052 ], [ 34.785059901000068, 0.180889125000017 ], [ 34.786174741000025, 0.181500037000033 ], [ 34.786951799000065, 0.181307521000066 ], [ 34.787943315000064, 0.180831715000072 ], [ 34.78858067200008, 0.180065742000073 ], [ 34.789255001000072, 0.179645534000038 ], [ 34.790263765000077, 0.17945627600005 ], [ 34.791237589000048, 0.179343943000051 ], [ 34.792337744000065, 0.179737842000062 ], [ 34.793132112000023, 0.180037855000019 ], [ 34.794314167000039, 0.179873154000071 ], [ 34.794941688000051, 0.180985796000072 ], [ 34.796222700000044, 0.180865639000053 ], [ 34.797208695000052, 0.181067107000041 ], [ 34.79789439700005, 0.181484580000075 ], [ 34.798681998000063, 0.181474858000052 ], [ 34.799639272000036, 0.181289056000031 ], [ 34.800877064000076, 0.18172525700004 ], [ 34.801708814000051, 0.182686575000044 ], [ 34.802641325000025, 0.182595717000031 ], [ 34.803406875000064, 0.182177176000032 ], [ 34.804145314000039, 0.182516672000021 ], [ 34.804565708000041, 0.183231260000066 ], [ 34.805189565000042, 0.184100801000055 ], [ 34.806439103000059, 0.183952387000034 ], [ 34.80709119100004, 0.183021870000064 ], [ 34.807909529000028, 0.182696601000024 ], [ 34.80902999500006, 0.182986233000061 ], [ 34.810092277000024, 0.183207270000021 ], [ 34.81080137400005, 0.183618340000062 ], [ 34.811502334000068, 0.183200763000055 ], [ 34.812587206000046, 0.182857748000053 ], [ 34.813099277000049, 0.181897059000048 ], [ 34.813504328000079, 0.181244416000019 ], [ 34.813820300000032, 0.180306088000072 ], [ 34.814655607000077, 0.179325375000068 ], [ 34.815112753000051, 0.178142585000042 ], [ 34.815468705000058, 0.177189492000024 ], [ 34.815503941000031, 0.175108830000051 ], [ 34.815684881000038, 0.174339146000019 ], [ 34.815548683000031, 0.173251326000076 ], [ 34.815148349000033, 0.17212260900004 ], [ 34.81497895900003, 0.171106998000025 ], [ 34.815035195000064, 0.169962310000067 ], [ 34.815276277000066, 0.168783957000072 ], [ 34.815356681000026, 0.167252724000032 ], [ 34.815401904000055, 0.165407821000026 ], [ 34.815558044000056, 0.164607884000026 ], [ 34.816061045000026, 0.163069850000051 ], [ 34.816469748000031, 0.161869608000075 ], [ 34.816565050000065, 0.160630853000046 ], [ 34.817335978000074, 0.159734303000053 ], [ 34.817247071000054, 0.158818961000062 ], [ 34.817271308000045, 0.157696330000026 ], [ 34.817050727000037, 0.156072355000046 ], [ 34.816966613000034, 0.155036541000079 ], [ 34.816434789000027, 0.154266405000046 ], [ 34.815286296000068, 0.153864683000049 ], [ 34.814502428000026, 0.153699517000064 ], [ 34.813702578000061, 0.153610346000055 ], [ 34.812871711000071, 0.153263525000055 ], [ 34.811698697000054, 0.153003882000065 ], [ 34.810241738000059, 0.153521931000061 ], [ 34.809047919000079, 0.154091265000038 ], [ 34.808226029000025, 0.154844808000069 ], [ 34.807615838000061, 0.155523786000053 ], [ 34.807095551000032, 0.156460642000075 ], [ 34.806762954000078, 0.157544525000044 ], [ 34.806837921000067, 0.158834468000065 ], [ 34.806722580000041, 0.159643978000022 ], [ 34.806281971000033, 0.160425376000032 ], [ 34.805847736000032, 0.16122771300007 ], [ 34.804991596000036, 0.16186405700006 ], [ 34.804350947000046, 0.162312455000057 ], [ 34.803785890000029, 0.162851565000047 ], [ 34.802671563000047, 0.162583065000029 ], [ 34.801538986000025, 0.16242805100007 ], [ 34.800635150000062, 0.162429362000062 ], [ 34.799856064000039, 0.162403190000027 ], [ 34.799126693000062, 0.162743766000068 ], [ 34.798078353000051, 0.163305199000032 ], [ 34.796655451000049, 0.16334784200006 ], [ 34.795811258000072, 0.162891981000038 ], [ 34.795487294000054, 0.161901466000072 ], [ 34.794999319000055, 0.160747037000019 ], [ 34.794363545000067, 0.159882375000053 ], [ 34.793688574000043, 0.159144474000079 ], [ 34.792655462000027, 0.158919522000073 ], [ 34.791735852000045, 0.158405210000069 ], [ 34.79102384600003, 0.158020772000037 ], [ 34.790221649000046, 0.157592539000056 ], [ 34.789136549000034, 0.157901995000039 ], [ 34.788306472000045, 0.158358322000026 ], [ 34.787734113000056, 0.159162500000042 ], [ 34.78818300700005, 0.15991962100003 ], [ 34.786856417000031, 0.160006556000035 ], [ 34.78588936400007, 0.159881882000028 ], [ 34.785034478000064, 0.15983590100007 ], [ 34.784277939000049, 0.15917733500004 ], [ 34.783417333000045, 0.158599611000064 ], [ 34.782543109000073, 0.157940286000043 ], [ 34.781510277000052, 0.157123043000068 ], [ 34.781332188000079, 0.156103738000074 ], [ 34.781434038000043, 0.155181751000042 ], [ 34.781026404000045, 0.154074996000024 ], [ 34.780444892000048, 0.153155054000022 ], [ 34.779813507000028, 0.152375938000027 ], [ 34.77905099000003, 0.151643672000039 ], [ 34.778330262000054, 0.150987278000062 ], [ 34.777571656000077, 0.150188122000035 ], [ 34.776912056000072, 0.149593472000054 ], [ 34.776011019000066, 0.149331192000036 ], [ 34.774823115000061, 0.149589780000035 ], [ 34.774049792000028, 0.150570646000063 ], [ 34.773309108000035, 0.15130843600003 ], [ 34.77214041700006, 0.151840208000068 ], [ 34.77111345600008, 0.15265302400008 ], [ 34.77030338700007, 0.153211312000051 ], [ 34.769497026000067, 0.153054349000055 ], [ 34.768823161000057, 0.152309749000047 ], [ 34.76816283200003, 0.151635438000034 ], [ 34.76739568600005, 0.151129295000032 ], [ 34.766612176000024, 0.151007419000059 ], [ 34.765838355000028, 0.15072266500004 ], [ 34.765827223000031, 0.14993324200003 ], [ 34.766004538000061, 0.149156735000028 ], [ 34.766199605000054, 0.148242565000036 ], [ 34.766480685000033, 0.14753217100002 ], [ 34.766767729000037, 0.14673451700003 ], [ 34.766316485000061, 0.145667275000044 ], [ 34.765725908000036, 0.144710911000053 ], [ 34.765109367000036, 0.143932866000061 ], [ 34.764513808000061, 0.143137984000029 ], [ 34.763984518000029, 0.142555962000069 ], [ 34.763543270000071, 0.141758968000034 ], [ 34.763124761000029, 0.140972036000045 ], [ 34.762563904000046, 0.14024261400005 ], [ 34.761611462000076, 0.13952258600005 ], [ 34.760399932000041, 0.139105763000024 ], [ 34.75946992400003, 0.139026442000038 ], [ 34.758260384000039, 0.13920714000005 ], [ 34.757063638000034, 0.139534945000044 ], [ 34.756424172000038, 0.140036987000034 ], [ 34.756002955000042, 0.140728573000039 ], [ 34.75510175200003, 0.141066501000067 ], [ 34.754147866000039, 0.140367369000054 ], [ 34.753414961000033, 0.140040432000031 ], [ 34.752622492000064, 0.13972603400004 ], [ 34.751453139000041, 0.139464795000046 ], [ 34.750263458000063, 0.139940670000048 ], [ 34.749250649000032, 0.13973592300004 ], [ 34.747912608000036, 0.139678407000027 ], [ 34.746793471000046, 0.139673603000065 ], [ 34.745625440000026, 0.139680335000043 ], [ 34.744166281000048, 0.140125594000033 ], [ 34.742903394000052, 0.140623246000075 ], [ 34.742112983000027, 0.141379152000063 ], [ 34.741378939000072, 0.14215787000007 ], [ 34.74010846300007, 0.142867576000069 ], [ 34.739000480000072, 0.142472628000066 ], [ 34.738088782000034, 0.14296257900002 ], [ 34.737146056000029, 0.143725459000048 ], [ 34.736801869000033, 0.144839079000067 ], [ 34.737374699000043, 0.145740373000024 ], [ 34.738144777000059, 0.146168669000079 ], [ 34.737992714000029, 0.147088197000079 ], [ 34.737592770000049, 0.147816436000031 ], [ 34.738066081000056, 0.14872146700003 ], [ 34.737566590000029, 0.149831406000028 ], [ 34.736506761000044, 0.14931577700002 ], [ 34.735512646000075, 0.149031596000051 ], [ 34.734755365000069, 0.148646554000032 ], [ 34.734082695000041, 0.148129444000062 ], [ 34.733396360000029, 0.147299332000044 ], [ 34.73218251000003, 0.14677671400006 ], [ 34.731079395000052, 0.146849389000064 ], [ 34.730144227000039, 0.146236729000068 ], [ 34.729263674000038, 0.145303224000027 ], [ 34.728253173000041, 0.144980342000057 ], [ 34.727454239000053, 0.144804155000038 ], [ 34.726465484000073, 0.145123825000041 ], [ 34.725351520000061, 0.14498853000003 ], [ 34.724688209000078, 0.143844070000056 ], [ 34.724391212000057, 0.142482316000041 ], [ 34.723735543000032, 0.14208290200003 ], [ 34.722687001000054, 0.141541369000035 ], [ 34.721695319000048, 0.141858626000046 ], [ 34.720772693000072, 0.142222955000022 ], [ 34.72001866800008, 0.142621348000031 ], [ 34.718918360000032, 0.143198650000039 ], [ 34.717882281000072, 0.143670081000045 ], [ 34.717033436000065, 0.14342598900003 ], [ 34.716009770000028, 0.142817453000018 ], [ 34.714933892000033, 0.142137757000059 ], [ 34.714161826000066, 0.141836259000066 ], [ 34.713217169000075, 0.141631830000043 ], [ 34.712583248000044, 0.140961331000029 ], [ 34.711273795000068, 0.140368141000059 ], [ 34.710145440000076, 0.139678799000019 ], [ 34.709261737000077, 0.139373548000045 ], [ 34.708152135000034, 0.139733964000069 ], [ 34.706780058000049, 0.139937933000056 ], [ 34.705791114000078, 0.140206111000062 ], [ 34.704796896000062, 0.140329933000031 ], [ 34.703561842000056, 0.139600652000065 ], [ 34.704119442000035, 0.138384187000051 ], [ 34.704506862000073, 0.137256439000057 ], [ 34.70472009100007, 0.136154362000064 ], [ 34.70479257900007, 0.135094367000028 ], [ 34.70481527000004, 0.134242331000046 ], [ 34.704818881000051, 0.133313867000025 ], [ 34.704427735000024, 0.132531174000068 ], [ 34.703774754000051, 0.132010424000044 ], [ 34.702535165000029, 0.132110426000049 ], [ 34.701833466000039, 0.132756896000041 ], [ 34.701086875000044, 0.133164836000048 ], [ 34.70008639200006, 0.133389868000052 ], [ 34.699300661000052, 0.133386164000064 ], [ 34.698395531000074, 0.133257563000032 ], [ 34.697363357000029, 0.133211299000036 ], [ 34.696291518000066, 0.133397547000069 ], [ 34.695356992000029, 0.134423903000021 ], [ 34.694288887000027, 0.133856485000031 ], [ 34.693568533000075, 0.13321026400007 ], [ 34.692960754000069, 0.132466730000029 ], [ 34.692404990000057, 0.131741899000071 ], [ 34.691821793000031, 0.130878519000018 ], [ 34.691059005000056, 0.129656105000033 ], [ 34.690197496000053, 0.128684681000033 ], [ 34.689392301000055, 0.128061827000061 ], [ 34.688936905000048, 0.126981419000058 ], [ 34.688273283000058, 0.126114897000041 ], [ 34.687366851000036, 0.125358546000027 ], [ 34.686442455000076, 0.125055363000058 ], [ 34.685714660000031, 0.124795713000025 ], [ 34.684607512000071, 0.124541527000023 ], [ 34.683487792000051, 0.124489940000041 ], [ 34.682407443000045, 0.124686761000028 ], [ 34.68143148200005, 0.124734166000054 ], [ 34.680869647000065, 0.125398221000064 ], [ 34.680312260000051, 0.126136836000065 ], [ 34.679880680000053, 0.126866554000067 ], [ 34.679448544000024, 0.127655945000074 ], [ 34.678861933000064, 0.128758745000032 ], [ 34.678306335000059, 0.129778532000047 ], [ 34.678136252000058, 0.130532383000052 ], [ 34.678899872000045, 0.131298295000023 ], [ 34.679814218000047, 0.131690545000026 ], [ 34.680707185000074, 0.13219447300002 ], [ 34.680848444000056, 0.133121390000041 ], [ 34.680771466000067, 0.133990292000029 ], [ 34.680731346000073, 0.135033914000067 ], [ 34.680757333000031, 0.136176543000031 ], [ 34.680754371000035, 0.137442516000014 ], [ 34.680817774000047, 0.13839022400004 ], [ 34.681186209000032, 0.139236519000061 ], [ 34.681075510000028, 0.140001909000027 ], [ 34.680798260000081, 0.140756586000073 ], [ 34.680760012000064, 0.141680321000026 ], [ 34.680151697000042, 0.142635474000028 ], [ 34.679752123000071, 0.143535431000031 ], [ 34.680127704000029, 0.144475104000029 ], [ 34.68090879600004, 0.145342322000029 ], [ 34.680885703000058, 0.146250396000028 ], [ 34.680534132000048, 0.14718565300006 ], [ 34.681240216000049, 0.148172272000064 ], [ 34.681531113000062, 0.149066023000045 ], [ 34.681938674000037, 0.149807191000038 ], [ 34.682430047000025, 0.150434141000063 ], [ 34.681802522000055, 0.151131655000021 ], [ 34.681029312000078, 0.15143883000007 ], [ 34.680314360000068, 0.152061903000065 ], [ 34.679622246000065, 0.152527020000029 ], [ 34.679124754000043, 0.15335044500005 ], [ 34.678297582000027, 0.154323653000067 ], [ 34.677591709000069, 0.155125543000048 ], [ 34.677107330000069, 0.156008547000062 ], [ 34.676895547000072, 0.156949836000025 ], [ 34.677556129000038, 0.157871187000066 ], [ 34.677852456000039, 0.158748684000043 ], [ 34.677510421000079, 0.159687638000038 ], [ 34.677241819000074, 0.160664616000017 ], [ 34.677038865000043, 0.161799466000048 ], [ 34.676645473000065, 0.162539599000062 ], [ 34.676329136000049, 0.163314686000035 ], [ 34.675995324000041, 0.164354228000036 ], [ 34.675124465000067, 0.165250576000064 ], [ 34.674388584000042, 0.166036567000042 ], [ 34.673753690000069, 0.166534911000043 ], [ 34.673020597000061, 0.166005620000029 ], [ 34.672126697000067, 0.165537021000038 ], [ 34.671257954000055, 0.165234084000082 ], [ 34.670633502000044, 0.164285599000032 ], [ 34.669607605000067, 0.164574248000057 ], [ 34.668709095000054, 0.164854623000051 ], [ 34.667999525000027, 0.164331975000042 ], [ 34.667268352000065, 0.163843887000039 ], [ 34.666120337000052, 0.163904073000024 ], [ 34.664858321000054, 0.163238032000044 ], [ 34.663944991000051, 0.163706128000056 ], [ 34.662940230000061, 0.164529931000068 ], [ 34.661658884000076, 0.165135642000052 ], [ 34.660633, 0.165465558000049 ], [ 34.659771970000065, 0.165449379000058 ], [ 34.659109458000046, 0.166060460000044 ], [ 34.658957150000056, 0.166922063000078 ], [ 34.658189499000059, 0.167754863000028 ], [ 34.656945522000058, 0.167899133000055 ], [ 34.655984414000045, 0.168018150000031 ], [ 34.654950779000046, 0.167937088000031 ], [ 34.653933149000068, 0.16823909400006 ], [ 34.653929918000074, 0.16913220400005 ], [ 34.654449823000057, 0.169943305000067 ], [ 34.655017033000036, 0.170570890000015 ], [ 34.655903375000037, 0.171275806000035 ], [ 34.656492881000077, 0.17206292700007 ], [ 34.656720093000054, 0.172993013000055 ], [ 34.656829075000076, 0.173944720000073 ], [ 34.656882747000054, 0.174874809000077 ], [ 34.65705269800003, 0.175634181000023 ], [ 34.657161244000065, 0.176721017000039 ], [ 34.656576491000067, 0.17749455500007 ], [ 34.656047774000058, 0.178058412000035 ], [ 34.655403121000063, 0.178870636000056 ], [ 34.654920509000078, 0.179494345000019 ], [ 34.654364179000027, 0.18019031300003 ], [ 34.653799939000066, 0.181004424000035 ], [ 34.653314627000043, 0.182017947000021 ], [ 34.653097513000034, 0.182988838000026 ], [ 34.652553283000032, 0.183910472000032 ], [ 34.651463763000038, 0.184011673000043 ], [ 34.650908977000029, 0.184553847000068 ], [ 34.650697514000058, 0.185289170000028 ], [ 34.650424818000033, 0.186239557000016 ], [ 34.649756558000036, 0.187221632000048 ], [ 34.648859918000028, 0.187929503000022 ], [ 34.648274011000069, 0.188561527000042 ], [ 34.647537532000058, 0.189048609000047 ], [ 34.646402907000038, 0.189672703000045 ], [ 34.64562819300005, 0.19026710900005 ], [ 34.644941239000048, 0.190990494000066 ], [ 34.644352768000033, 0.191549814000049 ], [ 34.64360924500005, 0.192289537000029 ], [ 34.642535940000073, 0.193481549000067 ], [ 34.641672342000049, 0.194454551000031 ], [ 34.641076617000067, 0.195204168000034 ], [ 34.640477067000063, 0.195915838000074 ], [ 34.639926110000033, 0.196508121000027 ], [ 34.63929509500008, 0.197224459000035 ], [ 34.638704140000073, 0.197983609000057 ], [ 34.637935067000058, 0.198740429000051 ], [ 34.637188350000031, 0.198998821000036 ], [ 34.636389215000065, 0.199206176000083 ], [ 34.637445758000069, 0.199906086000052 ], [ 34.638226863000057, 0.200655058000051 ], [ 34.638986981000073, 0.201352830000081 ], [ 34.639951522000047, 0.202286285000068 ], [ 34.640634098000078, 0.203097871000075 ], [ 34.641083367000078, 0.203948706000061 ], [ 34.641931824000039, 0.204885405000034 ], [ 34.642702180000072, 0.205596868000039 ], [ 34.643038594000075, 0.206358555000069 ], [ 34.64283371700003, 0.207346764000017 ], [ 34.64247116100006, 0.208211142000047 ], [ 34.641885658000035, 0.209313491000042 ], [ 34.641288770000074, 0.21038106500003 ], [ 34.641049199000065, 0.211478014000016 ], [ 34.640645971000026, 0.212445207000029 ], [ 34.640025488000049, 0.213443515000054 ], [ 34.639770919000057, 0.21479312200006 ], [ 34.639452561000041, 0.215761974000031 ], [ 34.639012958000023, 0.216884206000025 ], [ 34.63817679400006, 0.217626467000052 ], [ 34.637217688000078, 0.218144256000072 ], [ 34.636161190000053, 0.218725717000038 ], [ 34.63529156900006, 0.219116392000042 ], [ 34.633939441000052, 0.219583651000045 ], [ 34.632770355000048, 0.219727772000055 ], [ 34.632019992000039, 0.22009576900007 ], [ 34.631990558000041, 0.22137452400006 ], [ 34.631805714000052, 0.222411359000037 ], [ 34.631430130000069, 0.223305885000059 ], [ 34.631380721000028, 0.224505356000074 ], [ 34.631676496000068, 0.225593006000051 ], [ 34.631991342000049, 0.226670478000066 ], [ 34.631951456000024, 0.227788633000045 ], [ 34.631766623000033, 0.22889542200005 ], [ 34.631713990000037, 0.22979137900007 ], [ 34.631854600000054, 0.230559063000038 ], [ 34.631662815000027, 0.231949076000039 ], [ 34.631363898000075, 0.233257320000066 ], [ 34.630932459000064, 0.234331164000021 ], [ 34.631709712000031, 0.235253020000071 ], [ 34.632549603000029, 0.235872228000064 ], [ 34.633359184000028, 0.235731281000029 ], [ 34.634156048000079, 0.235567032000066 ], [ 34.634915468000031, 0.235843783000057 ], [ 34.635421690000044, 0.236758281000058 ], [ 34.635831367000037, 0.237579825000073 ], [ 34.636494406000054, 0.238252059000045 ], [ 34.637176614000055, 0.239154283000065 ], [ 34.637182821000067, 0.240288742000078 ], [ 34.637546265000026, 0.241130899000047 ], [ 34.638710682000067, 0.241655280000031 ], [ 34.639897330000053, 0.241380201000027 ], [ 34.640610776000074, 0.240956174000068 ], [ 34.641637164000031, 0.240974763000058 ], [ 34.642798694000085, 0.241321219000037 ], [ 34.642925048000052, 0.242410152000047 ], [ 34.643315261000055, 0.243284121000038 ], [ 34.643696823000028, 0.24412236000007 ], [ 34.644674814000041, 0.244012108000055 ], [ 34.645954551000045, 0.244099290000069 ], [ 34.647073160000048, 0.24438271500003 ], [ 34.648124465000024, 0.245233063000053 ], [ 34.649115736000056, 0.24523412300004 ], [ 34.650219183000047, 0.245613708000061 ], [ 34.651087547000031, 0.244856046000053 ], [ 34.651653224000029, 0.244031619000049 ], [ 34.651498629000059, 0.243265422000034 ], [ 34.650842443000045, 0.242596569000057 ], [ 34.652078101000029, 0.242375168000019 ], [ 34.653222864000043, 0.242208353000026 ], [ 34.654267729000026, 0.241831194000043 ], [ 34.655456828000069, 0.241522839000032 ], [ 34.656564219000074, 0.241320052000048 ], [ 34.657274175000055, 0.24199914000008 ], [ 34.658176185000059, 0.242246548000023 ], [ 34.659055358000046, 0.242324139000069 ], [ 34.659961136000049, 0.24275520700007 ], [ 34.660779923000064, 0.24296143100003 ], [ 34.661611446000052, 0.24288410800006 ], [ 34.662142692000032, 0.243512976000028 ], [ 34.662968561000071, 0.243893016000075 ], [ 34.66381920200007, 0.244124856000038 ], [ 34.664648513000031, 0.244563737000023 ], [ 34.665584402000036, 0.244767928000051 ], [ 34.666273277000073, 0.245184819000028 ], [ 34.667293321000045, 0.245290199000066 ], [ 34.668010223000067, 0.246076478000024 ], [ 34.668373962000032, 0.246763898000035 ], [ 34.668656373000033, 0.247754832000054 ], [ 34.669438441000068, 0.248564225000045 ], [ 34.670678148000036, 0.248794981000068 ], [ 34.671727110000063, 0.24884064000003 ], [ 34.672913367000035, 0.248742959000029 ], [ 34.673863147000077, 0.248737812000051 ], [ 34.674134153000075, 0.249990169000062 ], [ 34.674548168000058, 0.251035072000044 ], [ 34.675399324000068, 0.251049228000062 ], [ 34.676360594000073, 0.250764852000038 ], [ 34.67724992400008, 0.25124714300005 ], [ 34.677069711000058, 0.252640509000052 ], [ 34.677109027000029, 0.254121626000028 ], [ 34.67837645700007, 0.254814754000045 ], [ 34.679885076000062, 0.255029134000032 ], [ 34.680997016000049, 0.255356156000069 ], [ 34.682084144000044, 0.255552361000075 ], [ 34.683064429000069, 0.255482760000059 ], [ 34.683827346000044, 0.255759441000058 ], [ 34.684605523000073, 0.256057415000051 ], [ 34.685517248000053, 0.256648523000029 ], [ 34.686488786000041, 0.257615648000073 ], [ 34.688042594000024, 0.258183552000054 ], [ 34.689846888000034, 0.258807150000058 ], [ 34.691452821000041, 0.259342359000078 ], [ 34.693241830000034, 0.259777129000043 ], [ 34.694709461000059, 0.260107144000065 ], [ 34.695671737000055, 0.260777324000054 ], [ 34.69636411700003, 0.261248528000063 ], [ 34.697476985000037, 0.261402934000047 ], [ 34.69851871000003, 0.261951386000018 ], [ 34.69876424000006, 0.26288410900002 ], [ 34.699537088000056, 0.263682577000057 ], [ 34.700932203000036, 0.263726557000049 ], [ 34.701660426000046, 0.263397797000034 ], [ 34.702320987000064, 0.262479439000059 ], [ 34.703218658000026, 0.261924901000046 ], [ 34.704048367000041, 0.262479235000057 ], [ 34.704917270000067, 0.262733751000041 ], [ 34.705050055000072, 0.26145678100005 ], [ 34.705783715000052, 0.26116263100005 ], [ 34.706652643000041, 0.260865717000051 ], [ 34.707721235000065, 0.259915312000029 ], [ 34.708205528000065, 0.259014517000019 ], [ 34.708689729000071, 0.257490075000021 ], [ 34.708689503000073, 0.255965646000044 ], [ 34.708620649000068, 0.254649121000063 ], [ 34.708273357000053, 0.253401865000053 ], [ 34.708273213000041, 0.252431792000036 ], [ 34.708551549000049, 0.251669555000038 ], [ 34.709314354000071, 0.25118449800005 ], [ 34.710214445000076, 0.250491565000063 ], [ 34.711183195000046, 0.249798600000023 ], [ 34.711633168000048, 0.248967097000048 ], [ 34.711854291000066, 0.248213191000052 ], [ 34.711941854000031, 0.247082346000068 ], [ 34.712438157000065, 0.245717327000027 ] ] ] } },
{ "type": "Feature", "properties": { "Shape_Leng": 0.7604610827, "Shape_Area": 0.01173255268, "ADM2_EN": "Khwisero", "ADM2_PCODE": "KE037208", "ADM2_REF": null, "ADM2ALT1EN": null, "ADM2ALT2EN": null, "ADM1_EN": "Kakamega", "ADM1_PCODE": "KE037", "ADM0_EN": "Kenya", "ADM0_PCODE": "KE", "date": "2017-11-03T00:00:00", "validOn": "2019-10-31T00:00:00", "ValidTo": null }, "geometry": { "type": "Polygon", "coordinates": [ [ [ 34.636389215000065, 0.199206176000083 ], [ 34.637188350000031, 0.198998821000036 ], [ 34.637935067000058, 0.198740429000051 ], [ 34.638704140000073, 0.197983609000057 ], [ 34.63929509500008, 0.197224459000035 ], [ 34.639926110000033, 0.196508121000027 ], [ 34.640477067000063, 0.195915838000074 ], [ 34.641076617000067, 0.195204168000034 ], [ 34.641672342000049, 0.194454551000031 ], [ 34.642535940000073, 0.193481549000067 ], [ 34.64360924500005, 0.192289537000029 ], [ 34.644352768000033, 0.191549814000049 ], [ 34.644941239000048, 0.190990494000066 ], [ 34.64562819300005, 0.19026710900005 ], [ 34.646402907000038, 0.189672703000045 ], [ 34.647537532000058, 0.189048609000047 ], [ 34.648274011000069, 0.188561527000042 ], [ 34.648859918000028, 0.187929503000022 ], [ 34.649756558000036, 0.187221632000048 ], [ 34.650424818000033, 0.186239557000016 ], [ 34.650697514000058, 0.185289170000028 ], [ 34.650908977000029, 0.184553847000068 ], [ 34.651463763000038, 0.184011673000043 ], [ 34.652553283000032, 0.183910472000032 ], [ 34.653097513000034, 0.182988838000026 ], [ 34.653314627000043, 0.182017947000021 ], [ 34.653799939000066, 0.181004424000035 ], [ 34.654364179000027, 0.18019031300003 ], [ 34.654920509000078, 0.179494345000019 ], [ 34.655403121000063, 0.178870636000056 ], [ 34.656047774000058, 0.178058412000035 ], [ 34.656576491000067, 0.17749455500007 ], [ 34.657161244000065, 0.176721017000039 ], [ 34.65705269800003, 0.175634181000023 ], [ 34.656882747000054, 0.174874809000077 ], [ 34.656829075000076, 0.173944720000073 ], [ 34.656720093000054, 0.172993013000055 ], [ 34.656492881000077, 0.17206292700007 ], [ 34.655903375000037, 0.171275806000035 ], [ 34.655017033000036, 0.170570890000015 ], [ 34.654449823000057, 0.169943305000067 ], [ 34.653929918000074, 0.16913220400005 ], [ 34.653933149000068, 0.16823909400006 ], [ 34.654950779000046, 0.167937088000031 ], [ 34.655984414000045, 0.168018150000031 ], [ 34.656945522000058, 0.167899133000055 ], [ 34.658189499000059, 0.167754863000028 ], [ 34.658957150000056, 0.166922063000078 ], [ 34.659109458000046, 0.166060460000044 ], [ 34.659771970000065, 0.165449379000058 ], [ 34.660633, 0.165465558000049 ], [ 34.661658884000076, 0.165135642000052 ], [ 34.662940230000061, 0.164529931000068 ], [ 34.663944991000051, 0.163706128000056 ], [ 34.664858321000054, 0.163238032000044 ], [ 34.666120337000052, 0.163904073000024 ], [ 34.667268352000065, 0.163843887000039 ], [ 34.667999525000027, 0.164331975000042 ], [ 34.668709095000054, 0.164854623000051 ], [ 34.669607605000067, 0.164574248000057 ], [ 34.670633502000044, 0.164285599000032 ], [ 34.671257954000055, 0.165234084000082 ], [ 34.672126697000067, 0.165537021000038 ], [ 34.673020597000061, 0.166005620000029 ], [ 34.673753690000069, 0.166534911000043 ], [ 34.674388584000042, 0.166036567000042 ], [ 34.675124465000067, 0.165250576000064 ], [ 34.675995324000041, 0.164354228000036 ], [ 34.676329136000049, 0.163314686000035 ], [ 34.676645473000065, 0.162539599000062 ], [ 34.677038865000043, 0.161799466000048 ], [ 34.677241819000074, 0.160664616000017 ], [ 34.677510421000079, 0.159687638000038 ], [ 34.677852456000039, 0.158748684000043 ], [ 34.677556129000038, 0.157871187000066 ], [ 34.676895547000072, 0.156949836000025 ], [ 34.677107330000069, 0.156008547000062 ], [ 34.677591709000069, 0.155125543000048 ], [ 34.678297582000027, 0.154323653000067 ], [ 34.679124754000043, 0.15335044500005 ], [ 34.679622246000065, 0.152527020000029 ], [ 34.680314360000068, 0.152061903000065 ], [ 34.681029312000078, 0.15143883000007 ], [ 34.681802522000055, 0.151131655000021 ], [ 34.682430047000025, 0.150434141000063 ], [ 34.681938674000037, 0.149807191000038 ], [ 34.681531113000062, 0.149066023000045 ], [ 34.681240216000049, 0.148172272000064 ], [ 34.680534132000048, 0.14718565300006 ], [ 34.680885703000058, 0.146250396000028 ], [ 34.68090879600004, 0.145342322000029 ], [ 34.680127704000029, 0.144475104000029 ], [ 34.679752123000071, 0.143535431000031 ], [ 34.680151697000042, 0.142635474000028 ], [ 34.680760012000064, 0.141680321000026 ], [ 34.680798260000081, 0.140756586000073 ], [ 34.681075510000028, 0.140001909000027 ], [ 34.681186209000032, 0.139236519000061 ], [ 34.680817774000047, 0.13839022400004 ], [ 34.680754371000035, 0.137442516000014 ], [ 34.680757333000031, 0.136176543000031 ], [ 34.680731346000073, 0.135033914000067 ], [ 34.680771466000067, 0.133990292000029 ], [ 34.680848444000056, 0.133121390000041 ], [ 34.680707185000074, 0.13219447300002 ], [ 34.679814218000047, 0.131690545000026 ], [ 34.678899872000045, 0.131298295000023 ], [ 34.678136252000058, 0.130532383000052 ], [ 34.676768204000041, 0.130479703000043 ], [ 34.67562822900004, 0.130212750000048 ], [ 34.674576209000065, 0.129869099000073 ], [ 34.673735123000029, 0.129580923000052 ], [ 34.672724285000072, 0.129201881000035 ], [ 34.671713071000056, 0.128844290000078 ], [ 34.670502393000049, 0.128526228000057 ], [ 34.669264678000047, 0.128349296000074 ], [ 34.667828670000063, 0.128303796000074 ], [ 34.666968604000033, 0.128317749000076 ], [ 34.665805317000036, 0.128329106000032 ], [ 34.664577439000027, 0.127885369000072 ], [ 34.664157837000062, 0.126839852000053 ], [ 34.66337336600003, 0.126683297000057 ], [ 34.662412216000064, 0.126663620000041 ], [ 34.66134556600008, 0.12671775100005 ], [ 34.660234458000048, 0.126902520000049 ], [ 34.659342060000036, 0.127216118000043 ], [ 34.658369508000078, 0.127329919000031 ], [ 34.657517063000057, 0.12732396100006 ], [ 34.656185991000029, 0.127443632000046 ], [ 34.655131410000031, 0.127470036000027 ], [ 34.654273258000046, 0.127509662000027 ], [ 34.653228229000035, 0.127589896000073 ], [ 34.651847546000056, 0.127616011000039 ], [ 34.650951268000028, 0.127709626000061 ], [ 34.649810912000078, 0.127872089000051 ], [ 34.649009992000067, 0.127981192000048 ], [ 34.647688451000079, 0.128086796000049 ], [ 34.646441915000025, 0.128178572000026 ], [ 34.645195718000025, 0.128341511000026 ], [ 34.643854130000086, 0.128369328000023 ], [ 34.642899015000069, 0.128332936000044 ], [ 34.641701643000033, 0.128191973000075 ], [ 34.640595527000073, 0.127955023000029 ], [ 34.639351885000053, 0.128158744000067 ], [ 34.638152275000046, 0.128506192000039 ], [ 34.637320141000032, 0.128824135000067 ], [ 34.63589911300005, 0.128920308000035 ], [ 34.634570204000056, 0.128832462000052 ], [ 34.633754945000078, 0.128823158000048 ], [ 34.632747106000068, 0.128911579000038 ], [ 34.631906690000051, 0.128738422000022 ], [ 34.630968696000025, 0.128562973000045 ], [ 34.629760996000073, 0.128317189000026 ], [ 34.628485743000056, 0.127923404000061 ], [ 34.627609193000069, 0.127655158000041 ], [ 34.626613635000069, 0.127360537000072 ], [ 34.625584414000059, 0.12715841300008 ], [ 34.623895554000057, 0.126750645000076 ], [ 34.62277036100005, 0.126600141000034 ], [ 34.621928965000052, 0.126554622000066 ], [ 34.620785966000028, 0.126487119000048 ], [ 34.619503904000055, 0.126284123000057 ], [ 34.617995038000061, 0.125837046000066 ], [ 34.616479527000024, 0.125260987000053 ], [ 34.615157974000056, 0.124788731000026 ], [ 34.614364578000057, 0.12455142100004 ], [ 34.613225345000046, 0.124211540000035 ], [ 34.612281909000053, 0.12390459700004 ], [ 34.610790716000054, 0.123400984000052 ], [ 34.609127999000066, 0.122836020000021 ], [ 34.608101458000078, 0.122483083000021 ], [ 34.607113978000029, 0.122172482000053 ], [ 34.606087280000054, 0.12190441800005 ], [ 34.605291999000031, 0.121739924000052 ], [ 34.603917109000065, 0.121622857000028 ], [ 34.602747394000062, 0.121771573000049 ], [ 34.601877711000043, 0.121514752000046 ], [ 34.601118617000054, 0.121190635000068 ], [ 34.600308267000059, 0.120736535000046 ], [ 34.599355450000076, 0.120151 ], [ 34.598644721000028, 0.119577213000069 ], [ 34.598012082000025, 0.11910817800004 ], [ 34.59734667400005, 0.118523146000024 ], [ 34.596272300000066, 0.117719054000021 ], [ 34.595268566000072, 0.117180852000051 ], [ 34.594367218000059, 0.116893330000042 ], [ 34.593270053000026, 0.116654221000026 ], [ 34.592174199000056, 0.116474545000073 ], [ 34.591079817000036, 0.116259528000057 ], [ 34.590075399000057, 0.116096842000042 ], [ 34.589260111000044, 0.115986044000059 ], [ 34.588384749000056, 0.115870550000068 ], [ 34.587598071000059, 0.115776028000026 ], [ 34.586702678000051, 0.11563523300004 ], [ 34.585845737000056, 0.114934394000039 ], [ 34.585509315000024, 0.113894632000039 ], [ 34.585374512000044, 0.112688039000032 ], [ 34.58544287400008, 0.111704428000054 ], [ 34.58530816800004, 0.110824923000051 ], [ 34.585097861000065, 0.109942971000059 ], [ 34.584792611000069, 0.108600015000035 ], [ 34.584881900000028, 0.107444111000062 ], [ 34.585413004000031, 0.106360920000038 ], [ 34.585969818000024, 0.105366747000069 ], [ 34.586104528000078, 0.104615235000037 ], [ 34.585215893000054, 0.104467388000053 ], [ 34.584433778000061, 0.104785994000052 ], [ 34.583370085000077, 0.104631814000076 ], [ 34.582324158000063, 0.103902188000057 ], [ 34.58153739200003, 0.103724421000043 ], [ 34.581002346000048, 0.103092054000056 ], [ 34.580126070000063, 0.102956521000075 ], [ 34.578909838000072, 0.102983690000035 ], [ 34.577859789000058, 0.102796920000059 ], [ 34.577408582000032, 0.102142853000028 ], [ 34.577024623000064, 0.10124906200003 ], [ 34.576568402000078, 0.100310888000019 ], [ 34.576288820000059, 0.099254910000076 ], [ 34.575721656000042, 0.098392321000059 ], [ 34.574859122000078, 0.098660712000028 ], [ 34.574115146000054, 0.098943064000018 ], [ 34.574003323000056, 0.098057447000031 ], [ 34.573345363000044, 0.097207300000036 ], [ 34.572356653000043, 0.09644428800004 ], [ 34.571274581000068, 0.096225418000078 ], [ 34.571039062000068, 0.097416289000028 ], [ 34.570061261000035, 0.097285267000068 ], [ 34.569512263000036, 0.098052769000056 ], [ 34.568224604000079, 0.098269896000041 ], [ 34.567246234000038, 0.098591435000063 ], [ 34.566237328000057, 0.098300400000027 ], [ 34.565131500000064, 0.097916652000043 ], [ 34.563976368000056, 0.097493991000023 ], [ 34.562853762000032, 0.09724817500006 ], [ 34.56175279200005, 0.096711020000045 ], [ 34.561235532000069, 0.095483164000031 ], [ 34.560307280000075, 0.095050827000027 ], [ 34.560280097000032, 0.09405911900006 ], [ 34.559443588000079, 0.093714660000052 ], [ 34.559405651000077, 0.092895927000024 ], [ 34.558465946000069, 0.092343318000081 ], [ 34.557710937000024, 0.091670147000065 ], [ 34.556575384000041, 0.091259924000049 ], [ 34.55691149900008, 0.092495343000059 ], [ 34.556446665000067, 0.093520032000068 ], [ 34.556131617000062, 0.09457081400007 ], [ 34.556266292000032, 0.095975807000066 ], [ 34.555859435000059, 0.096891403000023 ], [ 34.555538814000045, 0.097693191000068 ], [ 34.555187158000024, 0.098768842000029 ], [ 34.555123251000055, 0.099906484000024 ], [ 34.554983555000035, 0.10130128700007 ], [ 34.555227064000064, 0.102525256000037 ], [ 34.55638133900004, 0.10338021000007 ], [ 34.557833267000035, 0.105828980000071 ], [ 34.55803757700005, 0.10709753300006 ], [ 34.558000315000072, 0.108413805000052 ], [ 34.557192669000074, 0.108571824000028 ], [ 34.556097708000038, 0.108513504000022 ], [ 34.554812790000028, 0.108646447000071 ], [ 34.553327087000071, 0.109892696000031 ], [ 34.552628652000067, 0.111026544000018 ], [ 34.552102736000052, 0.111828907000071 ], [ 34.551605857000027, 0.113017072000051 ], [ 34.550474791000056, 0.113667756000039 ], [ 34.549326439000026, 0.113872310000041 ], [ 34.548476392000055, 0.113930802000026 ], [ 34.547444614000028, 0.113997658000082 ], [ 34.546199642000033, 0.114177289000058 ], [ 34.545008046000078, 0.11424060700005 ], [ 34.544025451000039, 0.114451008000056 ], [ 34.544759330000034, 0.115277266000018 ], [ 34.546240204000071, 0.116070444000067 ], [ 34.547022841000057, 0.116761716000046 ], [ 34.547197930000038, 0.117827475000069 ], [ 34.548759346000054, 0.11785808500002 ], [ 34.54967313800006, 0.118056462000035 ], [ 34.550502402000063, 0.118387527000047 ], [ 34.551395731000071, 0.118267767000028 ], [ 34.552216147000024, 0.118311552000016 ], [ 34.552711577000025, 0.119326550000034 ], [ 34.55228612600007, 0.120379512000051 ], [ 34.551942010000062, 0.121571884000049 ], [ 34.551824525000036, 0.122725721000053 ], [ 34.552648519000059, 0.12358296400003 ], [ 34.553647111000032, 0.12407621700004 ], [ 34.553856457000052, 0.12488463700003 ], [ 34.553852929000072, 0.125814050000032 ], [ 34.554240221000043, 0.126933785000067 ], [ 34.554745334000074, 0.127603959000047 ], [ 34.554412549000062, 0.128592650000037 ], [ 34.553657029000078, 0.129666003000073 ], [ 34.552396681000062, 0.129972965000031 ], [ 34.551378019000026, 0.130464197000039 ], [ 34.550527757000054, 0.130808490000056 ], [ 34.549540667000031, 0.131669011000041 ], [ 34.54876868100007, 0.132293620000042 ], [ 34.548269948000041, 0.133299349000034 ], [ 34.54773300800008, 0.134367146000037 ], [ 34.54735323500006, 0.13511362800006 ], [ 34.546862189000024, 0.136167871000058 ], [ 34.546303789000035, 0.137123355000021 ], [ 34.54569813300003, 0.137886678000037 ], [ 34.544976848000033, 0.138707939000031 ], [ 34.543647758000077, 0.139057139000049 ], [ 34.542212728000038, 0.138993108000023 ], [ 34.540896912000051, 0.138763778000048 ], [ 34.539765483000053, 0.138241449000021 ], [ 34.538295957000059, 0.137589913000056 ], [ 34.536946531000076, 0.13735133700004 ], [ 34.535799475000033, 0.137141319000021 ], [ 34.535028375000024, 0.136908989000062 ], [ 34.534070692000057, 0.136529893000044 ], [ 34.533250105000036, 0.135778410000055 ], [ 34.532658538000078, 0.134981677000037 ], [ 34.53233218400004, 0.134088187000027 ], [ 34.532008360000077, 0.133073798000047 ], [ 34.531484593000073, 0.131779889000031 ], [ 34.530784650000044, 0.13090062900006 ], [ 34.530340150000029, 0.129935966000056 ], [ 34.529876036000076, 0.128792893000032 ], [ 34.529252349000046, 0.127929128000055 ], [ 34.528289369000049, 0.12693276300007 ], [ 34.527108127000076, 0.126144120000042 ], [ 34.526101332000053, 0.125650003000041 ], [ 34.525112390000061, 0.125193823000067 ], [ 34.523927007000054, 0.125089300000076 ], [ 34.52284501400004, 0.125145817000027 ], [ 34.521561658000053, 0.125283264000073 ], [ 34.520116166000037, 0.125627141000056 ], [ 34.518950283000038, 0.125958056000056 ], [ 34.518197912000062, 0.126203661000042 ], [ 34.517256452000026, 0.126672812000031 ], [ 34.516343674000041, 0.127198806000032 ], [ 34.515366363000055, 0.127498015000075 ], [ 34.514178624000067, 0.12777714900005 ], [ 34.513033509000024, 0.128129927000023 ], [ 34.512752996000074, 0.127144396000071 ], [ 34.512560433000033, 0.125767149000062 ], [ 34.512363141000044, 0.124316550000066 ], [ 34.51221660300007, 0.123174484000068 ], [ 34.51199139400007, 0.122023988000017 ], [ 34.511449723000055, 0.121059464000041 ], [ 34.510932294000042, 0.120369426000029 ], [ 34.50994161400007, 0.118992170000066 ], [ 34.508936981000033, 0.118267790000061 ], [ 34.507910005000042, 0.117946824000059 ], [ 34.506651389000069, 0.118820017000068 ], [ 34.505934176000039, 0.119191582000044 ], [ 34.505232349000039, 0.119667061000027 ], [ 34.504483179000033, 0.120735003000042 ], [ 34.504003223000041, 0.12159868200007 ], [ 34.503503520000038, 0.122453303000042 ], [ 34.502512043000024, 0.123576208000025 ], [ 34.501449378000075, 0.124403231000028 ], [ 34.50075724900006, 0.125236474000073 ], [ 34.500223450000078, 0.126095921000066 ], [ 34.499402677000035, 0.125528116000059 ], [ 34.49988460000003, 0.124103048000055 ], [ 34.500027243000034, 0.12266953300003 ], [ 34.499012667000045, 0.122231966000079 ], [ 34.498177460000079, 0.122801150000041 ], [ 34.497324430000049, 0.123294470000082 ], [ 34.496803170000078, 0.122615865000063 ], [ 34.496521933000054, 0.121719537000045 ], [ 34.497739237000076, 0.120883921000027 ], [ 34.49826712600003, 0.120246111000033 ], [ 34.499049810000031, 0.119627144000055 ], [ 34.500684532000037, 0.118475054000042 ], [ 34.501416117000076, 0.11775028500005 ], [ 34.502073802000041, 0.117050281000055 ], [ 34.503358545000026, 0.115888062000061 ], [ 34.502510396000048, 0.114841406000044 ], [ 34.502040257000033, 0.114118365000019 ], [ 34.501173970000025, 0.113239892000029 ], [ 34.499365943000043, 0.112436526000075 ], [ 34.498012462000077, 0.111887222000061 ], [ 34.496928720000028, 0.111481991000059 ], [ 34.496093793000057, 0.109901199000033 ], [ 34.496198949000075, 0.108791179000034 ], [ 34.496197925000047, 0.10742278600003 ], [ 34.495897304000039, 0.106128582000054 ], [ 34.49540888100006, 0.104752134000018 ], [ 34.495026970000026, 0.103640661000043 ], [ 34.494589470000051, 0.102791264000074 ], [ 34.494091807000075, 0.101872890000034 ], [ 34.493159201000026, 0.102290689000034 ], [ 34.491483435000077, 0.102959222000045 ], [ 34.489923775000079, 0.103642689000024 ], [ 34.489087755000071, 0.104057714000022 ], [ 34.488382423000076, 0.10440159400003 ], [ 34.487470554000026, 0.104737188000054 ], [ 34.486524159000055, 0.104879990000026 ], [ 34.485662151000042, 0.104778263000071 ], [ 34.484636083000055, 0.104634705000025 ], [ 34.483824303000063, 0.104587582000028 ], [ 34.482348684000051, 0.104758928000026 ], [ 34.481122422000055, 0.105088260000064 ], [ 34.480293331000041, 0.105152060000022 ], [ 34.479517304000069, 0.105225786000058 ], [ 34.478695322000078, 0.10516438400003 ], [ 34.477698472000043, 0.104985107000067 ], [ 34.476503537000042, 0.10441600200005 ], [ 34.475686229000075, 0.104081145000071 ], [ 34.474935698000024, 0.103736984000014 ], [ 34.474235293000056, 0.103358007000047 ], [ 34.474137949000067, 0.104189271000052 ], [ 34.473965878000065, 0.105234276000029 ], [ 34.473877224000034, 0.106266632000034 ], [ 34.474010802000066, 0.107218010000047 ], [ 34.474136967000049, 0.108161051000029 ], [ 34.474283581000066, 0.109059312000058 ], [ 34.474320830000067, 0.110253938000025 ], [ 34.474280474000068, 0.111728585000037 ], [ 34.474184678000029, 0.112913965000073 ], [ 34.47520299200005, 0.113063282000042 ], [ 34.476785219000078, 0.113222030000026 ], [ 34.477715961000058, 0.113262621000045 ], [ 34.478496115000041, 0.113423486000048 ], [ 34.478809018000049, 0.114731417000038 ], [ 34.478428619000056, 0.116132219000058 ], [ 34.477749495000076, 0.11683752900006 ], [ 34.477003988000035, 0.117445743000071 ], [ 34.476413552000054, 0.117955988000064 ], [ 34.475619163000033, 0.118516091000065 ], [ 34.474187136000069, 0.11898583300006 ], [ 34.472746166000036, 0.119489309000072 ], [ 34.47132681800008, 0.119917784000052 ], [ 34.470086155000047, 0.120247542000081 ], [ 34.468858530000034, 0.120618129000033 ], [ 34.468122899000036, 0.120890638000052 ], [ 34.466824077000069, 0.121503950000025 ], [ 34.465223670000057, 0.122340600000029 ], [ 34.464133312000058, 0.123053644000032 ], [ 34.463191287000029, 0.123217804000042 ], [ 34.462463545000048, 0.122947407000032 ], [ 34.461526193000054, 0.122921386000028 ], [ 34.458906887000069, 0.123245351000043 ], [ 34.457837149000056, 0.123571998000048 ], [ 34.457437513000059, 0.12437062700007 ], [ 34.457236421000061, 0.125633779000057 ], [ 34.45698212700006, 0.126773735000028 ], [ 34.45681699000005, 0.128139225000046 ], [ 34.456595935000053, 0.129561791000076 ], [ 34.456487749000075, 0.130588715000053 ], [ 34.457318175000076, 0.130620156000028 ], [ 34.458280804000026, 0.13066094600004 ], [ 34.459122345000026, 0.130638055000023 ], [ 34.460403755000073, 0.130548996000068 ], [ 34.461224481000045, 0.130476356000026 ], [ 34.462501769000028, 0.130393546000054 ], [ 34.463631557000049, 0.130257012000075 ], [ 34.46460490700008, 0.130326399000073 ], [ 34.465937755000027, 0.13022659400002 ], [ 34.467252663000068, 0.130229915000028 ], [ 34.468233487000077, 0.130500789000049 ], [ 34.469085363000033, 0.130712635000061 ], [ 34.470097886000076, 0.130908468000025 ], [ 34.471317776000035, 0.131161965000054 ], [ 34.47243362200004, 0.131286978000051 ], [ 34.473561103000065, 0.132101493000048 ], [ 34.474385684000026, 0.132909592000029 ], [ 34.475775336000027, 0.134224440000028 ], [ 34.477044792000072, 0.135375450000025 ], [ 34.477837837000038, 0.136085638000048 ], [ 34.478956183000037, 0.137013698000039 ], [ 34.479792477000046, 0.13752174400002 ], [ 34.480623798000067, 0.137826996000055 ], [ 34.481683030000056, 0.138148345000051 ], [ 34.482844316000069, 0.138758852000019 ], [ 34.48370821900005, 0.13968986100003 ], [ 34.484288302000046, 0.140810929000056 ], [ 34.484065094000073, 0.142330861000059 ], [ 34.483320496000033, 0.143702237000071 ], [ 34.482946840000068, 0.144584410000047 ], [ 34.482639025000026, 0.145312227000032 ], [ 34.482350266000026, 0.146621120000018 ], [ 34.481981620000056, 0.148025065000074 ], [ 34.48190050900007, 0.148889995000041 ], [ 34.481945315000075, 0.149697717000036 ], [ 34.48188904400007, 0.150581784000061 ], [ 34.481911998000044, 0.151538057000039 ], [ 34.482701064000025, 0.151855898000066 ], [ 34.483517272000029, 0.151850064000035 ], [ 34.48429722000003, 0.151758895000058 ], [ 34.485176386000035, 0.151840905000035 ], [ 34.486226195000029, 0.15180370900004 ], [ 34.48713293600008, 0.15162391700005 ], [ 34.488097252000046, 0.151606370000018 ], [ 34.489129276000028, 0.151825834000027 ], [ 34.490256756000065, 0.151974318000047 ], [ 34.491818622000039, 0.151998990000038 ], [ 34.492400418000045, 0.152508975000046 ], [ 34.493098604000068, 0.153229399000059 ], [ 34.49369693500006, 0.154194432000057 ], [ 34.494784414000037, 0.155357516000041 ], [ 34.49483123300007, 0.156757959000064 ], [ 34.494755343000065, 0.158080578000067 ], [ 34.494664276000037, 0.159669256000028 ], [ 34.494762252000044, 0.160804882000041 ], [ 34.494890888000043, 0.161794879000068 ], [ 34.494935971000075, 0.162698357000068 ], [ 34.494875267000054, 0.163781548000031 ], [ 34.495337004000078, 0.16457965800003 ], [ 34.495196111000041, 0.165347395000022 ], [ 34.495614015000058, 0.166236716000065 ], [ 34.495823426000072, 0.167162793000054 ], [ 34.495807131000049, 0.167946999000033 ], [ 34.496361648000061, 0.168646289000029 ], [ 34.496807854000053, 0.169588825000061 ], [ 34.49766720100007, 0.170362208000036 ], [ 34.498414278000041, 0.170891092000039 ], [ 34.498827660000075, 0.171539711000039 ], [ 34.499317351000059, 0.172283342000064 ], [ 34.500232851000078, 0.172705169000047 ], [ 34.501180703000045, 0.172897325000072 ], [ 34.502193378000072, 0.173039517000058 ], [ 34.503013433000035, 0.173145883000071 ], [ 34.503787728000077, 0.173282664000061 ], [ 34.504687894000028, 0.173441099000063 ], [ 34.50552323200003, 0.17363821900005 ], [ 34.506411908000075, 0.173638163000016 ], [ 34.507292849000066, 0.173273821000074 ], [ 34.50775978300004, 0.172300408000077 ], [ 34.508192385000029, 0.171305949000037 ], [ 34.508680354000035, 0.170527267000076 ], [ 34.509372339000038, 0.169621911000041 ], [ 34.510346675000051, 0.169091815000057 ], [ 34.511435452000057, 0.168627370000021 ], [ 34.512287685000047, 0.167919016000037 ], [ 34.512790836000079, 0.16688703100004 ], [ 34.513398761000076, 0.165475086000069 ], [ 34.514286282000057, 0.164796038000027 ], [ 34.516131304000055, 0.164691436000057 ], [ 34.517366433000063, 0.164720312000046 ], [ 34.518340778000038, 0.165293557000033 ], [ 34.519290847000036, 0.165459641000043 ], [ 34.520130583000025, 0.165483835000039 ], [ 34.521102305000056, 0.165787650000019 ], [ 34.521341913000072, 0.166718071000056 ], [ 34.521606615000053, 0.16759867500002 ], [ 34.522036089000039, 0.168616078000069 ], [ 34.522388783000054, 0.169635828000029 ], [ 34.522454908000043, 0.170759955000043 ], [ 34.522485078000045, 0.171748597000027 ], [ 34.522702394000078, 0.172747149000035 ], [ 34.523581981000063, 0.172965050000075 ], [ 34.524145075000035, 0.173492930000058 ], [ 34.524330513000052, 0.174573402000021 ], [ 34.524983710000072, 0.17562686200006 ], [ 34.526200714000026, 0.175320696000025 ], [ 34.527245651000044, 0.174929256000041 ], [ 34.528405948000056, 0.174483226000058 ], [ 34.529658720000043, 0.173985417000034 ], [ 34.530481476000034, 0.173552553000038 ], [ 34.531567482000071, 0.173389986000072 ], [ 34.532734919000063, 0.173231292000034 ], [ 34.533844871000042, 0.172574365000062 ], [ 34.534338795000053, 0.171509072000049 ], [ 34.534410025000064, 0.170552866000043 ], [ 34.534798023000064, 0.169629401000058 ], [ 34.535697370000037, 0.168740760000042 ], [ 34.536571322000043, 0.167852307000028 ], [ 34.537690134000059, 0.166739842000028 ], [ 34.53859665300007, 0.166456094000072 ], [ 34.539464316000078, 0.166334160000026 ], [ 34.540394289000062, 0.16625995000004 ], [ 34.541271299000073, 0.166575787000049 ], [ 34.54212485100004, 0.167101974000045 ], [ 34.543188962000045, 0.167057687000064 ], [ 34.544266386000061, 0.166894352000042 ], [ 34.545226676000027, 0.167231578000043 ], [ 34.546051793000061, 0.168334549000063 ], [ 34.546406779000051, 0.169272991000078 ], [ 34.547053450000078, 0.169906144000037 ], [ 34.547572333000062, 0.170483685000029 ], [ 34.548316300000067, 0.171243033000055 ], [ 34.549594404000061, 0.172569273000018 ], [ 34.550410930000055, 0.173640473000034 ], [ 34.550998666000055, 0.17489445000006 ], [ 34.551422338000066, 0.175942619000061 ], [ 34.551866886000028, 0.176652794000064 ], [ 34.552240908000044, 0.177474211000052 ], [ 34.552347933000078, 0.178257138000045 ], [ 34.552489951000041, 0.179145594000029 ], [ 34.552786455000046, 0.18008396100003 ], [ 34.553279377000024, 0.181001627000051 ], [ 34.553774847000057, 0.181941491000033 ], [ 34.554308604000028, 0.182941788000043 ], [ 34.555194461000042, 0.18243782000008 ], [ 34.556285339000056, 0.181982552000022 ], [ 34.55759418100007, 0.181495579000057 ], [ 34.558642038000073, 0.181305804000041 ], [ 34.559695518000069, 0.180783209000034 ], [ 34.561096550000059, 0.181856275000034 ], [ 34.561703249000061, 0.182742977000024 ], [ 34.562588499000071, 0.184052863000027 ], [ 34.563580140000056, 0.184002307000078 ], [ 34.564356881000037, 0.183813985000031 ], [ 34.564968682000028, 0.184758088000023 ], [ 34.56541135100008, 0.185564168000046 ], [ 34.565914981000049, 0.186148579000081 ], [ 34.56674263900004, 0.186168688000065 ], [ 34.567585522000059, 0.18608802500006 ], [ 34.568373103000056, 0.186007380000035 ], [ 34.569481111000073, 0.186087921000021 ], [ 34.570372417000044, 0.186380678000032 ], [ 34.571333032000041, 0.186741300000044 ], [ 34.572294222000039, 0.18690068700005 ], [ 34.573043771000073, 0.187189129000039 ], [ 34.57386577300008, 0.18742866800006 ], [ 34.574722073000032, 0.187578946000038 ], [ 34.575648873000034, 0.187518441000071 ], [ 34.576897360000032, 0.187578826000054 ], [ 34.577843758000029, 0.187155568000043 ], [ 34.579034662000026, 0.187028964000034 ], [ 34.579621401000054, 0.188132143000079 ], [ 34.580273937000072, 0.189255164000023 ], [ 34.580918743000041, 0.190027585000058 ], [ 34.581953935000058, 0.188928798000068 ], [ 34.582701247000045, 0.188102484000069 ], [ 34.58342577600007, 0.187618775000036 ], [ 34.583868016000054, 0.186973864000045 ], [ 34.584108063000031, 0.186167732000056 ], [ 34.584954689000028, 0.185845235000041 ], [ 34.58628580900006, 0.185885469000028 ], [ 34.588261517000035, 0.185965977000015 ], [ 34.590170467000064, 0.186006963000062 ], [ 34.591127594000056, 0.185321991000032 ], [ 34.591516327000079, 0.184304072000024 ], [ 34.591773510000053, 0.183403442000035 ], [ 34.592410321000045, 0.18294281200002 ], [ 34.593130638000048, 0.182184904000057 ], [ 34.594023574000062, 0.182620273000047 ], [ 34.594557706000046, 0.183170611000031 ], [ 34.59527883800007, 0.184094679000057 ], [ 34.595713872000033, 0.18487730500004 ], [ 34.596065771000042, 0.186123455000031 ], [ 34.596944417000032, 0.186600186000016 ], [ 34.59781391000007, 0.186215102000062 ], [ 34.598968770000056, 0.186732067000033 ], [ 34.600053013000036, 0.187055021000053 ], [ 34.60087108700003, 0.186911445000029 ], [ 34.601917050000061, 0.186768283000045 ], [ 34.603512261000049, 0.186697227000026 ], [ 34.604490892000058, 0.187791492000023 ], [ 34.605661849000057, 0.187923022000067 ], [ 34.606993038000041, 0.188201909000047 ], [ 34.608352754000066, 0.188210418000046 ], [ 34.609462695000047, 0.188248328000046 ], [ 34.610071892000065, 0.187221267000038 ], [ 34.611245628000063, 0.186279847000042 ], [ 34.612345026000071, 0.185622403000031 ], [ 34.613216537000028, 0.185120519000072 ], [ 34.614137621000054, 0.184523579000026 ], [ 34.615115925000055, 0.183946597000049 ], [ 34.615882556000031, 0.183547439000046 ], [ 34.616645394000045, 0.183292833000049 ], [ 34.617653354000026, 0.183363050000029 ], [ 34.618812028000036, 0.183741970000029 ], [ 34.619822144000068, 0.184205315000042 ], [ 34.620907531000057, 0.18466960100006 ], [ 34.622042086000079, 0.185307509000045 ], [ 34.622878461000028, 0.185799783000051 ], [ 34.623611851000078, 0.186307145000057 ], [ 34.624456831000032, 0.186948233000064 ], [ 34.625037648000045, 0.187476829000052 ], [ 34.625816991000079, 0.188283669000037 ], [ 34.626229622000039, 0.189181476000049 ], [ 34.626386472000043, 0.190450323000056 ], [ 34.626260579000075, 0.191760224000056 ], [ 34.625723726000047, 0.192616578000067 ], [ 34.625082386000031, 0.19337167800006 ], [ 34.62441401600006, 0.194042900000049 ], [ 34.624343758000066, 0.194834536000032 ], [ 34.624170954000078, 0.195922094000023 ], [ 34.623693044000049, 0.196902066000069 ], [ 34.623945897000056, 0.197918242000071 ], [ 34.624720131000061, 0.198415068000028 ], [ 34.625485613000023, 0.198838870000033 ], [ 34.626614380000035, 0.199462209000042 ], [ 34.627744642000039, 0.199877273000031 ], [ 34.628547744000059, 0.201151462000038 ], [ 34.629531812000039, 0.201637063000023 ], [ 34.63054986800006, 0.201961060000037 ], [ 34.631867527000054, 0.201929401000028 ], [ 34.632733309000059, 0.201374026000047 ], [ 34.633425071000033, 0.200889507000064 ], [ 34.634456625000048, 0.200218119000048 ], [ 34.63549032800006, 0.199804190000065 ], [ 34.636389215000065, 0.199206176000083 ] ] ] } },
{ "type": "Feature", "properties": { "Shape_Leng": 0.87404520664999996, "Shape_Area": 0.02447579834, "ADM2_EN": "Likuyani", "ADM2_PCODE": "KE037200", "ADM2_REF": null, "ADM2ALT1EN": null, "ADM2ALT2EN": null, "ADM1_EN": "Kakamega", "ADM1_PCODE": "KE037", "ADM0_EN": "Kenya", "ADM0_PCODE": "KE", "date": "2017-11-03T00:00:00", "validOn": "2019-10-31T00:00:00", "ValidTo": null }, "geometry": { "type": "Polygon", "coordinates": [ [ [ 35.05720559100007, 0.900065477000057 ], [ 35.057971962000067, 0.899760883000055 ], [ 35.059064994000039, 0.900004242000027 ], [ 35.059733608000045, 0.899420040000058 ], [ 35.060512398000071, 0.898703506000068 ], [ 35.061248536000051, 0.89844760200003 ], [ 35.062267170000041, 0.898207815000039 ], [ 35.063429058000054, 0.898239401000061 ], [ 35.064476004000028, 0.898459939000017 ], [ 35.065599062000047, 0.898676082000066 ], [ 35.066807213000061, 0.899085839000071 ], [ 35.067953646000035, 0.898014080000052 ], [ 35.068882968000025, 0.89744472800004 ], [ 35.069323115000032, 0.898119359000027 ], [ 35.070000578000077, 0.898622674000028 ], [ 35.070802730000025, 0.899341763000055 ], [ 35.071731105000026, 0.899621871000015 ], [ 35.072815559000048, 0.900253756000036 ], [ 35.073870304000025, 0.900329557000015 ], [ 35.074854954000045, 0.900004061000063 ], [ 35.075875117000066, 0.899422587000056 ], [ 35.07695622600005, 0.898956912000077 ], [ 35.077983750000044, 0.898615596000065 ], [ 35.078279655000074, 0.897863689000073 ], [ 35.078974321000032, 0.897523080000047 ], [ 35.079506611000056, 0.89655166800003 ], [ 35.080473227000027, 0.896612489000062 ], [ 35.080315266000071, 0.895344789000038 ], [ 35.081222045000061, 0.89514087900006 ], [ 35.08212829100006, 0.895030451000029 ], [ 35.082629299000082, 0.894154242000073 ], [ 35.081697721000069, 0.893718998000055 ], [ 35.081999678000045, 0.892633506000037 ], [ 35.081165187000067, 0.892310879000028 ], [ 35.080862333000027, 0.891592480000047 ], [ 35.080831999000054, 0.890820160000026 ], [ 35.081829615000061, 0.891035851000027 ], [ 35.081927940000071, 0.890278860000016 ], [ 35.081190233000029, 0.889381576000059 ], [ 35.081600989000037, 0.888527878000043 ], [ 35.082412077000072, 0.887608982000074 ], [ 35.083661301000063, 0.887978184000072 ], [ 35.08423706800005, 0.887049394000027 ], [ 35.084661277000066, 0.886092349000022 ], [ 35.084172526000032, 0.885125144000034 ], [ 35.085040245000073, 0.884268557000044 ], [ 35.086175590000039, 0.884766887000065 ], [ 35.08713066200005, 0.883912782000033 ], [ 35.086992104000046, 0.883068396000053 ], [ 35.086227334000057, 0.883061546000026 ], [ 35.086254985000039, 0.882265172000069 ], [ 35.087033204000079, 0.881830084000051 ], [ 35.087976806000029, 0.881272222000067 ], [ 35.088703483000074, 0.881670371000047 ], [ 35.088686831000075, 0.882558821000034 ], [ 35.089623751000033, 0.882334773000021 ], [ 35.090379908000045, 0.882888462000036 ], [ 35.091133180000043, 0.882573348000052 ], [ 35.091919172000075, 0.882204962000059 ], [ 35.092699730000049, 0.882302628000049 ], [ 35.092371347000039, 0.881376830000025 ], [ 35.093130478000035, 0.881125317000056 ], [ 35.093639394000043, 0.880326125000072 ], [ 35.094375178000064, 0.880757733000056 ], [ 35.09537339700006, 0.88034025100007 ], [ 35.096160002000033, 0.880195886000028 ], [ 35.097091052000053, 0.88022313200003 ], [ 35.097407837000048, 0.879330656000034 ], [ 35.098571864000064, 0.879349428000065 ], [ 35.09809574600007, 0.877941681000031 ], [ 35.098868779000043, 0.877102610000067 ], [ 35.099625877000051, 0.87657958200004 ], [ 35.100486097000044, 0.876499340000073 ], [ 35.100977904000047, 0.875721257000061 ], [ 35.102039341000079, 0.875381912000015 ], [ 35.10282649800007, 0.876009529000035 ], [ 35.103489965000051, 0.876760673000041 ], [ 35.104003686000055, 0.875937590000027 ], [ 35.104782604000036, 0.876067076000021 ], [ 35.105258239000079, 0.877138206000048 ], [ 35.10610420200004, 0.877040170000047 ], [ 35.106148719000032, 0.877863175000071 ], [ 35.107013260000031, 0.878233683000068 ], [ 35.108119076000037, 0.878099850000071 ], [ 35.108755275000085, 0.878950411000064 ], [ 35.10888361800005, 0.880162845000024 ], [ 35.10898260700003, 0.881227756000049 ], [ 35.109797379000042, 0.881632380000041 ], [ 35.110537259000068, 0.882008560000029 ], [ 35.111484334000068, 0.882057920000029 ], [ 35.111889394000059, 0.88300116000005 ], [ 35.112317326000039, 0.882170481000058 ], [ 35.113014948000064, 0.882576420000026 ], [ 35.113724617000059, 0.882973972000065 ], [ 35.11609330400006, 0.85349670400007 ], [ 35.116180212000074, 0.85227506000006 ], [ 35.116656798000065, 0.850840949000023 ], [ 35.117190528000037, 0.848928745000026 ], [ 35.12525501500005, 0.821110089000061 ], [ 35.125251702000071, 0.822235328000036 ], [ 35.125510638000037, 0.823120629000076 ], [ 35.12551998400005, 0.823986283000074 ], [ 35.125548116000061, 0.825060306000069 ], [ 35.125212619000024, 0.826199388000019 ], [ 35.125267123000071, 0.827211763000041 ], [ 35.125748811000051, 0.828038427000029 ], [ 35.12587783400005, 0.82924541800002 ], [ 35.126908937000053, 0.829164774000051 ], [ 35.127951233000033, 0.829319227000035 ], [ 35.128681290000031, 0.829813643000028 ], [ 35.128996761000053, 0.830754373000046 ], [ 35.130325885000047, 0.831107922000064 ], [ 35.131401934000053, 0.83158069400002 ], [ 35.132113583000034, 0.831277270000044 ], [ 35.132896874000039, 0.830982776000045 ], [ 35.133946298000069, 0.830641944000038 ], [ 35.134777630000031, 0.830482467000025 ], [ 35.135483968000074, 0.830874838000051 ], [ 35.136405937000063, 0.830877579000058 ], [ 35.137680128000056, 0.830731448000049 ], [ 35.138751941000066, 0.830295135000037 ], [ 35.139569990000041, 0.830295073000052 ], [ 35.140243114000043, 0.829739698000018 ], [ 35.141104220000045, 0.829514694000064 ], [ 35.141990658000054, 0.829387785000059 ], [ 35.14307012200004, 0.829696326000027 ], [ 35.143966061000071, 0.828977787000048 ], [ 35.144796658000075, 0.828453301000018 ], [ 35.144315075000065, 0.749175302000021 ], [ 35.144416057000058, 0.740929895000027 ], [ 35.145690943000034, 0.740976194000049 ], [ 35.146794362000037, 0.740881606000075 ], [ 35.147870699000066, 0.741533877000044 ], [ 35.148814509000033, 0.741472756000057 ], [ 35.149654007000038, 0.74107041700006 ], [ 35.150439891000076, 0.740759540000048 ], [ 35.151530252000043, 0.741281258000066 ], [ 35.152450246000058, 0.741371820000043 ], [ 35.153499957000065, 0.741751687000038 ], [ 35.154595535000055, 0.741784585000068 ], [ 35.155378964000079, 0.741432709000043 ], [ 35.155140765000056, 0.700874941000047 ], [ 35.155169758000056, 0.698741754000031 ], [ 35.155252854000025, 0.685047113000052 ], [ 35.155020719000049, 0.675822149000055 ], [ 35.154072672000048, 0.674651905000073 ], [ 35.153569066000045, 0.673922353000027 ], [ 35.153246628000034, 0.673095521000046 ], [ 35.153023353000037, 0.672190841000025 ], [ 35.152750455000046, 0.671042974000038 ], [ 35.152263989000062, 0.670148078000067 ], [ 35.15153816000003, 0.669180156000043 ], [ 35.153392479000047, 0.666315322000065 ], [ 35.154610854000055, 0.66519978900004 ], [ 35.15489006100006, 0.663777531000044 ], [ 35.15489578200004, 0.662673444000063 ], [ 35.154190064000034, 0.661861181000056 ], [ 35.153314591000026, 0.661433190000025 ], [ 35.152101015000028, 0.661499594000013 ], [ 35.150707245000035, 0.661034361000017 ], [ 35.149696350000056, 0.660635502000052 ], [ 35.14870262200003, 0.660431236000027 ], [ 35.147846222000055, 0.66037285300007 ], [ 35.146776199000044, 0.660353422000074 ], [ 35.145726268000033, 0.660477811000027 ], [ 35.14481311600008, 0.660751307000054 ], [ 35.143961410000031, 0.661025814000024 ], [ 35.142982308000057, 0.661393424000031 ], [ 35.142261442000063, 0.661743623000062 ], [ 35.141307503000064, 0.661978364000047 ], [ 35.140453339000032, 0.661296994000056 ], [ 35.139520646000051, 0.660596609000039 ], [ 35.138509750000026, 0.660081029000021 ], [ 35.137554169000055, 0.659400105000034 ], [ 35.136680603000066, 0.659011006000067 ], [ 35.135798136000062, 0.658446809000046 ], [ 35.135166168000069, 0.657606351000029 ], [ 35.134619395000072, 0.656825562000045 ], [ 35.133909226000071, 0.656199724000031 ], [ 35.132794380000064, 0.655907900000039 ], [ 35.131641214000069, 0.655620391000062 ], [ 35.130888299000048, 0.656018336000038 ], [ 35.129801375000056, 0.655417074000074 ], [ 35.128744853000057, 0.655708547000081 ], [ 35.127527491000023, 0.655177025000058 ], [ 35.126297610000051, 0.655501499000018 ], [ 35.125006358000064, 0.655327499000061 ], [ 35.12398147600004, 0.654711411000043 ], [ 35.123276710000027, 0.653840810000014 ], [ 35.122260730000058, 0.653174460000055 ], [ 35.121567973000026, 0.652166812000083 ], [ 35.120664978000036, 0.651664734000063 ], [ 35.120260239000061, 0.650732845000055 ], [ 35.119592571000055, 0.650128659000079 ], [ 35.118685592000077, 0.650275037000029 ], [ 35.117641449000075, 0.650263953000028 ], [ 35.117220878000069, 0.649239630000067 ], [ 35.11685466800003, 0.648135558000041 ], [ 35.116334915000039, 0.647264928000021 ], [ 35.116369248000069, 0.646277607000063 ], [ 35.116608302000031, 0.645171881000064 ], [ 35.11663945500004, 0.643547371000069 ], [ 35.115988512000058, 0.642435148000057 ], [ 35.114810351000074, 0.642726789000045 ], [ 35.113707705000024, 0.643036867000031 ], [ 35.112757814000076, 0.642800040000047 ], [ 35.11174047600008, 0.643198481000069 ], [ 35.11073272200008, 0.643594466000022 ], [ 35.109681516000087, 0.644306067000062 ], [ 35.108675240000025, 0.644876793000037 ], [ 35.107887651000055, 0.645421575000059 ], [ 35.107185920000063, 0.646199783000044 ], [ 35.106481512000073, 0.647014336000032 ], [ 35.105788137000047, 0.647464350000071 ], [ 35.104863372000068, 0.647735758000066 ], [ 35.103791354000066, 0.64776604400004 ], [ 35.102913597000054, 0.646875971000047 ], [ 35.101962110000045, 0.646088063000042 ], [ 35.101388851000031, 0.645086118000047 ], [ 35.10072692600005, 0.644200926000055 ], [ 35.099780579000026, 0.64378104000003 ], [ 35.099493344000052, 0.642838100000059 ], [ 35.099189392000028, 0.641910093000041 ], [ 35.098619371000041, 0.641310244000075 ], [ 35.098035694000032, 0.640791437000068 ], [ 35.097276555000064, 0.64026619900006 ], [ 35.096661085000051, 0.639702004000078 ], [ 35.096477112000059, 0.638892662000054 ], [ 35.096314654000025, 0.637839162000035 ], [ 35.095756721000043, 0.637299289000059 ], [ 35.095026211000061, 0.636915065000042 ], [ 35.094220877000055, 0.636114484000073 ], [ 35.093441204000044, 0.636025027000074 ], [ 35.092575332000024, 0.635971540000074 ], [ 35.09160262000006, 0.635668401000039 ], [ 35.090998883000054, 0.634916127000054 ], [ 35.089956758000028, 0.633807204000054 ], [ 35.089507404000074, 0.632387001000034 ], [ 35.08843994700004, 0.631939551000069 ], [ 35.087673167000048, 0.631329956000066 ], [ 35.08700940500006, 0.630921422000024 ], [ 35.086148109000078, 0.630339761000077 ], [ 35.085336809000069, 0.630986328000066 ], [ 35.084603001000062, 0.63143819000004 ], [ 35.08361870300007, 0.631727386000021 ], [ 35.082443663000049, 0.631399813000036 ], [ 35.081291691000047, 0.631200451000046 ], [ 35.08048683100003, 0.631025374000051 ], [ 35.079361778000077, 0.630598767000033 ], [ 35.078258008000034, 0.631108472000049 ], [ 35.077368884000066, 0.63104089400003 ], [ 35.076557646000026, 0.631343686000032 ], [ 35.075459552000041, 0.63152647200007 ], [ 35.074197582000068, 0.631215215000055 ], [ 35.072848424000028, 0.63027655200006 ], [ 35.071555311000054, 0.630013923000035 ], [ 35.070573085000035, 0.629858321000023 ], [ 35.069529984000042, 0.630012215000026 ], [ 35.069283078000069, 0.631254277000032 ], [ 35.069156387000078, 0.632188128000059 ], [ 35.068372621000037, 0.632786390000032 ], [ 35.06748011600007, 0.633185263000038 ], [ 35.066476986000062, 0.633535470000026 ], [ 35.065596111000048, 0.633735237000047 ], [ 35.064497431000063, 0.633935887000064 ], [ 35.063586851000025, 0.634137095000029 ], [ 35.062780951000036, 0.634206813000052 ], [ 35.061698917000058, 0.634065773000024 ], [ 35.061443852000025, 0.633131918000062 ], [ 35.060804357000052, 0.632591612000049 ], [ 35.059775026000068, 0.632900145000059 ], [ 35.058906562000061, 0.632511047000044 ], [ 35.058067317000059, 0.632174763000016 ], [ 35.056979014000035, 0.632552769000021 ], [ 35.055604911000046, 0.632577304000047 ], [ 35.05463592600006, 0.632901431000054 ], [ 35.053765459000033, 0.632968762000079 ], [ 35.052477465000038, 0.636838587000057 ], [ 35.049204597000028, 0.637464150000027 ], [ 35.047981678000042, 0.637715605000032 ], [ 35.046082174000048, 0.638108037000055 ], [ 35.044388656000024, 0.638555538000043 ], [ 35.043534290000025, 0.63892523200002 ], [ 35.04275621000005, 0.639294924000064 ], [ 35.041195477000031, 0.640505086000069 ], [ 35.04117168700003, 0.642782890000035 ], [ 35.042419580000065, 0.645130323000045 ], [ 35.042896676000055, 0.646272874000026 ], [ 35.043457853000064, 0.647997110000055 ], [ 35.043521081000051, 0.648994276000049 ], [ 35.043145640000034, 0.64982153100004 ], [ 35.041628144000072, 0.65151423100002 ], [ 35.040690552000058, 0.653768502000044 ], [ 35.03976082500003, 0.656821783000051 ], [ 35.039536082000041, 0.657789908000033 ], [ 35.039425739000023, 0.658683578000019 ], [ 35.039387885000053, 0.659651633000074 ], [ 35.03927972300005, 0.667917785000037 ], [ 35.039172179000047, 0.67826899600004 ], [ 35.039207035000061, 0.680056263000039 ], [ 35.03917307200004, 0.681284972000069 ], [ 35.039024621000067, 0.682290346000067 ], [ 35.038799912000059, 0.68337017100004 ], [ 35.038689558000044, 0.68422652800007 ], [ 35.03857940100005, 0.685753150000039 ], [ 35.03865243100006, 0.687652117000027 ], [ 35.038728966000065, 0.688508524000042 ], [ 35.039024792000077, 0.689309069000048 ], [ 35.039621842000031, 0.68981168900007 ], [ 35.040365727000051, 0.690295704000053 ], [ 35.041334708000079, 0.691003107000033 ], [ 35.04226557100003, 0.691784961000059 ], [ 35.043196488000035, 0.692753022000039 ], [ 35.044348721000063, 0.694056172000053 ], [ 35.045691800000043, 0.695843368000049 ], [ 35.046359635000044, 0.69710929200005 ], [ 35.046993189000034, 0.698524172000017 ], [ 35.047443457000043, 0.699231605000023 ], [ 35.048038616000042, 0.699790134000072 ], [ 35.04893136000004, 0.700646437000045 ], [ 35.049751692000029, 0.701688951000046 ], [ 35.050793350000049, 0.703103868000026 ], [ 35.051537500000052, 0.704481488000064 ], [ 35.052430486000048, 0.70615700800004 ], [ 35.053275862000078, 0.708051462000075 ], [ 35.053569899000024, 0.709247399000055 ], [ 35.053736141000059, 0.710364427000057 ], [ 35.054519336000055, 0.714795335000023 ], [ 35.054668448000029, 0.716024034000047 ], [ 35.054798523000045, 0.717364494000041 ], [ 35.053966584000079, 0.728649583000055 ], [ 35.054062169000076, 0.729440751000024 ], [ 35.054462859000068, 0.730161985000045 ], [ 35.057538502000057, 0.732038046000077 ], [ 35.057152527000028, 0.732710090000065 ], [ 35.056599669000036, 0.733320182000051 ], [ 35.056135835000077, 0.734031917000031 ], [ 35.056047149000051, 0.735074104000041 ], [ 35.056161933000055, 0.73629895900007 ], [ 35.056724760000066, 0.737152032000032 ], [ 35.057344686000079, 0.737628603000074 ], [ 35.058012271000052, 0.738048010000057 ], [ 35.058629074000073, 0.738708842000044 ], [ 35.058629364000069, 0.739687464000046 ], [ 35.058222800000067, 0.74060256900003 ], [ 35.056602674000032, 0.743471798000038 ], [ 35.056154838000054, 0.744539446000032 ], [ 35.055840406000073, 0.745311532000071 ], [ 35.05490648600005, 0.747084549000022 ], [ 35.054463462000058, 0.748304682000033 ], [ 35.054633822000028, 0.749372281000028 ], [ 35.055565427000033, 0.750516059000067 ], [ 35.05638575200004, 0.751535953000029 ], [ 35.056643416000043, 0.752260383000018 ], [ 35.056720118000044, 0.753680628000045 ], [ 35.056844543000068, 0.755262968000068 ], [ 35.05712136100005, 0.756273325000054 ], [ 35.057445766000058, 0.756978678000049 ], [ 35.057817851000038, 0.757703132000074 ], [ 35.058743013000026, 0.758556184000042 ], [ 35.060612168000041, 0.759447333000017 ], [ 35.061714645000052, 0.760166933000054 ], [ 35.062372925000034, 0.761363179000053 ], [ 35.062584549000064, 0.763014249000037 ], [ 35.063421887000061, 0.762604151000069 ], [ 35.064318386000025, 0.76341397700003 ], [ 35.064497113000073, 0.764832954000047 ], [ 35.06513635500005, 0.766136158000046 ], [ 35.066072262000034, 0.766781589000064 ], [ 35.066493910000077, 0.767435214000039 ], [ 35.066421031000061, 0.76819509800004 ], [ 35.065582732000053, 0.768730327000067 ], [ 35.064758114000028, 0.76931461000004 ], [ 35.065121735000048, 0.770433951000032 ], [ 35.065060392000078, 0.771507072000028 ], [ 35.065550066000071, 0.77219336200006 ], [ 35.066387730000031, 0.772733967000025 ], [ 35.066319408000027, 0.77384927900005 ], [ 35.065420592000066, 0.775029994000018 ], [ 35.065048217000026, 0.776551135000034 ], [ 35.06506102700007, 0.777947784000044 ], [ 35.065814458000034, 0.778469848000044 ], [ 35.066663235000078, 0.778969568000029 ], [ 35.067016269000078, 0.779756669000046 ], [ 35.067396046000056, 0.780696308000068 ], [ 35.067186502000027, 0.78146979000007 ], [ 35.066350494000062, 0.782232443000056 ], [ 35.065950753000038, 0.783104694000028 ], [ 35.067229368000028, 0.783474359000028 ], [ 35.067572601000052, 0.784438479000077 ], [ 35.066924382000025, 0.785018654000053 ], [ 35.066171239000028, 0.785468091000047 ], [ 35.065477236000049, 0.785999214000073 ], [ 35.06496250400005, 0.786563021000064 ], [ 35.064182813000059, 0.787523129000026 ], [ 35.063436472000035, 0.788409697000024 ], [ 35.063512080000066, 0.789352060000054 ], [ 35.064149198000052, 0.789929403000034 ], [ 35.064834101000031, 0.790869016000051 ], [ 35.064794348000078, 0.791865860000034 ], [ 35.06469164400005, 0.792797335000045 ], [ 35.064309798000068, 0.793887317000046 ], [ 35.064585442000066, 0.794795880000031 ], [ 35.064055562000078, 0.795722479000065 ], [ 35.063907167000025, 0.796918148000023 ], [ 35.063109007000037, 0.797762503000053 ], [ 35.062217840000073, 0.797940947000022 ], [ 35.061584936000031, 0.798717193000073 ], [ 35.060671264000064, 0.799316157000017 ], [ 35.060315309000032, 0.800257454000076 ], [ 35.059640334000051, 0.800641500000048 ], [ 35.058593449000057, 0.80089730600003 ], [ 35.057580940000037, 0.801317613000042 ], [ 35.056879388000027, 0.802112401000053 ], [ 35.055993680000029, 0.802476043000063 ], [ 35.055106884000054, 0.802386222000045 ], [ 35.054211489000075, 0.802237844000046 ], [ 35.053838714000058, 0.801330887000067 ], [ 35.052975657000047, 0.801981856000059 ], [ 35.052036647000079, 0.802668265000026 ], [ 35.051194918000078, 0.803428192000073 ], [ 35.050817566000035, 0.804237118000064 ], [ 35.050322034000033, 0.805238070000037 ], [ 35.049733118000063, 0.80644329500006 ], [ 35.049350063000077, 0.807317580000069 ], [ 35.048970799000074, 0.808112887000046 ], [ 35.048124328000029, 0.808959987000036 ], [ 35.047609664000049, 0.809752529000035 ], [ 35.047222815000055, 0.810692231000072 ], [ 35.046799126000053, 0.811729925000064 ], [ 35.046508621000044, 0.812800292000025 ], [ 35.045364360000065, 0.813731825000049 ], [ 35.044630337000058, 0.81435283400003 ], [ 35.043789520000075, 0.814973851000053 ], [ 35.043301502000077, 0.815590347000071 ], [ 35.04312632500006, 0.816500592000061 ], [ 35.043103674000065, 0.817290186000037 ], [ 35.042754966000075, 0.818230750000046 ], [ 35.042209772000035, 0.81896231800004 ], [ 35.041623643000037, 0.819920330000067 ], [ 35.041308378000053, 0.821098915000052 ], [ 35.040380341000059, 0.821269280000029 ], [ 35.039063884000029, 0.821371924000069 ], [ 35.038004361000048, 0.821880963000064 ], [ 35.036770870000055, 0.822016489000021 ], [ 35.035660165000024, 0.822492624000062 ], [ 35.034518165000065, 0.822473344000062 ], [ 35.033615591000057, 0.82169541400004 ], [ 35.032663384000045, 0.821819326000018 ], [ 35.031622969000068, 0.822452220000067 ], [ 35.030804158000024, 0.823328942000042 ], [ 35.030213305000075, 0.824432078000035 ], [ 35.029732069000033, 0.825407489000047 ], [ 35.029045702000076, 0.825964897000059 ], [ 35.028315522000071, 0.826684852000027 ], [ 35.027734070000065, 0.827335120000039 ], [ 35.027672654000071, 0.828159576000081 ], [ 35.027810920000036, 0.829256856000026 ], [ 35.027399230000071, 0.830029067000061 ], [ 35.026423937000061, 0.830545841000066 ], [ 35.025399065000045, 0.831078084000071 ], [ 35.024869074000037, 0.83163161000004 ], [ 35.024640493000049, 0.832517976000027 ], [ 35.024812399000041, 0.833439188000059 ], [ 35.024718570000061, 0.834290717000038 ], [ 35.025049361000072, 0.835097688000081 ], [ 35.025171801000056, 0.836415608000035 ], [ 35.025427672000035, 0.837524519000059 ], [ 35.026241380000045, 0.838737907000055 ], [ 35.026809749000051, 0.840061594000081 ], [ 35.027833711000035, 0.840752419000072 ], [ 35.027675425000041, 0.841818010000053 ], [ 35.027019571000039, 0.842372317000064 ], [ 35.026485838000042, 0.843167727000042 ], [ 35.026889127000061, 0.844083101000019 ], [ 35.026940276000062, 0.845077833000069 ], [ 35.026511394000067, 0.845751340000048 ], [ 35.025659105000045, 0.846273908000052 ], [ 35.025423886000056, 0.847284139000058 ], [ 35.025889564000067, 0.848509140000025 ], [ 35.02546555300006, 0.849532946000061 ], [ 35.025591735000035, 0.850608932000055 ], [ 35.025498029000062, 0.851870751000036 ], [ 35.024984473000075, 0.852971565000068 ], [ 35.024667787000055, 0.853856384000032 ], [ 35.023924113000078, 0.854088648000064 ], [ 35.023232009000026, 0.854588016000035 ], [ 35.022751751000044, 0.855648577000065 ], [ 35.022024710000039, 0.85623692300004 ], [ 35.021596506000037, 0.857055593000036 ], [ 35.020746079000048, 0.857421394000019 ], [ 35.019987266000044, 0.858048485000041 ], [ 35.019199783000033, 0.858454919000051 ], [ 35.018410416000052, 0.858942655000015 ], [ 35.017714547000033, 0.859610348000055 ], [ 35.016774458000043, 0.859871695000044 ], [ 35.015849495000055, 0.859689830000043 ], [ 35.015065828000047, 0.860104013000062 ], [ 35.014358453000057, 0.860556904000013 ], [ 35.013824660000068, 0.86114911400006 ], [ 35.013488407000068, 0.86229290100005 ], [ 35.013058683000054, 0.863343799000063 ], [ 35.013217849000057, 0.864179797000018 ], [ 35.013709479000063, 0.865027439000073 ], [ 35.014109570000073, 0.865875086000075 ], [ 35.01473661600005, 0.866780737000049 ], [ 35.01516252700003, 0.867878020000035 ], [ 35.015638701000057, 0.869126267000066 ], [ 35.015472442000032, 0.87010163500002 ], [ 35.015534377000051, 0.871030563000034 ], [ 35.015790842000058, 0.871998184000059 ], [ 35.015286350000054, 0.872795573000076 ], [ 35.015495156000043, 0.87382317100003 ], [ 35.015884468000024, 0.874761766000065 ], [ 35.016876221000075, 0.875088787000034 ], [ 35.017345593000073, 0.875907383000024 ], [ 35.017359231000057, 0.876882765000068 ], [ 35.017754312000079, 0.877980051000071 ], [ 35.017492463000053, 0.879222511000016 ], [ 35.017604277000032, 0.880075966000046 ], [ 35.019100839000032, 0.881753763000058 ], [ 35.019168296000032, 0.883083323000043 ], [ 35.018579825000074, 0.883640677000079 ], [ 35.018273090000037, 0.884645105000057 ], [ 35.018627234000064, 0.885963037000071 ], [ 35.019201233000047, 0.886977068000013 ], [ 35.018852651000032, 0.887698068000017 ], [ 35.019174457000076, 0.888511554000042 ], [ 35.018940642000075, 0.889413414000047 ], [ 35.019104207000055, 0.890648113000062 ], [ 35.020078883000053, 0.891340911000035 ], [ 35.020479530000046, 0.892262076000059 ], [ 35.021153907000041, 0.893516118000041 ], [ 35.021843494000052, 0.89444504400006 ], [ 35.022261265000054, 0.895095235000049 ], [ 35.022797267000051, 0.895652616000064 ], [ 35.023422912000058, 0.896233182000062 ], [ 35.024166163000075, 0.896798258000047 ], [ 35.025055475000045, 0.897181777000078 ], [ 35.02585285400005, 0.897460089000052 ], [ 35.026842533000035, 0.897648900000041 ], [ 35.028083603000027, 0.897384459000015 ], [ 35.02875354300005, 0.896476850000055 ], [ 35.029297371000041, 0.895485357000043 ], [ 35.030192539000041, 0.895154575000056 ], [ 35.030925686000046, 0.895489820000018 ], [ 35.031637416000024, 0.895858903000026 ], [ 35.032098579000035, 0.895027366000021 ], [ 35.032379731000049, 0.896372252000053 ], [ 35.032421180000028, 0.897219935000061 ], [ 35.033221815000047, 0.897498962000049 ], [ 35.034132783000075, 0.897362951000047 ], [ 35.035290118000034, 0.897181341000025 ], [ 35.036149840000064, 0.897926251000061 ], [ 35.036933688000033, 0.898315878000057 ], [ 35.03769219600008, 0.898431183000063 ], [ 35.038412220000055, 0.898962333000047 ], [ 35.039395759000058, 0.899159444000024 ], [ 35.040252498000029, 0.899906775000039 ], [ 35.040585803000056, 0.901135076000067 ], [ 35.040978257000063, 0.902545878000062 ], [ 35.041897241000072, 0.902734999000082 ], [ 35.042862246000027, 0.902636584000051 ], [ 35.044055839000066, 0.902634495000026 ], [ 35.044895007000036, 0.902665199000069 ], [ 35.04567473000003, 0.902795372000063 ], [ 35.046508729000038, 0.90276716200004 ], [ 35.047313881000036, 0.902136266000067 ], [ 35.047593473000063, 0.901262806000029 ], [ 35.047757722000028, 0.900302859000026 ], [ 35.048459278000053, 0.900867025000032 ], [ 35.049062794000065, 0.901823030000063 ], [ 35.04972932000004, 0.902291282000028 ], [ 35.050692856000069, 0.902613868000067 ], [ 35.05150831900005, 0.903393149000062 ], [ 35.052842038000051, 0.902943546000073 ], [ 35.053778950000044, 0.902796262000035 ], [ 35.054567236000025, 0.902096837000047 ], [ 35.054792475000056, 0.901235309000072 ], [ 35.055400253000073, 0.900634764000071 ], [ 35.056353260000037, 0.900353555000032 ], [ 35.05720559100007, 0.900065477000057 ] ] ] } },
{ "type": "Feature", "properties": { "Shape_Leng": 1.3329586919400001, "Shape_Area": 0.02987988373, "ADM2_EN": "Lugari", "ADM2_PCODE": "KE037199", "ADM2_REF": null, "ADM2ALT1EN": null, "ADM2ALT2EN": null, "ADM1_EN": "Kakamega", "ADM1_PCODE": "KE037", "ADM0_EN": "Kenya", "ADM0_PCODE": "KE", "date": "2017-11-03T00:00:00", "validOn": "2019-10-31T00:00:00", "ValidTo": null }, "geometry": { "type": "Polygon", "coordinates": [ [ [ 35.05873323600008, 0.764180974000048 ], [ 35.059610330000062, 0.763707023000052 ], [ 35.06085734800007, 0.763096852000054 ], [ 35.061762541000064, 0.76305869400005 ], [ 35.062584549000064, 0.763014249000037 ], [ 35.062372925000034, 0.761363179000053 ], [ 35.061714645000052, 0.760166933000054 ], [ 35.060612168000041, 0.759447333000017 ], [ 35.058743013000026, 0.758556184000042 ], [ 35.057817851000038, 0.757703132000074 ], [ 35.057445766000058, 0.756978678000049 ], [ 35.05712136100005, 0.756273325000054 ], [ 35.056844543000068, 0.755262968000068 ], [ 35.056720118000044, 0.753680628000045 ], [ 35.056643416000043, 0.752260383000018 ], [ 35.05638575200004, 0.751535953000029 ], [ 35.055565427000033, 0.750516059000067 ], [ 35.054633822000028, 0.749372281000028 ], [ 35.054463462000058, 0.748304682000033 ], [ 35.05490648600005, 0.747084549000022 ], [ 35.055840406000073, 0.745311532000071 ], [ 35.056154838000054, 0.744539446000032 ], [ 35.056602674000032, 0.743471798000038 ], [ 35.058222800000067, 0.74060256900003 ], [ 35.058629364000069, 0.739687464000046 ], [ 35.058629074000073, 0.738708842000044 ], [ 35.058012271000052, 0.738048010000057 ], [ 35.057344686000079, 0.737628603000074 ], [ 35.056724760000066, 0.737152032000032 ], [ 35.056161933000055, 0.73629895900007 ], [ 35.056047149000051, 0.735074104000041 ], [ 35.056135835000077, 0.734031917000031 ], [ 35.056599669000036, 0.733320182000051 ], [ 35.057152527000028, 0.732710090000065 ], [ 35.057538502000057, 0.732038046000077 ], [ 35.054462859000068, 0.730161985000045 ], [ 35.054062169000076, 0.729440751000024 ], [ 35.053966584000079, 0.728649583000055 ], [ 35.054798523000045, 0.717364494000041 ], [ 35.054668448000029, 0.716024034000047 ], [ 35.054519336000055, 0.714795335000023 ], [ 35.053736141000059, 0.710364427000057 ], [ 35.053569899000024, 0.709247399000055 ], [ 35.053275862000078, 0.708051462000075 ], [ 35.052430486000048, 0.70615700800004 ], [ 35.051537500000052, 0.704481488000064 ], [ 35.050793350000049, 0.703103868000026 ], [ 35.049751692000029, 0.701688951000046 ], [ 35.04893136000004, 0.700646437000045 ], [ 35.048038616000042, 0.699790134000072 ], [ 35.047443457000043, 0.699231605000023 ], [ 35.046993189000034, 0.698524172000017 ], [ 35.046359635000044, 0.69710929200005 ], [ 35.045691800000043, 0.695843368000049 ], [ 35.044348721000063, 0.694056172000053 ], [ 35.043196488000035, 0.692753022000039 ], [ 35.04226557100003, 0.691784961000059 ], [ 35.041334708000079, 0.691003107000033 ], [ 35.040365727000051, 0.690295704000053 ], [ 35.039621842000031, 0.68981168900007 ], [ 35.039024792000077, 0.689309069000048 ], [ 35.038728966000065, 0.688508524000042 ], [ 35.03865243100006, 0.687652117000027 ], [ 35.03857940100005, 0.685753150000039 ], [ 35.038689558000044, 0.68422652800007 ], [ 35.038799912000059, 0.68337017100004 ], [ 35.039024621000067, 0.682290346000067 ], [ 35.03917307200004, 0.681284972000069 ], [ 35.039207035000061, 0.680056263000039 ], [ 35.039172179000047, 0.67826899600004 ], [ 35.03927972300005, 0.667917785000037 ], [ 35.039387885000053, 0.659651633000074 ], [ 35.039425739000023, 0.658683578000019 ], [ 35.039536082000041, 0.657789908000033 ], [ 35.03976082500003, 0.656821783000051 ], [ 35.040690552000058, 0.653768502000044 ], [ 35.041628144000072, 0.65151423100002 ], [ 35.043145640000034, 0.64982153100004 ], [ 35.043521081000051, 0.648994276000049 ], [ 35.043457853000064, 0.647997110000055 ], [ 35.042896676000055, 0.646272874000026 ], [ 35.042419580000065, 0.645130323000045 ], [ 35.04117168700003, 0.642782890000035 ], [ 35.041195477000031, 0.640505086000069 ], [ 35.039615105000053, 0.641178977000042 ], [ 35.040127467000048, 0.634995386000074 ], [ 35.040848198000049, 0.633730726000063 ], [ 35.040625551000062, 0.632964581000066 ], [ 35.039593935000028, 0.631805740000057 ], [ 35.038718043000074, 0.630628093000036 ], [ 35.037704595000037, 0.62998866800006 ], [ 35.036831810000024, 0.62999692100005 ], [ 35.035894579000058, 0.629363078000033 ], [ 35.035184382000068, 0.628783463000045 ], [ 35.035384161000025, 0.627713895000058 ], [ 35.034706020000044, 0.626796144000022 ], [ 35.034991911000084, 0.625533359000038 ], [ 35.034757160000026, 0.62440860400006 ], [ 35.03431459400008, 0.623746165000053 ], [ 35.033803373000069, 0.623111355000045 ], [ 35.033057531000054, 0.62222811800007 ], [ 35.03242423800004, 0.621510491000036 ], [ 35.032132328000053, 0.620765257000076 ], [ 35.032092142000067, 0.619854403000042 ], [ 35.031870767000044, 0.618902159000076 ], [ 35.031567393000046, 0.618018880000016 ], [ 35.030965428000059, 0.61713827200004 ], [ 35.029905907000057, 0.617246 ], [ 35.028992440000025, 0.616349070000068 ], [ 35.028144530000077, 0.615245014000045 ], [ 35.027268995000043, 0.614421380000073 ], [ 35.000797917000057, 0.638507981000035 ], [ 35.000391342000057, 0.639165634000046 ], [ 34.999349747000053, 0.638656994000022 ], [ 34.998703731000035, 0.637885285000031 ], [ 34.998121279000031, 0.637051824000025 ], [ 34.99775745900007, 0.635820771000062 ], [ 34.997019249000068, 0.634958246000054 ], [ 34.99679470500007, 0.634068826000027 ], [ 34.99633433200006, 0.633366989000019 ], [ 34.99582498500007, 0.632506068000049 ], [ 34.995050542000058, 0.631667118000047 ], [ 34.994082738000031, 0.631015715000041 ], [ 34.993009190000066, 0.630806178000051 ], [ 34.992059942000026, 0.631181177000033 ], [ 34.990856578000034, 0.631305342000082 ], [ 34.989687419000063, 0.630959903000082 ], [ 34.988848202000042, 0.630598004000039 ], [ 34.988050928000064, 0.630129172000066 ], [ 34.987179228000059, 0.629356059000033 ], [ 34.986233184000071, 0.628837878000076 ], [ 34.985411169000031, 0.628722744000075 ], [ 34.984226815000056, 0.628796807000072 ], [ 34.98274167000006, 0.628534729000027 ], [ 34.981550334000076, 0.628410282000058 ], [ 34.980542010000079, 0.628026453000069 ], [ 34.97975105900008, 0.62733559200007 ], [ 34.979183834000025, 0.626296454000063 ], [ 34.977948219000041, 0.625789308000041 ], [ 34.976871513000049, 0.625136782000027 ], [ 34.976321769000037, 0.624083963000035 ], [ 34.975629672000025, 0.623376619000061 ], [ 34.974949371000037, 0.622899559000071 ], [ 34.974175904000049, 0.622216894000077 ], [ 34.973762843000031, 0.621172296000054 ], [ 34.973568158000035, 0.620152400000054 ], [ 34.973253323000051, 0.61914889800005 ], [ 34.972249998000052, 0.618178376000064 ], [ 34.971164637000072, 0.617026836000044 ], [ 34.97093373000007, 0.616105647000034 ], [ 34.970834403000026, 0.615069237000059 ], [ 34.968433169000036, 0.614509999000062 ], [ 34.967216135000058, 0.612848512000027 ], [ 34.966361558000074, 0.611795731000036 ], [ 34.965835082000069, 0.611170608000062 ], [ 34.963859121000041, 0.610413976000075 ], [ 34.962942570000052, 0.610231704000057 ], [ 34.961787927000046, 0.61051273900005 ], [ 34.960273706000066, 0.611104956000024 ], [ 34.958981562000076, 0.61153104900006 ], [ 34.957805871000062, 0.611565653000072 ], [ 34.956688216000032, 0.611286016000063 ], [ 34.955242472000066, 0.610644527000042 ], [ 34.95431930400008, 0.610052316000069 ], [ 34.953298828000072, 0.609180471000067 ], [ 34.951858377000065, 0.608951883000026 ], [ 34.949765048000074, 0.609227207000068 ], [ 34.947804231000077, 0.609295750000051 ], [ 34.945767348000061, 0.609262904000049 ], [ 34.944581047000042, 0.609065584000061 ], [ 34.943497714000046, 0.608736594000058 ], [ 34.937901615000044, 0.606005942000029 ], [ 34.935601358000042, 0.60475579000007 ], [ 34.934186063000027, 0.60367006300004 ], [ 34.924248406000061, 0.595576745000076 ], [ 34.920464116000062, 0.592697984000036 ], [ 34.918976253000039, 0.592533910000038 ], [ 34.917733046000023, 0.592879021000048 ], [ 34.909971280000043, 0.59623511800004 ], [ 34.908129072000065, 0.597156424000041 ], [ 34.907339572000069, 0.597682878000049 ], [ 34.901252792000037, 0.604230303000072 ], [ 34.900266931000033, 0.60529128600006 ], [ 34.898951103000059, 0.606187975000072 ], [ 34.897667625000054, 0.606599285000077 ], [ 34.893788543000028, 0.607553491000026 ], [ 34.890778577000049, 0.607946082000065 ], [ 34.895624717000032, 0.603223958000063 ], [ 34.894333712000048, 0.602792008000048 ], [ 34.893073038000068, 0.602367866000071 ], [ 34.892248995000045, 0.601671898000059 ], [ 34.891399294000053, 0.601273780000034 ], [ 34.889996660000065, 0.601226262000065 ], [ 34.888863821000029, 0.601016245000039 ], [ 34.887860788000069, 0.601238316000028 ], [ 34.887845823000077, 0.602222 ], [ 34.888395247000062, 0.602894379000028 ], [ 34.888940882000043, 0.60365074300006 ], [ 34.888731394000047, 0.604614634000036 ], [ 34.887405106000074, 0.604790424000049 ], [ 34.886366535000036, 0.604140335000073 ], [ 34.885740872000042, 0.603609135000058 ], [ 34.884882555000047, 0.603093834000041 ], [ 34.884252146000051, 0.602637514000044 ], [ 34.88350452800006, 0.60242825100005 ], [ 34.882762481000043, 0.601713786000054 ], [ 34.881838277000043, 0.600877274000028 ], [ 34.880981811000026, 0.60017063900005 ], [ 34.879923243000064, 0.599610822000044 ], [ 34.878889485000059, 0.599113741000046 ], [ 34.877829021000032, 0.59859061200006 ], [ 34.876398574000063, 0.598003993000015 ], [ 34.875549878000072, 0.597775483000016 ], [ 34.874387428000034, 0.597390459000059 ], [ 34.873383487000069, 0.596478176000061 ], [ 34.873781382000061, 0.595485866000052 ], [ 34.87500158700005, 0.594489077000042 ], [ 34.875653462000059, 0.59337537200003 ], [ 34.876263420000043, 0.592387795000043 ], [ 34.876472857000074, 0.591253074000059 ], [ 34.876472540000066, 0.590181458000069 ], [ 34.875365097000042, 0.589866335000069 ], [ 34.875210278000054, 0.590832926000076 ], [ 34.875084700000059, 0.591799495000027 ], [ 34.874581480000074, 0.592597997000043 ], [ 34.874371968000048, 0.593480527000055 ], [ 34.87355388900005, 0.593606638000044 ], [ 34.873280897000029, 0.592640091000016 ], [ 34.873616311000035, 0.591883619000039 ], [ 34.873198069000075, 0.591137763000066 ], [ 34.872426192000034, 0.591439664000059 ], [ 34.871964467000055, 0.590684358000026 ], [ 34.870873478000078, 0.590120670000038 ], [ 34.869735209000055, 0.589604269000068 ], [ 34.868886018000069, 0.588992764000065 ], [ 34.868107785000063, 0.588435754000046 ], [ 34.867105170000059, 0.588230188000066 ], [ 34.86615194500007, 0.587831127000072 ], [ 34.865334532000077, 0.58698420800005 ], [ 34.864598260000037, 0.58645222900003 ], [ 34.863725244000079, 0.586207250000026 ], [ 34.862752146000048, 0.586087168000071 ], [ 34.862033499000063, 0.585502888000069 ], [ 34.86118248300005, 0.585490932000036 ], [ 34.860382543000071, 0.585046814000067 ], [ 34.860116689000051, 0.586291164000044 ], [ 34.860159005000071, 0.587509855000066 ], [ 34.859414530000038, 0.588255843000077 ], [ 34.858522735000065, 0.587383880000059 ], [ 34.858522362000031, 0.586123164000078 ], [ 34.858327211000073, 0.584520709000061 ], [ 34.856890188000079, 0.58372696500004 ], [ 34.856263464000051, 0.58283831200003 ], [ 34.855652119000069, 0.582359267000079 ], [ 34.854409636000071, 0.582183231000051 ], [ 34.853438790000041, 0.581617271000025 ], [ 34.852513764000037, 0.581226667000067 ], [ 34.850898375000043, 0.580774023000061 ], [ 34.84988940900007, 0.580278102000017 ], [ 34.849099854000031, 0.580130622000065 ], [ 34.848235423000062, 0.580434985000059 ], [ 34.847076748000063, 0.580987785000047 ], [ 34.845708094000031, 0.581382500000078 ], [ 34.844543228000077, 0.58089078300003 ], [ 34.843195367000078, 0.580662441000072 ], [ 34.841992745000027, 0.580178834000029 ], [ 34.841155022000073, 0.579656212000028 ], [ 34.840156673000024, 0.579592131000024 ], [ 34.839179347000027, 0.579684156000049 ], [ 34.838363087000062, 0.579511793000051 ], [ 34.837541164000072, 0.579540568000032 ], [ 34.836250836000033, 0.579864365000055 ], [ 34.834935710000025, 0.580167075000014 ], [ 34.833857142000056, 0.580761833000046 ], [ 34.832974077000081, 0.580391300000031 ], [ 34.832203560000039, 0.580132744000023 ], [ 34.831243670000049, 0.580075923000046 ], [ 34.830306962000066, 0.579946030000038 ], [ 34.829574395000066, 0.579042749000045 ], [ 34.82883524500005, 0.578448851000077 ], [ 34.827470625000046, 0.577981053000025 ], [ 34.826392072000033, 0.577551193000036 ], [ 34.825438507000058, 0.577385274000051 ], [ 34.82448875700004, 0.577220696000048 ], [ 34.823220605000074, 0.577302381000033 ], [ 34.821892281000032, 0.577040458000052 ], [ 34.820702187000052, 0.576680477000032 ], [ 34.819333651000079, 0.575865254000059 ], [ 34.818217732000051, 0.574832442000058 ], [ 34.81706937000007, 0.573720088000074 ], [ 34.816006900000048, 0.572861351000027 ], [ 34.815148497000052, 0.572055145000038 ], [ 34.814408267000033, 0.571037243000035 ], [ 34.813519401000065, 0.570397487000045 ], [ 34.811604342000066, 0.569047290000076 ], [ 34.810307242000079, 0.567969159000033 ], [ 34.807667406000064, 0.566260683000049 ], [ 34.806834470000076, 0.56558936300007 ], [ 34.807091015000026, 0.56468292800003 ], [ 34.807430036000028, 0.563225735000065 ], [ 34.80749455800003, 0.562158376000067 ], [ 34.807199948000061, 0.559025052000045 ], [ 34.807008545000038, 0.556660037000022 ], [ 34.807137888000057, 0.555528062000063 ], [ 34.807267317000026, 0.55468708200004 ], [ 34.807251707000034, 0.553490414000067 ], [ 34.806812667000031, 0.552064109000072 ], [ 34.806572022000069, 0.550851270000073 ], [ 34.806457242000079, 0.549641584000031 ], [ 34.80599907800007, 0.546955672000031 ], [ 34.805196627000043, 0.546189423000036 ], [ 34.804789190000065, 0.545224582000054 ], [ 34.803986029000043, 0.544207593000065 ], [ 34.803156251000075, 0.543464165000048 ], [ 34.80252766600006, 0.542729533000056 ], [ 34.802196587000026, 0.542021974000027 ], [ 34.801649041000076, 0.541252393000044 ], [ 34.801022218000071, 0.540023274000024 ], [ 34.800224465000049, 0.539022577000021 ], [ 34.799363540000058, 0.538289531000034 ], [ 34.798522386000059, 0.537769475000059 ], [ 34.797739880000051, 0.537810557000055 ], [ 34.796885455000051, 0.537559426000024 ], [ 34.79610599800003, 0.537160306000032 ], [ 34.79539636100003, 0.536415838000033 ], [ 34.794952041000045, 0.535186460000033 ], [ 34.795048595000026, 0.534097523000076 ], [ 34.794964295000057, 0.532775239000041 ], [ 34.794563512000025, 0.531741941000058 ], [ 34.794359144000055, 0.530672959000072 ], [ 34.79435012700003, 0.529201345000039 ], [ 34.794228738000072, 0.528214866000035 ], [ 34.793786676000025, 0.527314689000032 ], [ 34.793320501000039, 0.526559582000061 ], [ 34.792892106000068, 0.525660279000029 ], [ 34.79268107200005, 0.524623006000077 ], [ 34.79187530300004, 0.524459419000031 ], [ 34.79079697800006, 0.524800392000029 ], [ 34.789877923000063, 0.525252462000026 ], [ 34.788641862000077, 0.525511135000045 ], [ 34.78755310300005, 0.52628378800005 ], [ 34.786530545000062, 0.526653701000052 ], [ 34.786544278000065, 0.527594796000074 ], [ 34.78569092500004, 0.528098356000047 ], [ 34.784499023000023, 0.52868560200005 ], [ 34.783712480000077, 0.52797551500003 ], [ 34.782874227000036, 0.528055442000031 ], [ 34.782124159000034, 0.528587923000039 ], [ 34.781141378000029, 0.528613125000051 ], [ 34.780277913000077, 0.528881358000032 ], [ 34.779425610000033, 0.528248678000071 ], [ 34.778925098000059, 0.527336817000051 ], [ 34.778129264000036, 0.52714203900007 ], [ 34.777185205000023, 0.527092195000023 ], [ 34.776237237000032, 0.52629163300002 ], [ 34.775625804000072, 0.525514861000031 ], [ 34.774502874000063, 0.525494729000057 ], [ 34.774267452000061, 0.524206826000065 ], [ 34.773102252000058, 0.523658900000051 ], [ 34.772000863000073, 0.523390768000065 ], [ 34.771316695000053, 0.523860527000068 ], [ 34.770418177000067, 0.523897949000065 ], [ 34.769420166000032, 0.52336667500004 ], [ 34.768590890000041, 0.52271351300005 ], [ 34.767733919000079, 0.522445541000031 ], [ 34.766744396000036, 0.521984339000035 ], [ 34.765580138000075, 0.521472476000039 ], [ 34.764943139000025, 0.520838066000062 ], [ 34.764657691000025, 0.519667897000032 ], [ 34.76363900900003, 0.51856079200007 ], [ 34.763043742000036, 0.517638162000031 ], [ 34.762059471000043, 0.516818104000034 ], [ 34.76110568900004, 0.515916028000048 ], [ 34.760563818000037, 0.514993425000058 ], [ 34.759743552000032, 0.514173358000043 ], [ 34.758747836000055, 0.513342990000077 ], [ 34.758276555000066, 0.51251265200005 ], [ 34.757175021000087, 0.511758733000025 ], [ 34.756687426000042, 0.510580926000051 ], [ 34.755922676000068, 0.510478417000064 ], [ 34.755276045000073, 0.509980478000052 ], [ 34.75467507500008, 0.509118587000052 ], [ 34.753791962000037, 0.50858519700006 ], [ 34.753276781000068, 0.507631835000039 ], [ 34.753157311000052, 0.506683847000031 ], [ 34.752953792000028, 0.505263191000046 ], [ 34.752247812000064, 0.503985021000062 ], [ 34.751961369000071, 0.502673538000072 ], [ 34.751448106000055, 0.501756446000059 ], [ 34.751615644000026, 0.500809782000038 ], [ 34.750912535000055, 0.499564686000038 ], [ 34.750531781000063, 0.498546682000044 ], [ 34.750499693000052, 0.497520040000039 ], [ 34.750112399000045, 0.496528131000053 ], [ 34.750033534000067, 0.495530179000066 ], [ 34.749841772000025, 0.494529336000021 ], [ 34.749687266000031, 0.493117848000056 ], [ 34.748796452000079, 0.492338884000044 ], [ 34.748553891000029, 0.491095490000014 ], [ 34.748687043000075, 0.489947617000048 ], [ 34.748927008000067, 0.488862663000013 ], [ 34.74908084100008, 0.488000618000062 ], [ 34.749271609000061, 0.486929311000044 ], [ 34.749200745000053, 0.485905038000057 ], [ 34.748738488000072, 0.485192798000063 ], [ 34.748069884000074, 0.484177251000062 ], [ 34.747362575000068, 0.483385659000027 ], [ 34.746776025000031, 0.482458856000057 ], [ 34.745631608000053, 0.481664045000053 ], [ 34.744373271000029, 0.481985786000046 ], [ 34.743858341000085, 0.48102036000005 ], [ 34.743218657000057, 0.480369392000063 ], [ 34.742482978000055, 0.479998155000036 ], [ 34.741626882000048, 0.48044958900004 ], [ 34.740661956000054, 0.480878750000053 ], [ 34.739933682000071, 0.480187252000071 ], [ 34.739120533000069, 0.479935195000056 ], [ 34.738240722000057, 0.47939725800006 ], [ 34.737274325000044, 0.478726707000028 ], [ 34.736368225000035, 0.478368604000023 ], [ 34.735359221000067, 0.477850040000025 ], [ 34.734336294000059, 0.477271709000031 ], [ 34.733684174000075, 0.477747673000061 ], [ 34.733107943000057, 0.478278749000026 ], [ 34.732291348000047, 0.478764923000032 ], [ 34.731444838000073, 0.479439059000078 ], [ 34.73055988200008, 0.48015840100004 ], [ 34.729151185000035, 0.480622372000029 ], [ 34.727959301000055, 0.480586952000068 ], [ 34.727094984000075, 0.481016845000048 ], [ 34.726168253000026, 0.481713370000026 ], [ 34.725366854000072, 0.481748581000032 ], [ 34.72431799900005, 0.482033142000037 ], [ 34.723106912000048, 0.482451122000049 ], [ 34.722220681000067, 0.483081445000044 ], [ 34.721671666000077, 0.484066859000053 ], [ 34.719982783000034, 0.48445736200005 ], [ 34.718889773000058, 0.484316420000034 ], [ 34.718031729000074, 0.484140122000051 ], [ 34.717091206000077, 0.484704445000031 ], [ 34.716397248000078, 0.485736867000064 ], [ 34.71547591500007, 0.48680604000004 ], [ 34.714486446000024, 0.487082630000034 ], [ 34.713727297000048, 0.487237365000053 ], [ 34.712868471000036, 0.487463437000035 ], [ 34.712114719000056, 0.487256866000045 ], [ 34.711251833000063, 0.487401386000039 ], [ 34.710307869000076, 0.487237903000055 ], [ 34.709350130000075, 0.487330136000034 ], [ 34.708156432000067, 0.486860217000064 ], [ 34.70745966700008, 0.485716881000035 ], [ 34.706393324000032, 0.484996614000074 ], [ 34.705674849000054, 0.484321399000065 ], [ 34.704988932000049, 0.483707056000073 ], [ 34.703963189000035, 0.483410717000034 ], [ 34.702949908000051, 0.483463845000075 ], [ 34.701739101000044, 0.483181335000032 ], [ 34.700738698000066, 0.483290062000044 ], [ 34.699821280000037, 0.482889549000046 ], [ 34.698276428000042, 0.482698636000073 ], [ 34.697244354000077, 0.482920674000062 ], [ 34.696190066000042, 0.48296996500005 ], [ 34.694908244000032, 0.482482972000072 ], [ 34.693414363000045, 0.482403600000056 ], [ 34.692308690000061, 0.48266176600003 ], [ 34.691553610000028, 0.482877349000038 ], [ 34.690933553000036, 0.483531492000058 ], [ 34.689938030000064, 0.484348270000055 ], [ 34.68908026400004, 0.485051564000065 ], [ 34.688578160000077, 0.485690366000025 ], [ 34.688412545000062, 0.486573754000062 ], [ 34.689365818000056, 0.48766178000006 ], [ 34.689405394000069, 0.488746331000068 ], [ 34.689125792000027, 0.48954844300005 ], [ 34.68918793000006, 0.490592506000039 ], [ 34.689505636000035, 0.49166758600007 ], [ 34.690138961000059, 0.492596126000023 ], [ 34.690837133000059, 0.493547538000034 ], [ 34.691277797000055, 0.494243743000031 ], [ 34.691950207000048, 0.495096956000047 ], [ 34.692921983000076, 0.495517651000053 ], [ 34.693757369000025, 0.495769914000048 ], [ 34.69405503400003, 0.496736320000024 ], [ 34.693908315000044, 0.497644541000049 ], [ 34.693748300000038, 0.498922381000051 ], [ 34.694064408000031, 0.499940250000066 ], [ 34.694858580000073, 0.500916877000058 ], [ 34.695364096000048, 0.501665443000037 ], [ 34.695596898000076, 0.502511113000027 ], [ 34.695970850000037, 0.503475542000049 ], [ 34.696935994000057, 0.504189942000036 ], [ 34.69787057800005, 0.504603725000037 ], [ 34.698309339000048, 0.505326215000033 ], [ 34.69864704400004, 0.506221891000046 ], [ 34.699438642000075, 0.506997152000057 ], [ 34.700519179000032, 0.507763867000046 ], [ 34.701501246000078, 0.508455090000037 ], [ 34.702584338000065, 0.508501169000061 ], [ 34.703562566000073, 0.508233994000017 ], [ 34.70447211700008, 0.507888024000059 ], [ 34.705398763000062, 0.507309234000046 ], [ 34.705991568000059, 0.506357659000061 ], [ 34.706568167000057, 0.505499150000045 ], [ 34.707733938000047, 0.505515700000053 ], [ 34.708549842000025, 0.505223728000039 ], [ 34.709399655000027, 0.505378422000038 ], [ 34.710223686000063, 0.506219129000049 ], [ 34.710832166000046, 0.506801483000068 ], [ 34.711629466000034, 0.50744513600005 ], [ 34.712388654000058, 0.50829725900007 ], [ 34.713112614000067, 0.509524716000039 ], [ 34.714036779000033, 0.510409468000037 ], [ 34.714830249000045, 0.510944431000047 ], [ 34.715755454000032, 0.511150224000069 ], [ 34.716539164000039, 0.511439464000027 ], [ 34.717339723000066, 0.511822904000043 ], [ 34.718144704000053, 0.511540282000063 ], [ 34.719281103000071, 0.51089105600005 ], [ 34.719629871000052, 0.510151004000024 ], [ 34.719919512000047, 0.509384701000049 ], [ 34.720658484000069, 0.508782648000022 ], [ 34.721680639000056, 0.509349122000053 ], [ 34.722579039000038, 0.510116274000039 ], [ 34.72368335200008, 0.510457780000021 ], [ 34.724413844000026, 0.510715731000065 ], [ 34.724936515000024, 0.511399595000064 ], [ 34.725503037000067, 0.511985527000042 ], [ 34.726252610000074, 0.512300758000029 ], [ 34.727192933000026, 0.512830561000037 ], [ 34.727821156000061, 0.51365521900005 ], [ 34.72797896000003, 0.514621493000056 ], [ 34.728059209000037, 0.515617789000038 ], [ 34.728440848000048, 0.516972423000019 ], [ 34.729221006000046, 0.517765655000068 ], [ 34.730305295000051, 0.518115879000056 ], [ 34.731555526000079, 0.518575415000038 ], [ 34.732913506000052, 0.518982569000053 ], [ 34.733693645000081, 0.519650750000036 ], [ 34.734251637000057, 0.520592684000067 ], [ 34.734235586000068, 0.521672857000048 ], [ 34.734613349000028, 0.522612530000062 ], [ 34.734808027000042, 0.523588319000057 ], [ 34.734747128000038, 0.52447289000003 ], [ 34.734918885000077, 0.525218127000066 ], [ 34.735357681000039, 0.526182525000025 ], [ 34.735930065000048, 0.527716862000029 ], [ 34.736323154000047, 0.529119656000038 ], [ 34.736590344000035, 0.530358480000075 ], [ 34.736849856000049, 0.531267749000053 ], [ 34.737172292000025, 0.532083733000042 ], [ 34.737788482000042, 0.533217791000028 ], [ 34.738541974000043, 0.534242412000034 ], [ 34.739312553000048, 0.534742775000041 ], [ 34.740297435000059, 0.534810491000028 ], [ 34.741233177000026, 0.53531147300004 ], [ 34.741519432000075, 0.536506249000067 ], [ 34.741734501000053, 0.53780412300006 ], [ 34.742484733000026, 0.538281618000034 ], [ 34.743737793000037, 0.538523640000057 ], [ 34.744665421000036, 0.538718101000033 ], [ 34.745680698000058, 0.538567044000043 ], [ 34.74648521000006, 0.537705224000036 ], [ 34.747127626000065, 0.53684695900005 ], [ 34.748127117000024, 0.536760841000042 ], [ 34.748854595000068, 0.537250335000064 ], [ 34.749005392000072, 0.538124976000062 ], [ 34.749502061000044, 0.539231252000044 ], [ 34.749787181000045, 0.54048251500006 ], [ 34.750498666000055, 0.54129644100005 ], [ 34.751412317000074, 0.541914156000078 ], [ 34.752527934000057, 0.541926061000025 ], [ 34.753463326000038, 0.541904134000049 ], [ 34.75433973500003, 0.542337596000045 ], [ 34.754660358000024, 0.54315637900004 ], [ 34.754584338000029, 0.544036517000054 ], [ 34.754599883000026, 0.54501422600004 ], [ 34.755288552000025, 0.545791473000057 ], [ 34.75615263800006, 0.546471076000053 ], [ 34.756686804000026, 0.547136602000027 ], [ 34.757434571000033, 0.54784842800006 ], [ 34.758628459000079, 0.548143619000029 ], [ 34.759482846000026, 0.548266150000083 ], [ 34.760068468000043, 0.548817856000027 ], [ 34.760156496000036, 0.549846284000066 ], [ 34.759775481000077, 0.551169307000069 ], [ 34.759491615000059, 0.552119464000038 ], [ 34.759793176000073, 0.55296459400006 ], [ 34.760445535000031, 0.553485628000027 ], [ 34.761094080000078, 0.554011075000061 ], [ 34.762574326000049, 0.555324638000055 ], [ 34.764474226000061, 0.557006361000053 ], [ 34.765535814000032, 0.558105234000032 ], [ 34.76568386200006, 0.558958821000036 ], [ 34.764734406000059, 0.559789892000024 ], [ 34.763903311000036, 0.561038852000019 ], [ 34.763247583000066, 0.562024116000028 ], [ 34.763632225000038, 0.563287379000026 ], [ 34.763652560000025, 0.564339608000064 ], [ 34.764375549000079, 0.565097958000022 ], [ 34.765332971000078, 0.565408807000046 ], [ 34.766747960000032, 0.565314583000033 ], [ 34.768145809000032, 0.565299187000051 ], [ 34.769248091000065, 0.565360401000022 ], [ 34.770066272000065, 0.565578065000075 ], [ 34.770903599000064, 0.566052210000063 ], [ 34.771658998000085, 0.566778997000031 ], [ 34.772559386000069, 0.567689779000041 ], [ 34.773007094000036, 0.568334864000069 ], [ 34.773099615000035, 0.569511292000077 ], [ 34.77366814800007, 0.570312597000049 ], [ 34.774562701000036, 0.570840444000051 ], [ 34.775524004000033, 0.571377019000066 ], [ 34.776300392000053, 0.572138376000048 ], [ 34.777000546000068, 0.573066663000018 ], [ 34.77744701000006, 0.57380473300003 ], [ 34.778316841000048, 0.574564118000061 ], [ 34.779075950000049, 0.574940664000055 ], [ 34.780166896000026, 0.575356591000062 ], [ 34.78104799700003, 0.575536074000077 ], [ 34.781989249000048, 0.575980470000054 ], [ 34.782410033000076, 0.576937979000032 ], [ 34.782968394000079, 0.577739979000062 ], [ 34.784146662000069, 0.57787714600004 ], [ 34.785541557000045, 0.577547094000065 ], [ 34.786632298000029, 0.577269749000043 ], [ 34.787435118000076, 0.577133983000075 ], [ 34.788344867000035, 0.577457949000071 ], [ 34.789184281000075, 0.578539503000051 ], [ 34.789619289000029, 0.579231320000027 ], [ 34.790416710000045, 0.580185857000058 ], [ 34.791374315000041, 0.581115471000034 ], [ 34.792549290000068, 0.581939035000067 ], [ 34.793573491000075, 0.582361910000037 ], [ 34.794437538000068, 0.582909248000023 ], [ 34.795181498000034, 0.583644798000022 ], [ 34.795898771000054, 0.584422849000028 ], [ 34.796574030000045, 0.58499341400006 ], [ 34.797993058000031, 0.585658891000032 ], [ 34.800075891000063, 0.586859767000019 ], [ 34.801197394000042, 0.587427746000059 ], [ 34.802440938000075, 0.587970683000044 ], [ 34.803669199000069, 0.588417239000021 ], [ 34.804893587000038, 0.588671150000033 ], [ 34.80581279200004, 0.588724983000025 ], [ 34.806758632000026, 0.588561582000067 ], [ 34.808238279000079, 0.587856517000034 ], [ 34.809383382000078, 0.587622160000024 ], [ 34.810286536000035, 0.588213819000038 ], [ 34.810573808000072, 0.589104318000074 ], [ 34.810346219000053, 0.590120217000041 ], [ 34.809303313000044, 0.590930343000023 ], [ 34.808220336000034, 0.591666022000027 ], [ 34.806874242000049, 0.592576928000036 ], [ 34.805551047000051, 0.59354028500008 ], [ 34.803758880000032, 0.595029208000036 ], [ 34.802706538000052, 0.596176493000023 ], [ 34.801631359000055, 0.597481435000021 ], [ 34.800876463000066, 0.598453582000046 ], [ 34.800098613000046, 0.59919797800007 ], [ 34.79946065200005, 0.600070876000066 ], [ 34.800106755000058, 0.600932020000081 ], [ 34.800896504000036, 0.60173766400004 ], [ 34.80178920700007, 0.602455741000029 ], [ 34.802504629000055, 0.603419016000029 ], [ 34.802894047000052, 0.604715116000019 ], [ 34.803314583000031, 0.605906138000021 ], [ 34.803076483000041, 0.606851683000066 ], [ 34.804398582000033, 0.607554681000064 ], [ 34.805479020000064, 0.607911525000015 ], [ 34.806430633000048, 0.607924586000016 ], [ 34.807572875000062, 0.607688068000066 ], [ 34.808789565000041, 0.607703319000045 ], [ 34.809689955000067, 0.608620598000075 ], [ 34.810575116000052, 0.609627703000058 ], [ 34.811252405000062, 0.610617265000024 ], [ 34.811822906000032, 0.611627368000033 ], [ 34.81233714800004, 0.612630842000052 ], [ 34.813037608000059, 0.614591451000024 ], [ 34.813959834000059, 0.615184177000061 ], [ 34.814253816000075, 0.616195695000048 ], [ 34.815053084000056, 0.616944415000026 ], [ 34.815836985000033, 0.617325340000031 ], [ 34.816634296000075, 0.617903290000066 ], [ 34.817282827000042, 0.618376164000048 ], [ 34.81799996400008, 0.618691378000046 ], [ 34.818728545000056, 0.619015353000065 ], [ 34.819611677000069, 0.619610912000038 ], [ 34.820349757000031, 0.61981224900007 ], [ 34.821297485000059, 0.619584474000028 ], [ 34.822412971000062, 0.619155314000063 ], [ 34.823351290000062, 0.619356668000025 ], [ 34.824541540000041, 0.620245499000021 ], [ 34.825754633000031, 0.620989815000025 ], [ 34.826670273000047, 0.621887423000038 ], [ 34.827349404000074, 0.622657369000017 ], [ 34.827914134000025, 0.623498729000062 ], [ 34.828532153000026, 0.623973988000042 ], [ 34.829394276000073, 0.624461991000035 ], [ 34.830023754000024, 0.624996200000062 ], [ 34.830748571000072, 0.625486564000032 ], [ 34.831591638000077, 0.626026811000029 ], [ 34.832215446000077, 0.62673006200004 ], [ 34.832736338000075, 0.627649567000041 ], [ 34.832990270000039, 0.628653518000024 ], [ 34.833169879000025, 0.629830180000063 ], [ 34.833021543000029, 0.631221737000032 ], [ 34.832985807000057, 0.632903059000058 ], [ 34.83300480500003, 0.63409432600002 ], [ 34.833222883000076, 0.63494459400004 ], [ 34.833810534000065, 0.635907905000059 ], [ 34.834813832000066, 0.636582196000067 ], [ 34.835756088000039, 0.637200700000056 ], [ 34.835940554000047, 0.638679561000063 ], [ 34.835859805000041, 0.639692143000054 ], [ 34.835494009000058, 0.640886478000024 ], [ 34.835004136000066, 0.641679079000027 ], [ 34.834059567000054, 0.642910148000047 ], [ 34.83390834000005, 0.644201344000062 ], [ 34.833809445000043, 0.64511650200006 ], [ 34.833313841000063, 0.645874085000052 ], [ 34.83275911100003, 0.646600975000069 ], [ 34.833112807000077, 0.647478889000075 ], [ 34.834332706000055, 0.647599250000041 ], [ 34.835031750000049, 0.647994560000032 ], [ 34.835477307000076, 0.648888364000068 ], [ 34.836522584000079, 0.649645519000051 ], [ 34.837646044000053, 0.650383984000027 ], [ 34.838170699000045, 0.651131259000066 ], [ 34.837778200000059, 0.652313137000022 ], [ 34.837594468000077, 0.653312493000038 ], [ 34.838287982000054, 0.654355491000039 ], [ 34.838522768000075, 0.655099891000023 ], [ 34.83828273000006, 0.655940609000022 ], [ 34.837430583000071, 0.656939048000029 ], [ 34.837145441000075, 0.657877561000023 ], [ 34.837757243000055, 0.658821907000058 ], [ 34.83863463800003, 0.659364835000014 ], [ 34.839944808000041, 0.659500484000035 ], [ 34.841104452000025, 0.66007403300005 ], [ 34.841550072000082, 0.661181851000031 ], [ 34.841286962000027, 0.662456563000028 ], [ 34.841891185000065, 0.664000540000073 ], [ 34.842618236000078, 0.66516649200002 ], [ 34.843011384000079, 0.66617885400007 ], [ 34.843166031000067, 0.667365015000028 ], [ 34.843862384000033, 0.667749903000078 ], [ 34.844449981000025, 0.668529272000063 ], [ 34.845213045000037, 0.669378728000024 ], [ 34.845876870000041, 0.669982136000043 ], [ 34.846922155000073, 0.670765474000061 ], [ 34.847887265000054, 0.671279577000061 ], [ 34.848977199000046, 0.671503857000054 ], [ 34.84986867300006, 0.67128906500005 ], [ 34.850707730000067, 0.671164980000071 ], [ 34.851714690000051, 0.671326962000017 ], [ 34.852586353000049, 0.671830461000073 ], [ 34.853139552000073, 0.672373406000026 ], [ 34.854213433000041, 0.673123571000076 ], [ 34.855709268000055, 0.673417672000024 ], [ 34.856479148000062, 0.674747243000063 ], [ 34.857970490000071, 0.675108984000074 ], [ 34.858313834000057, 0.676232277000045 ], [ 34.858480727000028, 0.677399939000052 ], [ 34.85856113400007, 0.678450819000036 ], [ 34.857939765000026, 0.679543834000066 ], [ 34.85785364000003, 0.680649048000023 ], [ 34.857993002000057, 0.681582589000076 ], [ 34.858867306000036, 0.681988914000051 ], [ 34.859996337000041, 0.682218719000054 ], [ 34.860646941000027, 0.683256445000034 ], [ 34.861471173000041, 0.684587553000027 ], [ 34.86261561200007, 0.685334093000046 ], [ 34.863844445000041, 0.685568285000039 ], [ 34.864894271000026, 0.684513290000046 ], [ 34.86564760300007, 0.683409003000071 ], [ 34.866518672000041, 0.683196387000071 ], [ 34.867331006000029, 0.682988561000061 ], [ 34.867909074000067, 0.683790259000036 ], [ 34.868484568000042, 0.684490115000067 ], [ 34.869306284000061, 0.684839209000081 ], [ 34.870453260000033, 0.684488546000062 ], [ 34.871380109000029, 0.684597990000034 ], [ 34.872137332000079, 0.685040161000075 ], [ 34.873279763000028, 0.685445163000058 ], [ 34.874745301000075, 0.685392524000063 ], [ 34.876090599000065, 0.685013702000045 ], [ 34.877330076000078, 0.684698336000055 ], [ 34.878197745000087, 0.684594685000043 ], [ 34.878834561000076, 0.684150509000055 ], [ 34.879686259000039, 0.683780133000031 ], [ 34.880465672000071, 0.684028228000051 ], [ 34.881394756000077, 0.684170470000021 ], [ 34.882099517000029, 0.684550421000039 ], [ 34.882879698000067, 0.685246853000025 ], [ 34.883843029000047, 0.686191164000041 ], [ 34.884432488000073, 0.686821689000059 ], [ 34.885524343000043, 0.687090926000054 ], [ 34.886536138000054, 0.687478395000021 ], [ 34.887430647000031, 0.687854903000071 ], [ 34.888252660000035, 0.688135092000042 ], [ 34.889059061000069, 0.688821428000046 ], [ 34.88912024800004, 0.689905884000036 ], [ 34.889977291000037, 0.69041416200002 ], [ 34.891291178000074, 0.69021923900005 ], [ 34.891907399000047, 0.691064312000036 ], [ 34.892784806000066, 0.691648839000041 ], [ 34.893459747000065, 0.691147416000027 ], [ 34.893800903000056, 0.690464289000041 ], [ 34.894355675000043, 0.689877502000062 ], [ 34.895232762000035, 0.689378287000065 ], [ 34.896086945000036, 0.688813389000068 ], [ 34.896887635000041, 0.687924448000048 ], [ 34.897841960000051, 0.687439893000034 ], [ 34.898892332000067, 0.687153659000044 ], [ 34.899793592000037, 0.686715728000027 ], [ 34.901070437000044, 0.687012875000049 ], [ 34.902543260000073, 0.686874078000069 ], [ 34.903664906000074, 0.686852727000037 ], [ 34.90467925400003, 0.686200960000063 ], [ 34.906049469000038, 0.686246870000055 ], [ 34.907166140000072, 0.686598556000034 ], [ 34.907868080000071, 0.687113746000028 ], [ 34.908929328000056, 0.687065542000034 ], [ 34.91001157200003, 0.68708007000004 ], [ 34.910398903000043, 0.68776709100007 ], [ 34.910744286000067, 0.68847542400005 ], [ 34.911251733000029, 0.689074968000052 ], [ 34.911582894000048, 0.690057635000081 ], [ 34.91211050600004, 0.691131071000025 ], [ 34.912238552000076, 0.692061535000048 ], [ 34.912673562000066, 0.692758717000063 ], [ 34.913470831000041, 0.693196176000064 ], [ 34.914432626000064, 0.693251 ], [ 34.915076716000044, 0.693755992000033 ], [ 34.91600549900005, 0.693954437000064 ], [ 34.917231748000063, 0.694049261000036 ], [ 34.918138869000074, 0.695156894000037 ], [ 34.918086721000066, 0.696152920000034 ], [ 34.918229972000063, 0.696908560000052 ], [ 34.918861432000028, 0.697694497000047 ], [ 34.919032730000026, 0.698712554000057 ], [ 34.919339745000059, 0.699728419000057 ], [ 34.920067542000027, 0.700620837000025 ], [ 34.920922036000036, 0.701107677000038 ], [ 34.922040761000062, 0.700884273000036 ], [ 34.922996759000057, 0.700678432000069 ], [ 34.92375011300004, 0.700941102000059 ], [ 34.924612110000055, 0.701002360000079 ], [ 34.925348359000054, 0.701462086000041 ], [ 34.926424213000075, 0.702434132000063 ], [ 34.926958365000075, 0.703055906000029 ], [ 34.927528836000079, 0.703957885000019 ], [ 34.927979332000064, 0.705437208000031 ], [ 34.928153178000059, 0.706471293000043 ], [ 34.928195376000076, 0.707294473000053 ], [ 34.92865805200006, 0.708038845000028 ], [ 34.92944213100003, 0.70901527300004 ], [ 34.929301118000069, 0.710452697000053 ], [ 34.929329386000063, 0.711458716000045 ], [ 34.929165642000044, 0.712341721000028 ], [ 34.928433665000057, 0.713428994000018 ], [ 34.927225208000038, 0.714386991000033 ], [ 34.926900972000055, 0.715325099000048 ], [ 34.926805869000077, 0.716163078000023 ], [ 34.926281122000034, 0.717251939000043 ], [ 34.926341104000073, 0.718025416000039 ], [ 34.925868392000041, 0.718808201000053 ], [ 34.925408078000032, 0.71959685200005 ], [ 34.924625564000053, 0.720685008000024 ], [ 34.923657072000026, 0.721630880000019 ], [ 34.923024101000067, 0.722182623000031 ], [ 34.922456003000036, 0.722848269000056 ], [ 34.922048228000051, 0.723962675000045 ], [ 34.922128601000054, 0.724901337000057 ], [ 34.922262404000037, 0.725952509000023 ], [ 34.921986195000045, 0.726999756000053 ], [ 34.922253435000073, 0.72786232200002 ], [ 34.922820161000061, 0.729005449000053 ], [ 34.923077281000076, 0.730037846000066 ], [ 34.923889563000046, 0.730729985000044 ], [ 34.924771174000057, 0.731559004000067 ], [ 34.92484421000006, 0.732621586000048 ], [ 34.925579035000055, 0.733418471000058 ], [ 34.925419095000052, 0.734267699000046 ], [ 34.925472752000076, 0.735146221000038 ], [ 34.926182400000073, 0.735931852000022 ], [ 34.926943563000066, 0.736798830000048 ], [ 34.927382489000024, 0.737845031000058 ], [ 34.928335743000048, 0.73910893200003 ], [ 34.928367956000045, 0.740557900000058 ], [ 34.929153905000078, 0.741408089000059 ], [ 34.929750133000027, 0.742359826000048 ], [ 34.930597143000057, 0.74225750700004 ], [ 34.931144233000055, 0.741488269000054 ], [ 34.932002262000026, 0.741032924000024 ], [ 34.933083446000069, 0.740682385000065 ], [ 34.934106995000036, 0.740195691000062 ], [ 34.934757906000073, 0.740979277000069 ], [ 34.935021291000055, 0.741706210000079 ], [ 34.935603241000024, 0.74273598300005 ], [ 34.936666851000041, 0.743148980000058 ], [ 34.937732577000077, 0.743192339000076 ], [ 34.93843386900005, 0.742592793000035 ], [ 34.939031741000065, 0.741581995000041 ], [ 34.940150978000077, 0.740936442000024 ], [ 34.940872068000033, 0.74172394900006 ], [ 34.941375795000056, 0.742639343000057 ], [ 34.941788056000064, 0.743795308000072 ], [ 34.942226962000063, 0.744767389000055 ], [ 34.942724987000076, 0.745750316000062 ], [ 34.943567272000053, 0.746867663000052 ], [ 34.944865176000064, 0.747438284000054 ], [ 34.945582436000052, 0.748169514000044 ], [ 34.945895428000028, 0.748975214000048 ], [ 34.946552693000058, 0.749963928000063 ], [ 34.947849413000029, 0.750832403000061 ], [ 34.948198112000057, 0.752009587000031 ], [ 34.948254371000075, 0.753089649000055 ], [ 34.948928350000074, 0.753631466000052 ], [ 34.949777623000045, 0.753660487000055 ], [ 34.950376282000036, 0.753159212000076 ], [ 34.951178925000079, 0.752425961000023 ], [ 34.952231440000048, 0.751864494000072 ], [ 34.953243472000054, 0.75198154800006 ], [ 34.953410935000079, 0.752923583000042 ], [ 34.953982564000064, 0.753449858000062 ], [ 34.95477031300004, 0.753940278000069 ], [ 34.955664750000039, 0.754075951000057 ], [ 34.956336254000064, 0.75355920600004 ], [ 34.956085737000024, 0.752496631000039 ], [ 34.956197990000078, 0.751610669000058 ], [ 34.956296366000061, 0.750556429000031 ], [ 34.95657594000005, 0.749600782000073 ], [ 34.957330669000044, 0.749993075000023 ], [ 34.958367476000035, 0.750805935000081 ], [ 34.959126506000075, 0.751450735000052 ], [ 34.959916913000029, 0.752328591000036 ], [ 34.960728423000035, 0.753203405000027 ], [ 34.961579938000057, 0.753568911000056 ], [ 34.962530876000073, 0.754247213000037 ], [ 34.96361511300006, 0.75390444500004 ], [ 34.964444911000044, 0.753427389000031 ], [ 34.965386445000036, 0.753813075000037 ], [ 34.966263739000055, 0.75309670500008 ], [ 34.967114329000026, 0.75327690500006 ], [ 34.967987745000073, 0.753262999000068 ], [ 34.969074756000055, 0.753273892000037 ], [ 34.969883555000024, 0.754009483000057 ], [ 34.97099683600004, 0.754723535000037 ], [ 34.972127243000045, 0.755306930000077 ], [ 34.972909303000051, 0.755905307000033 ], [ 34.973763061000056, 0.756054154000024 ], [ 34.974874398000054, 0.756103357000024 ], [ 34.976055548000033, 0.756848778000069 ], [ 34.977213621000033, 0.757266184000055 ], [ 34.978350382000031, 0.756556590000057 ], [ 34.979168020000031, 0.756229013000051 ], [ 34.979942544000046, 0.755664735000038 ], [ 34.980582183000024, 0.754631483000028 ], [ 34.980984926000076, 0.753699281000023 ], [ 34.981799270000067, 0.75384097800003 ], [ 34.982653105000054, 0.754245235000033 ], [ 34.983345457000041, 0.754582356000067 ], [ 34.984058794000077, 0.754945760000052 ], [ 34.984914520000075, 0.755300386000038 ], [ 34.985854578000044, 0.75536514100002 ], [ 34.986951068000053, 0.754755867000025 ], [ 34.988038620000054, 0.754448536000038 ], [ 34.98874124200006, 0.754045668000059 ], [ 34.989239952000048, 0.75319831900004 ], [ 34.989889649000077, 0.75208899700004 ], [ 34.990546378000033, 0.751265019000076 ], [ 34.990916420000076, 0.750454210000039 ], [ 34.990856395000037, 0.749539130000075 ], [ 34.991208323000023, 0.748738769000053 ], [ 34.991713513000043, 0.74815323600006 ], [ 34.992476722000049, 0.74734587800003 ], [ 34.99328268000005, 0.747075245000077 ], [ 34.994210398000064, 0.74689384400006 ], [ 34.995195218000049, 0.746349592000062 ], [ 34.995907663000025, 0.745846075000026 ], [ 34.996810139000047, 0.745223019000035 ], [ 34.997918079000044, 0.745066464000039 ], [ 34.998816258000033, 0.744956919000055 ], [ 34.999540847000048, 0.744678959000061 ], [ 35.000493360000064, 0.744513511000033 ], [ 35.00103357100005, 0.745198517000063 ], [ 35.00123470300008, 0.746071677000031 ], [ 35.001718332000053, 0.746736445000073 ], [ 35.002840577000029, 0.746591765000056 ], [ 35.003732945000024, 0.746174329000048 ], [ 35.00447292900003, 0.74636660500005 ], [ 35.005203448000032, 0.746791314000056 ], [ 35.006069395000054, 0.747316688000065 ], [ 35.006931524000045, 0.747825940000033 ], [ 35.007771551000076, 0.74883131800004 ], [ 35.008750526000028, 0.750015312000079 ], [ 35.009455414000058, 0.750824402000032 ], [ 35.009957219000057, 0.751689727000035 ], [ 35.010687861000065, 0.75253027300004 ], [ 35.011412826000026, 0.753522217000074 ], [ 35.012304163000067, 0.754456402000081 ], [ 35.013495361000025, 0.753714479000058 ], [ 35.014213106000057, 0.752862782000028 ], [ 35.015099897000027, 0.75186023400005 ], [ 35.016361099000058, 0.751924488000041 ], [ 35.017539674000034, 0.75202423300004 ], [ 35.018289945000049, 0.75153180500007 ], [ 35.018443173000037, 0.750560393000053 ], [ 35.018449513000064, 0.749429274000028 ], [ 35.018582613000035, 0.748105175000034 ], [ 35.019164941000042, 0.74719358700003 ], [ 35.019886494000048, 0.746321932000065 ], [ 35.019966302000057, 0.745350507000076 ], [ 35.02055628100004, 0.744514325000061 ], [ 35.021643513000072, 0.744199324000022 ], [ 35.022835874000066, 0.74470050600007 ], [ 35.023741633000043, 0.744427647000071 ], [ 35.024887197000055, 0.744678215000027 ], [ 35.025812293000058, 0.745303589000051 ], [ 35.026624761000051, 0.745551960000062 ], [ 35.027457427000066, 0.745312379000034 ], [ 35.028022714000031, 0.745888972000048 ], [ 35.028406225000026, 0.746554356000046 ], [ 35.02824159100004, 0.747652179000053 ], [ 35.027516319000028, 0.74884324100003 ], [ 35.026862494000056, 0.749810450000034 ], [ 35.027047760000073, 0.750773664000065 ], [ 35.028134747000024, 0.750699276000035 ], [ 35.029027332000055, 0.751021246000053 ], [ 35.030093348000037, 0.750971654000063 ], [ 35.031081197000049, 0.750996366000038 ], [ 35.031527744000073, 0.752011870000039 ], [ 35.03192473200005, 0.753114057000056 ], [ 35.033089844000074, 0.752829154000048 ], [ 35.034205266000079, 0.752185115000029 ], [ 35.034895450000079, 0.751640163000041 ], [ 35.035440649000066, 0.750921828000067 ], [ 35.035977170000024, 0.749883561000054 ], [ 35.037124057000028, 0.74923377800008 ], [ 35.038611441000057, 0.748894610000028 ], [ 35.040016096000045, 0.749322123000077 ], [ 35.041085255000041, 0.750229051000014 ], [ 35.040983641000025, 0.751622140000059 ], [ 35.040371333000053, 0.752187318000038 ], [ 35.039915119000057, 0.752868236000042 ], [ 35.039661792000061, 0.753910020000037 ], [ 35.039196725000068, 0.754747547000025 ], [ 35.038513290000026, 0.755544242000043 ], [ 35.03881967500007, 0.75658191100007 ], [ 35.039680523000072, 0.757592996000029 ], [ 35.040759594000065, 0.758162845000071 ], [ 35.041843692000043, 0.75799527300007 ], [ 35.042637503000037, 0.758565833000029 ], [ 35.04261361500005, 0.759470050000062 ], [ 35.042899685000066, 0.760594888000072 ], [ 35.043771737000043, 0.761341120000054 ], [ 35.044460274000073, 0.761676065000073 ], [ 35.045192671000052, 0.762002842000073 ], [ 35.046443829000054, 0.762493027000064 ], [ 35.047485208000069, 0.762966864000024 ], [ 35.048415726000037, 0.762585517000041 ], [ 35.049501367000062, 0.762264054000071 ], [ 35.050244571000064, 0.762590870000056 ], [ 35.050995452000052, 0.763086507000028 ], [ 35.052000342000042, 0.763771423000041 ], [ 35.053196495000066, 0.76419763100006 ], [ 35.053974581000034, 0.764257491000023 ], [ 35.054846707000024, 0.764181169000048 ], [ 35.055909928000062, 0.764355431000078 ], [ 35.05690254700005, 0.764384783000018 ], [ 35.057898016000024, 0.764379834000075 ], [ 35.05873323600008, 0.764180974000048 ] ] ] } },
{ "type": "Feature", "properties": { "Shape_Leng": 0.78743257043000003, "Shape_Area": 0.01313617021, "ADM2_EN": "Lurambi", "ADM2_PCODE": "KE037202", "ADM2_REF": null, "ADM2ALT1EN": null, "ADM2ALT2EN": null, "ADM1_EN": "Kakamega", "ADM1_PCODE": "KE037", "ADM0_EN": "Kenya", "ADM0_PCODE": "KE", "date": "2017-11-03T00:00:00", "validOn": "2019-10-31T00:00:00", "ValidTo": null }, "geometry": { "type": "Polygon", "coordinates": [ [ [ 34.795900496000058, 0.336034987000061 ], [ 34.794585963000031, 0.33627336100006 ], [ 34.793222252000078, 0.335803964000032 ], [ 34.792419180000032, 0.334824704000035 ], [ 34.791995647000078, 0.333895921000015 ], [ 34.791556894000053, 0.33322782000004 ], [ 34.79035509300008, 0.331390795000069 ], [ 34.789729392000027, 0.330428608000037 ], [ 34.789424122000071, 0.329619164000065 ], [ 34.788977740000064, 0.328947145000033 ], [ 34.788031661000048, 0.328183541000039 ], [ 34.787146602000064, 0.327358810000023 ], [ 34.786383605000026, 0.326534105000059 ], [ 34.785714056000074, 0.325689699000062 ], [ 34.785846785000047, 0.324751969000029 ], [ 34.785886348000076, 0.323607116000063 ], [ 34.786402043000066, 0.322256250000062 ], [ 34.787155946000041, 0.321765034000072 ], [ 34.788278311000056, 0.321654001000069 ], [ 34.789597851000053, 0.321135926000062 ], [ 34.790524124000058, 0.320157852000019 ], [ 34.791108505000068, 0.318991865000046 ], [ 34.79175297200004, 0.317888801000039 ], [ 34.791486560000067, 0.316750594000045 ], [ 34.791283504000035, 0.315866468000029 ], [ 34.79110410100003, 0.315009862000059 ], [ 34.790951367000048, 0.31393633200003 ], [ 34.791699785000048, 0.312898595000043 ], [ 34.792763236000042, 0.312047227000047 ], [ 34.793800270000077, 0.310972537000062 ], [ 34.794827026000064, 0.309894814000082 ], [ 34.795185502000038, 0.308665121000042 ], [ 34.794921208000062, 0.307667537000036 ], [ 34.794562514000063, 0.306705484000023 ], [ 34.794652406000068, 0.305846203000049 ], [ 34.794714820000024, 0.304885707000045 ], [ 34.794707503000041, 0.303771521000047 ], [ 34.794374522000055, 0.302575704000046 ], [ 34.793943832000025, 0.301618964000048 ], [ 34.793604190000053, 0.300521225000069 ], [ 34.793319207000025, 0.299334478000043 ], [ 34.793410868000024, 0.29839818000005 ], [ 34.793165864000059, 0.297581961000041 ], [ 34.792751344000067, 0.296438380000039 ], [ 34.792024329000071, 0.295740419000027 ], [ 34.792169155000067, 0.294926652000078 ], [ 34.792170273000067, 0.293888749000078 ], [ 34.791705405000073, 0.292881556000062 ], [ 34.791207531000055, 0.29222089200004 ], [ 34.790347247000057, 0.291268904000047 ], [ 34.789649091000058, 0.290428044000061 ], [ 34.789206974000024, 0.289573182000033 ], [ 34.788187325000024, 0.288917278000044 ], [ 34.78728422000006, 0.288150952000023 ], [ 34.787448687000051, 0.287311029000022 ], [ 34.787364619000073, 0.286291882000061 ], [ 34.786744431000045, 0.28520623900004 ], [ 34.78609726600007, 0.284276534000077 ], [ 34.785379153000065, 0.28359349400005 ], [ 34.78429103600007, 0.284223981000028 ], [ 34.78374909300004, 0.283265184000064 ], [ 34.782953341000052, 0.28277272800006 ], [ 34.78285504400003, 0.281830222000049 ], [ 34.782385465000061, 0.281204913000061 ], [ 34.78141067100006, 0.281867175000054 ], [ 34.780171024000026, 0.282044735000058 ], [ 34.779560824000043, 0.282724935000036 ], [ 34.779034058000036, 0.283367045000039 ], [ 34.778679884000042, 0.282109469000028 ], [ 34.777707031000034, 0.282695899000032 ], [ 34.776960095000057, 0.283007400000039 ], [ 34.776575985000079, 0.282142303000049 ], [ 34.777059259000055, 0.280792332000033 ], [ 34.777305120000051, 0.279672398000067 ], [ 34.777243653000028, 0.278863405000039 ], [ 34.776905956000064, 0.278023475000061 ], [ 34.77622947000004, 0.278414883000043 ], [ 34.775708405000046, 0.279135843000057 ], [ 34.775322390000042, 0.278274739000046 ], [ 34.775457645000081, 0.277222905000031 ], [ 34.775402603000032, 0.275803389000038 ], [ 34.77527301300006, 0.274328687000041 ], [ 34.775302511000064, 0.272824243000056 ], [ 34.775423457000045, 0.271736477000048 ], [ 34.775300945000026, 0.270831966000065 ], [ 34.775319202000048, 0.269619591000045 ], [ 34.775710672000059, 0.268677877000076 ], [ 34.775101543000062, 0.268005351000053 ], [ 34.774562317000061, 0.267145679000074 ], [ 34.774279677000038, 0.265683652000063 ], [ 34.773271867000062, 0.265246890000065 ], [ 34.773485581000045, 0.26413975400004 ], [ 34.773620369000071, 0.263160182000037 ], [ 34.772883112000045, 0.262290281000054 ], [ 34.772372287000053, 0.26110829200008 ], [ 34.773109323000028, 0.260484730000033 ], [ 34.773353333000045, 0.259734840000014 ], [ 34.773547723000036, 0.258768167000035 ], [ 34.773091801000078, 0.258066772000059 ], [ 34.771913168000026, 0.258134679000023 ], [ 34.770699663000073, 0.257761039000066 ], [ 34.769552072000067, 0.258173554000059 ], [ 34.768508197000074, 0.258126342000023 ], [ 34.767697143000078, 0.257825689000068 ], [ 34.767536337000024, 0.256702300000023 ], [ 34.768043162000026, 0.255990961000064 ], [ 34.767066689000046, 0.256046324000069 ], [ 34.766308517000027, 0.255612897000046 ], [ 34.765508444000034, 0.255566345000036 ], [ 34.764756989000034, 0.255413704000028 ], [ 34.764171371000032, 0.254666368000076 ], [ 34.763566682000032, 0.253923259000024 ], [ 34.762743599000032, 0.253046044000026 ], [ 34.762020937000045, 0.251999881000068 ], [ 34.761007231000065, 0.252436212000024 ], [ 34.760079246000032, 0.252338710000069 ], [ 34.759051112000066, 0.25319922300003 ], [ 34.758461545000046, 0.254119148000034 ], [ 34.757325217000073, 0.254814474000049 ], [ 34.756764671000042, 0.255952670000064 ], [ 34.756570621000037, 0.257066125000045 ], [ 34.755387350000035, 0.258011280000056 ], [ 34.754138218000037, 0.258539944000069 ], [ 34.753245607000053, 0.258228652000067 ], [ 34.752608536000025, 0.257754129000034 ], [ 34.75162913500003, 0.257355080000022 ], [ 34.75078336100006, 0.25779203800004 ], [ 34.749668649000057, 0.258065436000038 ], [ 34.749025828000072, 0.257404251000019 ], [ 34.748805428000026, 0.25660125000008 ], [ 34.748073032000036, 0.25636254500006 ], [ 34.746973517000072, 0.256226504000035 ], [ 34.746249801000033, 0.256649802000033 ], [ 34.74581986100003, 0.25753686400003 ], [ 34.744979862000037, 0.258331236000059 ], [ 34.744061583000075, 0.258553655000077 ], [ 34.74297535200003, 0.257974942000035 ], [ 34.742164697000078, 0.257297702000068 ], [ 34.741338816000052, 0.256839548000078 ], [ 34.740454541000076, 0.257013115000059 ], [ 34.739690965000079, 0.25657551300003 ], [ 34.738815536000061, 0.256385003000049 ], [ 34.737846691000072, 0.256434462000074 ], [ 34.736906463000025, 0.256546212000048 ], [ 34.736590363000062, 0.257306707000061 ], [ 34.735685430000046, 0.257926058000066 ], [ 34.734896602000049, 0.258689203000069 ], [ 34.734366216000069, 0.259266548000031 ], [ 34.734017330000029, 0.258299075000022 ], [ 34.733289699000068, 0.258040484000042 ], [ 34.732206308000059, 0.258608304000062 ], [ 34.73127379400006, 0.258006542000027 ], [ 34.729936795000071, 0.257611319000032 ], [ 34.728545942000039, 0.258018302000039 ], [ 34.727260983000065, 0.258360198000044 ], [ 34.726946637000026, 0.257592590000059 ], [ 34.727480526000079, 0.256753376000058 ], [ 34.727572191000036, 0.255846083000046 ], [ 34.72664678700005, 0.255608910000031 ], [ 34.725567803000047, 0.255341127000063 ], [ 34.724642048000078, 0.254990329000071 ], [ 34.723700751000024, 0.254320878000045 ], [ 34.722644120000041, 0.253994644000038 ], [ 34.721651691000034, 0.253625403000053 ], [ 34.72083882700008, 0.25306691800006 ], [ 34.720062212000073, 0.25258955100003 ], [ 34.719234463000078, 0.252393647000023 ], [ 34.718325352000079, 0.252278033000037 ], [ 34.718322044000047, 0.251400850000044 ], [ 34.717360285000041, 0.251009094000035 ], [ 34.716458673000034, 0.251089515000039 ], [ 34.71556378400004, 0.250851164000044 ], [ 34.71487718700007, 0.250056805000045 ], [ 34.714769256000068, 0.249182393000073 ], [ 34.714577791000067, 0.248436430000025 ], [ 34.71359827200007, 0.248312298000028 ], [ 34.712874464000038, 0.247039327000034 ], [ 34.712438157000065, 0.245717327000027 ], [ 34.711941854000031, 0.247082346000068 ], [ 34.711854291000066, 0.248213191000052 ], [ 34.711633168000048, 0.248967097000048 ], [ 34.711183195000046, 0.249798600000023 ], [ 34.710214445000076, 0.250491565000063 ], [ 34.709314354000071, 0.25118449800005 ], [ 34.708551549000049, 0.251669555000038 ], [ 34.708273213000041, 0.252431792000036 ], [ 34.708273357000053, 0.253401865000053 ], [ 34.708620649000068, 0.254649121000063 ], [ 34.708689503000073, 0.255965646000044 ], [ 34.708689729000071, 0.257490075000021 ], [ 34.708205528000065, 0.259014517000019 ], [ 34.707721235000065, 0.259915312000029 ], [ 34.706652643000041, 0.260865717000051 ], [ 34.705783715000052, 0.26116263100005 ], [ 34.705050055000072, 0.26145678100005 ], [ 34.704917270000067, 0.262733751000041 ], [ 34.704048367000041, 0.262479235000057 ], [ 34.703218658000026, 0.261924901000046 ], [ 34.702320987000064, 0.262479439000059 ], [ 34.701660426000046, 0.263397797000034 ], [ 34.700932203000036, 0.263726557000049 ], [ 34.699537088000056, 0.263682577000057 ], [ 34.69876424000006, 0.26288410900002 ], [ 34.69851871000003, 0.261951386000018 ], [ 34.697476985000037, 0.261402934000047 ], [ 34.69636411700003, 0.261248528000063 ], [ 34.695671737000055, 0.260777324000054 ], [ 34.694709461000059, 0.260107144000065 ], [ 34.693241830000034, 0.259777129000043 ], [ 34.691452821000041, 0.259342359000078 ], [ 34.689846888000034, 0.258807150000058 ], [ 34.688042594000024, 0.258183552000054 ], [ 34.686488786000041, 0.257615648000073 ], [ 34.685517248000053, 0.256648523000029 ], [ 34.684605523000073, 0.256057415000051 ], [ 34.683827346000044, 0.255759441000058 ], [ 34.683064429000069, 0.255482760000059 ], [ 34.682084144000044, 0.255552361000075 ], [ 34.680997016000049, 0.255356156000069 ], [ 34.679885076000062, 0.255029134000032 ], [ 34.67837645700007, 0.254814754000045 ], [ 34.677109027000029, 0.254121626000028 ], [ 34.677069711000058, 0.252640509000052 ], [ 34.67724992400008, 0.25124714300005 ], [ 34.676360594000073, 0.250764852000038 ], [ 34.675399324000068, 0.251049228000062 ], [ 34.674548168000058, 0.251035072000044 ], [ 34.674134153000075, 0.249990169000062 ], [ 34.673863147000077, 0.248737812000051 ], [ 34.672913367000035, 0.248742959000029 ], [ 34.671727110000063, 0.24884064000003 ], [ 34.670678148000036, 0.248794981000068 ], [ 34.669438441000068, 0.248564225000045 ], [ 34.668656373000033, 0.247754832000054 ], [ 34.668373962000032, 0.246763898000035 ], [ 34.668010223000067, 0.246076478000024 ], [ 34.667293321000045, 0.245290199000066 ], [ 34.666273277000073, 0.245184819000028 ], [ 34.665584402000036, 0.244767928000051 ], [ 34.664648513000031, 0.244563737000023 ], [ 34.66381920200007, 0.244124856000038 ], [ 34.662968561000071, 0.243893016000075 ], [ 34.662142692000032, 0.243512976000028 ], [ 34.661611446000052, 0.24288410800006 ], [ 34.660779923000064, 0.24296143100003 ], [ 34.659961136000049, 0.24275520700007 ], [ 34.659055358000046, 0.242324139000069 ], [ 34.658176185000059, 0.242246548000023 ], [ 34.657274175000055, 0.24199914000008 ], [ 34.656564219000074, 0.241320052000048 ], [ 34.655456828000069, 0.241522839000032 ], [ 34.654267729000026, 0.241831194000043 ], [ 34.653222864000043, 0.242208353000026 ], [ 34.652078101000029, 0.242375168000019 ], [ 34.650842443000045, 0.242596569000057 ], [ 34.651498629000059, 0.243265422000034 ], [ 34.651653224000029, 0.244031619000049 ], [ 34.651087547000031, 0.244856046000053 ], [ 34.650219183000047, 0.245613708000061 ], [ 34.649115736000056, 0.24523412300004 ], [ 34.648124465000024, 0.245233063000053 ], [ 34.647073160000048, 0.24438271500003 ], [ 34.645954551000045, 0.244099290000069 ], [ 34.644674814000041, 0.244012108000055 ], [ 34.643696823000028, 0.24412236000007 ], [ 34.643315261000055, 0.243284121000038 ], [ 34.642925048000052, 0.242410152000047 ], [ 34.642798694000085, 0.241321219000037 ], [ 34.641637164000031, 0.240974763000058 ], [ 34.640610776000074, 0.240956174000068 ], [ 34.639897330000053, 0.241380201000027 ], [ 34.638710682000067, 0.241655280000031 ], [ 34.637546265000026, 0.241130899000047 ], [ 34.637182821000067, 0.240288742000078 ], [ 34.637176614000055, 0.239154283000065 ], [ 34.636494406000054, 0.238252059000045 ], [ 34.635831367000037, 0.237579825000073 ], [ 34.635421690000044, 0.236758281000058 ], [ 34.634915468000031, 0.235843783000057 ], [ 34.634156048000079, 0.235567032000066 ], [ 34.633359184000028, 0.235731281000029 ], [ 34.632549603000029, 0.235872228000064 ], [ 34.631709712000031, 0.235253020000071 ], [ 34.630932459000064, 0.234331164000021 ], [ 34.631363898000075, 0.233257320000066 ], [ 34.631662815000027, 0.231949076000039 ], [ 34.631854600000054, 0.230559063000038 ], [ 34.631713990000037, 0.22979137900007 ], [ 34.631766623000033, 0.22889542200005 ], [ 34.631951456000024, 0.227788633000045 ], [ 34.631991342000049, 0.226670478000066 ], [ 34.631676496000068, 0.225593006000051 ], [ 34.631380721000028, 0.224505356000074 ], [ 34.631430130000069, 0.223305885000059 ], [ 34.631805714000052, 0.222411359000037 ], [ 34.631990558000041, 0.22137452400006 ], [ 34.632019992000039, 0.22009576900007 ], [ 34.632770355000048, 0.219727772000055 ], [ 34.633939441000052, 0.219583651000045 ], [ 34.63529156900006, 0.219116392000042 ], [ 34.636161190000053, 0.218725717000038 ], [ 34.637217688000078, 0.218144256000072 ], [ 34.63817679400006, 0.217626467000052 ], [ 34.639012958000023, 0.216884206000025 ], [ 34.639452561000041, 0.215761974000031 ], [ 34.639770919000057, 0.21479312200006 ], [ 34.640025488000049, 0.213443515000054 ], [ 34.640645971000026, 0.212445207000029 ], [ 34.641049199000065, 0.211478014000016 ], [ 34.641288770000074, 0.21038106500003 ], [ 34.641885658000035, 0.209313491000042 ], [ 34.64247116100006, 0.208211142000047 ], [ 34.64283371700003, 0.207346764000017 ], [ 34.643038594000075, 0.206358555000069 ], [ 34.642702180000072, 0.205596868000039 ], [ 34.641931824000039, 0.204885405000034 ], [ 34.641083367000078, 0.203948706000061 ], [ 34.640634098000078, 0.203097871000075 ], [ 34.639951522000047, 0.202286285000068 ], [ 34.638986981000073, 0.201352830000081 ], [ 34.638226863000057, 0.200655058000051 ], [ 34.637445758000069, 0.199906086000052 ], [ 34.636389215000065, 0.199206176000083 ], [ 34.63549032800006, 0.199804190000065 ], [ 34.634456625000048, 0.200218119000048 ], [ 34.633425071000033, 0.200889507000064 ], [ 34.632733309000059, 0.201374026000047 ], [ 34.631867527000054, 0.201929401000028 ], [ 34.63054986800006, 0.201961060000037 ], [ 34.629531812000039, 0.201637063000023 ], [ 34.628547744000059, 0.201151462000038 ], [ 34.627744642000039, 0.199877273000031 ], [ 34.626614380000035, 0.199462209000042 ], [ 34.625485613000023, 0.198838870000033 ], [ 34.624720131000061, 0.198415068000028 ], [ 34.623945897000056, 0.197918242000071 ], [ 34.623693044000049, 0.196902066000069 ], [ 34.624170954000078, 0.195922094000023 ], [ 34.624343758000066, 0.194834536000032 ], [ 34.62441401600006, 0.194042900000049 ], [ 34.625082386000031, 0.19337167800006 ], [ 34.625723726000047, 0.192616578000067 ], [ 34.626260579000075, 0.191760224000056 ], [ 34.626386472000043, 0.190450323000056 ], [ 34.626229622000039, 0.189181476000049 ], [ 34.625816991000079, 0.188283669000037 ], [ 34.625037648000045, 0.187476829000052 ], [ 34.624456831000032, 0.186948233000064 ], [ 34.623611851000078, 0.186307145000057 ], [ 34.622878461000028, 0.185799783000051 ], [ 34.622042086000079, 0.185307509000045 ], [ 34.620907531000057, 0.18466960100006 ], [ 34.619822144000068, 0.184205315000042 ], [ 34.618812028000036, 0.183741970000029 ], [ 34.617653354000026, 0.183363050000029 ], [ 34.616645394000045, 0.183292833000049 ], [ 34.615882556000031, 0.183547439000046 ], [ 34.615115925000055, 0.183946597000049 ], [ 34.614137621000054, 0.184523579000026 ], [ 34.613216537000028, 0.185120519000072 ], [ 34.612345026000071, 0.185622403000031 ], [ 34.611245628000063, 0.186279847000042 ], [ 34.610071892000065, 0.187221267000038 ], [ 34.609462695000047, 0.188248328000046 ], [ 34.609058198000071, 0.189215632000076 ], [ 34.608715035000046, 0.190104274000019 ], [ 34.608520941000052, 0.190922351000035 ], [ 34.608408589000078, 0.192091284000064 ], [ 34.608445928000037, 0.193095471000053 ], [ 34.60851470700004, 0.193903848000046 ], [ 34.608490982000035, 0.194681106000079 ], [ 34.608486346000063, 0.195569520000054 ], [ 34.608501747000055, 0.196540187000044 ], [ 34.608453249000036, 0.19745762600007 ], [ 34.608321803000024, 0.198471367000018 ], [ 34.60824931500008, 0.199663382000047 ], [ 34.608161003000077, 0.200886694000071 ], [ 34.608122260000073, 0.201995955000036 ], [ 34.608147367000072, 0.203254302000069 ], [ 34.608055341000068, 0.204296934000066 ], [ 34.607950616000046, 0.20544767400002 ], [ 34.60779182400006, 0.206395061000018 ], [ 34.607524947000059, 0.207274660000049 ], [ 34.607359022000026, 0.208447378000069 ], [ 34.608002709000061, 0.209186392000048 ], [ 34.607305049000047, 0.209858076000038 ], [ 34.607058564000056, 0.210634095000038 ], [ 34.607230895000043, 0.211391172000044 ], [ 34.608161172000052, 0.211696006000061 ], [ 34.608495564000066, 0.212751806000031 ], [ 34.608401315000037, 0.213815285000073 ], [ 34.608388083000087, 0.214612228000016 ], [ 34.608398484000084, 0.216166655000055 ], [ 34.608520714000065, 0.217308476000027 ], [ 34.609257486000047, 0.21790304100005 ], [ 34.610056843000052, 0.218697865000032 ], [ 34.610495214000025, 0.219651206000035 ], [ 34.611445641000046, 0.220726483000026 ], [ 34.611774917000048, 0.222013369000023 ], [ 34.61273576800005, 0.22271554900005 ], [ 34.613470143000029, 0.223436691000081 ], [ 34.613979473000029, 0.224188434000043 ], [ 34.614178197000058, 0.225294496000065 ], [ 34.615285776000064, 0.225939463000037 ], [ 34.615590514000075, 0.227015458000036 ], [ 34.615536277000047, 0.22781327300004 ], [ 34.615462035000064, 0.228747640000056 ], [ 34.615854913000078, 0.22980274000002 ], [ 34.615914355000029, 0.23088718800006 ], [ 34.615693236000027, 0.231659058000047 ], [ 34.615267137000046, 0.232728846000049 ], [ 34.614711327000066, 0.23364291200005 ], [ 34.613850619000061, 0.23412064800004 ], [ 34.612770922000038, 0.234728538000072 ], [ 34.611915621000037, 0.235226589000043 ], [ 34.611039326000025, 0.235624580000042 ], [ 34.61019863000007, 0.236012046000043 ], [ 34.609759831000076, 0.237174059000037 ], [ 34.60957022000008, 0.238217869000047 ], [ 34.609204141000077, 0.238901767000081 ], [ 34.608451814000034, 0.23930676800007 ], [ 34.607565332000036, 0.239596097000052 ], [ 34.607040633000054, 0.240250277000032 ], [ 34.606822006000073, 0.241107198000059 ], [ 34.60708302200004, 0.241869602000066 ], [ 34.606994281000027, 0.242778903000043 ], [ 34.607306023000035, 0.243499439000061 ], [ 34.607480839000061, 0.244298074000024 ], [ 34.607874466000055, 0.245034478000033 ], [ 34.607928060000063, 0.246337994000051 ], [ 34.607994984000072, 0.247504578000082 ], [ 34.608101660000045, 0.248792484000029 ], [ 34.608216581000079, 0.249960062000068 ], [ 34.608395391000045, 0.251104424000069 ], [ 34.608467060000066, 0.252115771000035 ], [ 34.608126796000079, 0.253258419000027 ], [ 34.607371672000056, 0.254093060000052 ], [ 34.606630851000034, 0.254917773000045 ], [ 34.606231435000041, 0.255865676000042 ], [ 34.605444825000063, 0.256581085000045 ], [ 34.605075930000055, 0.257570711000024 ], [ 34.605414755000027, 0.258298014000052 ], [ 34.606196121000039, 0.25780517600003 ], [ 34.607414479000056, 0.257675978000074 ], [ 34.608647111000039, 0.257350044000014 ], [ 34.61002645700006, 0.257153545000055 ], [ 34.610957258000042, 0.258238947000045 ], [ 34.611737963000053, 0.259046963000061 ], [ 34.612753076000047, 0.259763032000024 ], [ 34.613810735000072, 0.260405908000058 ], [ 34.614455445000033, 0.261131330000068 ], [ 34.615421716000071, 0.261910236000067 ], [ 34.616296240000054, 0.262898446000057 ], [ 34.616503503000047, 0.264075612000053 ], [ 34.616620337000029, 0.265271485000021 ], [ 34.616188513000054, 0.266318252000078 ], [ 34.61530177800006, 0.267042954000032 ], [ 34.614332639000054, 0.267688938000056 ], [ 34.613999745000058, 0.268802519000073 ], [ 34.614254176000031, 0.269740417000041 ], [ 34.614047004000042, 0.270687880000019 ], [ 34.613861557000064, 0.271511875000048 ], [ 34.61382162600006, 0.272326029000055 ], [ 34.613660595000056, 0.273180435000023 ], [ 34.613370837000048, 0.274093004000071 ], [ 34.613611483000057, 0.275099057000031 ], [ 34.613218111000037, 0.276289421000062 ], [ 34.612515904000077, 0.277072282000065 ], [ 34.611788378000028, 0.277525593000061 ], [ 34.611528880000037, 0.278264326000049 ], [ 34.612658177000071, 0.278339132000043 ], [ 34.613669970000046, 0.278535033000019 ], [ 34.614114191000056, 0.279641120000061 ], [ 34.615132464000055, 0.280232181000034 ], [ 34.615968663000046, 0.280821806000061 ], [ 34.616405895000071, 0.281525665000058 ], [ 34.616493862000027, 0.282382917000068 ], [ 34.617481379000026, 0.283004671000066 ], [ 34.618576340000061, 0.283668949000059 ], [ 34.619400184000028, 0.283250623000067 ], [ 34.619958434000068, 0.28255455200002 ], [ 34.620607138000025, 0.282100422000043 ], [ 34.621034459000043, 0.281374955000047 ], [ 34.621944426000027, 0.281138200000037 ], [ 34.622752166000055, 0.280889486000039 ], [ 34.623724459000073, 0.280942639000053 ], [ 34.624899343000038, 0.280671635000033 ], [ 34.625542832000065, 0.281333646000061 ], [ 34.625909075000038, 0.282329127000026 ], [ 34.626453366000078, 0.283458212000022 ], [ 34.626724608000075, 0.284462699000066 ], [ 34.627425608000067, 0.285189167000055 ], [ 34.628293183000039, 0.285698961000044 ], [ 34.62831637000005, 0.286814027000056 ], [ 34.628686450000032, 0.287758099000024 ], [ 34.627872680000053, 0.28837291300005 ], [ 34.627478643000074, 0.289155320000028 ], [ 34.627863330000032, 0.290168258000055 ], [ 34.629084317000036, 0.290806329000024 ], [ 34.628851825000027, 0.291731486000056 ], [ 34.629165649000072, 0.292522182000031 ], [ 34.629798889000028, 0.293006788000075 ], [ 34.630827586000066, 0.293351124000023 ], [ 34.631481171000075, 0.292534932000028 ], [ 34.631736755000077, 0.293403405000051 ], [ 34.631829262000053, 0.29480654000002 ], [ 34.632171631000062, 0.295863430000052 ], [ 34.632921491000047, 0.296325271000053 ], [ 34.633663177000074, 0.296743393000047 ], [ 34.634701792000044, 0.297404842000047 ], [ 34.635761261000027, 0.29714033000004 ], [ 34.636450768000032, 0.297874417000065 ], [ 34.637569904000031, 0.298531976000053 ], [ 34.638597870000069, 0.298885876000034 ], [ 34.639200211000059, 0.29941192300004 ], [ 34.639986710000073, 0.29968181600003 ], [ 34.640469052000071, 0.298667257000037 ], [ 34.641730838000058, 0.299036781000049 ], [ 34.642732143000046, 0.29847698700008 ], [ 34.642967224000074, 0.299813643000047 ], [ 34.643884023000055, 0.30009102800006 ], [ 34.644775391000053, 0.300244056000053 ], [ 34.645553589000031, 0.300821763000037 ], [ 34.646335602000079, 0.301143132000044 ], [ 34.647038460000033, 0.301568761000057 ], [ 34.647793770000078, 0.302539580000029 ], [ 34.648706436000055, 0.303075179000081 ], [ 34.649337769000056, 0.304023160000048 ], [ 34.650277819000053, 0.303807578000031 ], [ 34.651165009000067, 0.303266490000057 ], [ 34.652021681000065, 0.303725587000034 ], [ 34.652508736000073, 0.304521851000063 ], [ 34.652848925000058, 0.305603002000053 ], [ 34.653792063000026, 0.305094933000015 ], [ 34.653564998000036, 0.306026578000058 ], [ 34.653834343000028, 0.306871569000059 ], [ 34.654946645000059, 0.306760788000014 ], [ 34.656223043000068, 0.306901060000025 ], [ 34.657196999000064, 0.307455815000027 ], [ 34.658305168000027, 0.307513677000037 ], [ 34.659878050000032, 0.307572779000058 ], [ 34.660570417000031, 0.306933859000025 ], [ 34.660684586000059, 0.305884816000058 ], [ 34.661687851000067, 0.304910976000027 ], [ 34.662700653000059, 0.30560664300004 ], [ 34.66349983200007, 0.305471152000052 ], [ 34.664099557000043, 0.304764045000073 ], [ 34.665025711000055, 0.304725111000037 ], [ 34.665521622000028, 0.304141648000046 ], [ 34.666306655000028, 0.30336532900003 ], [ 34.666412354000045, 0.302353062000061 ], [ 34.667207336000047, 0.301793534000063 ], [ 34.668170929000041, 0.301563978000047 ], [ 34.668979009000054, 0.301168645000079 ], [ 34.669839478000029, 0.301181388000032 ], [ 34.670612335000051, 0.300557786000068 ], [ 34.671299934000047, 0.299784943000019 ], [ 34.671943665000072, 0.299268460000058 ], [ 34.672724406000043, 0.298563863000023 ], [ 34.673775991000078, 0.298388511000046 ], [ 34.674611410000068, 0.298133453000042 ], [ 34.675353459000064, 0.298672719000032 ], [ 34.676582718000077, 0.298757705000063 ], [ 34.677263896000056, 0.299834368000066 ], [ 34.67806243900003, 0.300684027000046 ], [ 34.679013252000061, 0.300703168000044 ], [ 34.680113520000077, 0.300550809000071 ], [ 34.681275177000032, 0.300511867000069 ], [ 34.682111104000064, 0.300403466000035 ], [ 34.682868958000029, 0.300824314000066 ], [ 34.683604240000079, 0.30117183200002 ], [ 34.684245110000063, 0.301659621000061 ], [ 34.685479164000071, 0.301917868000038 ], [ 34.686576843000068, 0.302367413000078 ], [ 34.68746948200004, 0.302650523000063 ], [ 34.688331604000041, 0.303051282000065 ], [ 34.689366659000029, 0.302804192000057 ], [ 34.690454483000053, 0.303515963000056 ], [ 34.691750844000076, 0.304194267000068 ], [ 34.692893982000044, 0.305031169000073 ], [ 34.694122314000026, 0.305179417000032 ], [ 34.695057869000038, 0.305215288000059 ], [ 34.696296692000033, 0.305399410000072 ], [ 34.697410583000078, 0.304983348000057 ], [ 34.698223114000029, 0.30520492800002 ], [ 34.699317932000042, 0.305543521000066 ], [ 34.700271606000058, 0.305657655000068 ], [ 34.701054891000069, 0.305702289000073 ], [ 34.701896667000028, 0.305805907000029 ], [ 34.702647209000077, 0.305987634000069 ], [ 34.703340530000048, 0.306331962000065 ], [ 34.703540802000077, 0.307277262000075 ], [ 34.703713735000065, 0.308220992000026 ], [ 34.704193115000066, 0.308880948000025 ], [ 34.704383850000056, 0.309913926000037 ], [ 34.70493825300008, 0.310902283000079 ], [ 34.705818176000037, 0.311626007000037 ], [ 34.705961227000046, 0.312611170000028 ], [ 34.706692505000035, 0.313601542000065 ], [ 34.707405090000066, 0.313964561000037 ], [ 34.708114624000075, 0.314310481000064 ], [ 34.708681583000043, 0.315385874000069 ], [ 34.709568024000077, 0.315792370000051 ], [ 34.710542951000036, 0.315544788000066 ], [ 34.711374283000055, 0.316191539000048 ], [ 34.711617152000031, 0.31753377600006 ], [ 34.712352753000062, 0.31787747100003 ], [ 34.711709976000066, 0.318555601000079 ], [ 34.710935593000045, 0.319159766000038 ], [ 34.711617152000031, 0.319609304000041 ], [ 34.712876638000068, 0.32045419300005 ], [ 34.713958740000066, 0.320463753000069 ], [ 34.714339447000043, 0.321492916000071 ], [ 34.714330673000063, 0.322333649000037 ], [ 34.713565826000035, 0.322300173000023 ], [ 34.712905884000065, 0.322888404000023 ], [ 34.712450266000076, 0.323529102000072 ], [ 34.713542938000046, 0.323310204000057 ], [ 34.714273453000033, 0.323840082000068 ], [ 34.715041478000046, 0.324127023000072 ], [ 34.715889931000056, 0.323892683000047 ], [ 34.715912501000048, 0.32476466400004 ], [ 34.715100288000031, 0.32531303900004 ], [ 34.715076844000066, 0.326430115000053 ], [ 34.715332576000037, 0.327680979000041 ], [ 34.715127309000025, 0.328804145000053 ], [ 34.715188026000078, 0.329631589000027 ], [ 34.715902964000065, 0.330452450000059 ], [ 34.716735295000035, 0.331515040000062 ], [ 34.717496077000078, 0.332364585000048 ], [ 34.718179491000058, 0.333703372000057 ], [ 34.719127655000079, 0.333609432000065 ], [ 34.719933192000042, 0.334702348000057 ], [ 34.720775127000024, 0.335437238000059 ], [ 34.721489906000045, 0.336197630000079 ], [ 34.721554496000067, 0.337248870000059 ], [ 34.722126007000043, 0.338230111000031 ], [ 34.722596543000066, 0.338833052000042 ], [ 34.722239176000073, 0.339618584000047 ], [ 34.721672694000063, 0.340331160000059 ], [ 34.722755750000033, 0.340484199000052 ], [ 34.723589897000075, 0.341429502000033 ], [ 34.72419272500008, 0.341933237000027 ], [ 34.725664261000077, 0.341121224000055 ], [ 34.725874901000054, 0.339999586000029 ], [ 34.726860046000077, 0.339755680000057 ], [ 34.727931499000086, 0.340112762000047 ], [ 34.729052734000049, 0.339168406000062 ], [ 34.729988098000035, 0.339138761000077 ], [ 34.730791092000061, 0.338901237000067 ], [ 34.731914139000025, 0.338621315000074 ], [ 34.732739585000047, 0.338371537000049 ], [ 34.733530912000049, 0.338375763000048 ], [ 34.734410604000061, 0.338120123000068 ], [ 34.735468335000064, 0.338407064000024 ], [ 34.73630627700004, 0.338206494000082 ], [ 34.737155596000036, 0.338395725000059 ], [ 34.737844467000059, 0.339535698000022 ], [ 34.738285065000071, 0.340447530000059 ], [ 34.73908354100007, 0.341253222000027 ], [ 34.739818573000036, 0.340294480000063 ], [ 34.740522385000077, 0.339927845000037 ], [ 34.741343362000066, 0.340462097000055 ], [ 34.742081451000047, 0.339947617000062 ], [ 34.74305038500006, 0.340376103000032 ], [ 34.744391759000052, 0.340193531000066 ], [ 34.745190938000064, 0.341195693000039 ], [ 34.746044159000064, 0.341920491000051 ], [ 34.74705378200008, 0.34201187900004 ], [ 34.747914208000054, 0.341924028000047 ], [ 34.748677254000029, 0.341869481000068 ], [ 34.74918079400004, 0.342641018000058 ], [ 34.749940872000025, 0.343050458000047 ], [ 34.750689507000061, 0.343705737000053 ], [ 34.751708439000026, 0.344331103000057 ], [ 34.752503482000066, 0.344205152000024 ], [ 34.752756192000049, 0.345195091000059 ], [ 34.753767014000061, 0.345893927000013 ], [ 34.75387573200004, 0.34677511100005 ], [ 34.754875365000032, 0.347384952000024 ], [ 34.755488078000042, 0.348634319000043 ], [ 34.755675634000056, 0.349793846000065 ], [ 34.75677642800008, 0.349779226000071 ], [ 34.757372769000028, 0.350827959000064 ], [ 34.758130391000066, 0.351326843000046 ], [ 34.75895986200004, 0.352034628000071 ], [ 34.759954453000034, 0.351926610000016 ], [ 34.761113167000076, 0.352135859000049 ], [ 34.761967850000076, 0.352124755000028 ], [ 34.762880135000046, 0.353095867000042 ], [ 34.763881683000079, 0.353878479000053 ], [ 34.76510111500005, 0.353764127000028 ], [ 34.766032410000044, 0.354090077000018 ], [ 34.766212463000045, 0.35491274000004 ], [ 34.767135143000075, 0.354971461000052 ], [ 34.768172455000069, 0.35525922800002 ], [ 34.768932343000074, 0.355440229000073 ], [ 34.769675732000053, 0.356481194000028 ], [ 34.769666672000028, 0.357856028000077 ], [ 34.769667625000068, 0.358892433000058 ], [ 34.769966761000035, 0.35973749600004 ], [ 34.770414625000058, 0.36069674600003 ], [ 34.771343994000063, 0.361200547000072 ], [ 34.77214050300006, 0.360980248000029 ], [ 34.772808075000057, 0.361482158000053 ], [ 34.773462296000048, 0.362045482000049 ], [ 34.774036139000032, 0.362554496000037 ], [ 34.774590938000074, 0.36173441900007 ], [ 34.775189724000029, 0.36124973900008 ], [ 34.776082253000034, 0.361007360000028 ], [ 34.77728184700004, 0.360816025000014 ], [ 34.778397412000061, 0.359866232000054 ], [ 34.779190649000043, 0.35882620600006 ], [ 34.779629173000046, 0.357950417000047 ], [ 34.780395759000044, 0.357238801000044 ], [ 34.781105160000038, 0.356746176000061 ], [ 34.782092882000029, 0.355377706000062 ], [ 34.783404850000068, 0.354173469000041 ], [ 34.784388734000061, 0.352640817000061 ], [ 34.785319272000038, 0.351491308000055 ], [ 34.786471061000043, 0.350451287000051 ], [ 34.788000368000041, 0.348699661000074 ], [ 34.789205477000053, 0.347112256000064 ], [ 34.790353305000053, 0.345086964000077 ], [ 34.792706267000028, 0.341638478000046 ], [ 34.795223134000025, 0.337423676000075 ], [ 34.795900496000058, 0.336034987000061 ] ] ] } },
{ "type": "Feature", "properties": { "Shape_Leng": 1.02703688256, "Shape_Area": 0.03436258055, "ADM2_EN": "Malava", "ADM2_PCODE": "KE037201", "ADM2_REF": null, "ADM2ALT1EN": null, "ADM2ALT2EN": null, "ADM1_EN": "Kakamega", "ADM1_PCODE": "KE037", "ADM0_EN": "Kenya", "ADM0_PCODE": "KE", "date": "2017-11-03T00:00:00", "validOn": "2019-10-31T00:00:00", "ValidTo": null }, "geometry": { "type": "Polygon", "coordinates": [ [ [ 34.887860788000069, 0.601238316000028 ], [ 34.888863821000029, 0.601016245000039 ], [ 34.889996660000065, 0.601226262000065 ], [ 34.891399294000053, 0.601273780000034 ], [ 34.892248995000045, 0.601671898000059 ], [ 34.893073038000068, 0.602367866000071 ], [ 34.894333712000048, 0.602792008000048 ], [ 34.895624717000032, 0.603223958000063 ], [ 34.897472298000025, 0.601236564000026 ], [ 34.896556687000043, 0.600154997000066 ], [ 34.860550283000066, 0.557671292000073 ], [ 34.859875021000057, 0.556875106000065 ], [ 34.859215017000054, 0.556094715000036 ], [ 34.858284146000074, 0.55499851400003 ], [ 34.856891655000027, 0.553356105000036 ], [ 34.856010379000054, 0.552314651000079 ], [ 34.855438122000066, 0.551639461000033 ], [ 34.85436990900007, 0.550378187000035 ], [ 34.853345569000055, 0.549168680000035 ], [ 34.852725624000072, 0.548438922000067 ], [ 34.852139774000079, 0.547814196000041 ], [ 34.856805699000063, 0.544263197000024 ], [ 34.864009223000039, 0.539131247000052 ], [ 34.870735836000051, 0.53413260900004 ], [ 34.873329572000046, 0.531147166000038 ], [ 34.873853593000035, 0.530533902000052 ], [ 34.874472751000042, 0.529867662000067 ], [ 34.875928585000061, 0.528634147000044 ], [ 34.880316053000058, 0.526276550000041 ], [ 34.883632078000062, 0.524451886000062 ], [ 34.888302569000075, 0.521964409000024 ], [ 34.891703218000032, 0.51913661500004 ], [ 34.895093628000041, 0.51625514600005 ], [ 34.896059894000075, 0.515433632000062 ], [ 34.897118166000041, 0.514521825000023 ], [ 34.899824428000045, 0.512248422000026 ], [ 34.900489274000051, 0.511667373000017 ], [ 34.901259940000045, 0.510998021000037 ], [ 34.903143435000061, 0.509384135000054 ], [ 34.903884266000034, 0.508762390000066 ], [ 34.904696181000077, 0.50827735500008 ], [ 34.906548301000043, 0.506342418000026 ], [ 34.907222405000027, 0.505649389000037 ], [ 34.907291165000061, 0.503750419000023 ], [ 34.907529833000069, 0.501104283000077 ], [ 34.907610305000048, 0.500054628000046 ], [ 34.907713, 0.498845057000031 ], [ 34.90799663100006, 0.495971842000078 ], [ 34.908411513000033, 0.491851658000024 ], [ 34.910494828000026, 0.489852226000045 ], [ 34.915473549000069, 0.485293215000066 ], [ 34.916366852000067, 0.484474330000061 ], [ 34.918381766000039, 0.482549475000034 ], [ 34.922980016000054, 0.478287938000049 ], [ 34.924022043000036, 0.477308079000065 ], [ 34.924624747000053, 0.476329231000022 ], [ 34.927704205000062, 0.47112654200003 ], [ 34.92972681100008, 0.467944210000036 ], [ 34.930214998000054, 0.46718741400003 ], [ 34.931954548000078, 0.464004132000066 ], [ 34.932355836000056, 0.463241109000017 ], [ 34.93281087500003, 0.462398018000052 ], [ 34.935308667000072, 0.457763753000045 ], [ 34.937990956000078, 0.452862792000075 ], [ 34.939685306000058, 0.449742291000068 ], [ 34.942190799000059, 0.445917247000061 ], [ 34.94349892300005, 0.442720530000023 ], [ 34.945676760000026, 0.438744640000044 ], [ 34.94630047000004, 0.437564940000074 ], [ 34.946911257000068, 0.436366098000062 ], [ 34.949276895000033, 0.431564248000025 ], [ 34.950444540000035, 0.429089648000066 ], [ 34.952247138000075, 0.425473557000027 ], [ 34.952690965000045, 0.424419741000068 ], [ 34.953429034000074, 0.422840002000049 ], [ 34.953789684000071, 0.422058684000031 ], [ 34.954233635000037, 0.421124846000058 ], [ 34.955533655000067, 0.418371991000078 ], [ 34.956071703000077, 0.417207497000048 ], [ 34.956457287000035, 0.412061122000075 ], [ 34.956477606000078, 0.411052091000048 ], [ 34.956445665000047, 0.409970452000036 ], [ 34.956304836000072, 0.405353042000062 ], [ 34.956206670000029, 0.402049306000033 ], [ 34.956097017000047, 0.398440894000026 ], [ 34.956014376000041, 0.395550658000047 ], [ 34.95598074600008, 0.394251996000034 ], [ 34.955948554000031, 0.392933030000052 ], [ 34.955899526000053, 0.390458416000052 ], [ 34.95587626400004, 0.389452122000023 ], [ 34.955848338000067, 0.388483485000056 ], [ 34.955667834000053, 0.38325031500005 ], [ 34.955496456000049, 0.377740108000069 ], [ 34.955137085000047, 0.371864844000078 ], [ 34.954877608000061, 0.370751439000056 ], [ 34.95445214800003, 0.369610752000028 ], [ 34.953098154000031, 0.365874595000039 ], [ 34.952756722000061, 0.364959463000051 ], [ 34.952358007000043, 0.363946699000045 ], [ 34.950717661000056, 0.359815327000032 ], [ 34.950306408000074, 0.358740721000068 ], [ 34.949582131000057, 0.357750184000057 ], [ 34.948528740000029, 0.357742179000073 ], [ 34.947433170000068, 0.358266366000063 ], [ 34.946611414000074, 0.358851923000037 ], [ 34.945743880000066, 0.359413618000073 ], [ 34.944772864000072, 0.359882979000017 ], [ 34.944595896000067, 0.360865784000058 ], [ 34.944974341000034, 0.362457585000073 ], [ 34.944359173000066, 0.363023140000058 ], [ 34.944083534000072, 0.363850641000048 ], [ 34.944477690000042, 0.364833476000058 ], [ 34.945003224000061, 0.365542035000038 ], [ 34.945208517000026, 0.367587219000026 ], [ 34.945165641000074, 0.368766741000057 ], [ 34.944299193000063, 0.369414584000018 ], [ 34.94329459800008, 0.370087672000065 ], [ 34.942814234000025, 0.370788052000017 ], [ 34.94283069200003, 0.371627982000066 ], [ 34.942578993000041, 0.372370197000065 ], [ 34.941949818000069, 0.372860290000054 ], [ 34.941255098000056, 0.373543316000045 ], [ 34.940956338000035, 0.37442969100005 ], [ 34.940644366000072, 0.375136935000065 ], [ 34.94035122400004, 0.375891400000053 ], [ 34.940535318000059, 0.37718461600002 ], [ 34.941093717000058, 0.378113227000031 ], [ 34.941087795000044, 0.379275850000048 ], [ 34.940648603000056, 0.380707756000045 ], [ 34.940170040000055, 0.381741772000059 ], [ 34.939499612000077, 0.382990289000025 ], [ 34.939537261000055, 0.383909136000063 ], [ 34.939343269000062, 0.385086105000035 ], [ 34.938430280000034, 0.385797677000034 ], [ 34.937358665000033, 0.386793229000027 ], [ 34.937099418000059, 0.387701473000049 ], [ 34.937416871000039, 0.388545079000038 ], [ 34.938225125000031, 0.388730605000027 ], [ 34.938530486000047, 0.389525231000045 ], [ 34.937903694000056, 0.390335866000038 ], [ 34.936954200000059, 0.391036233000026 ], [ 34.935806283000034, 0.391427338000032 ], [ 34.935054760000071, 0.390911963000062 ], [ 34.934295032000087, 0.39145426500005 ], [ 34.933659299000055, 0.392553135000069 ], [ 34.932825193000042, 0.393297534000053 ], [ 34.931847448000042, 0.393690559000046 ], [ 34.931354992000024, 0.394774445000058 ], [ 34.930374608000079, 0.395491413000059 ], [ 34.929870841000024, 0.396587632000043 ], [ 34.929470222000077, 0.397579388000059 ], [ 34.928535005000072, 0.398654715000013 ], [ 34.927423984000029, 0.399212152000082 ], [ 34.926547499000037, 0.399948062000015 ], [ 34.925389064000058, 0.400006671000025 ], [ 34.924113342000055, 0.399869808000055 ], [ 34.922892177000051, 0.400203055000018 ], [ 34.921985434000078, 0.400155859000045 ], [ 34.921943432000035, 0.399381760000037 ], [ 34.921067641000036, 0.398966581000029 ], [ 34.92027674600007, 0.398480833000066 ], [ 34.919886322000025, 0.397647434000016 ], [ 34.918769483000062, 0.397534288000035 ], [ 34.917433011000071, 0.397315299000065 ], [ 34.916159841000024, 0.397170393000073 ], [ 34.914861353000049, 0.397845660000026 ], [ 34.913823682000043, 0.398444383000025 ], [ 34.912874524000074, 0.398851163000079 ], [ 34.912003291000076, 0.398876351000073 ], [ 34.911186325000074, 0.398850099000065 ], [ 34.909936992000041, 0.398616940000062 ], [ 34.908638217000032, 0.398323642000034 ], [ 34.907925865000038, 0.397208332000047 ], [ 34.907363202000056, 0.396267210000078 ], [ 34.906252775000041, 0.39574724600004 ], [ 34.905928209000024, 0.394402785000068 ], [ 34.905589420000069, 0.393188495000058 ], [ 34.905343626000047, 0.392297608000033 ], [ 34.904755323000074, 0.391708346000029 ], [ 34.904313959000035, 0.390896947000041 ], [ 34.903871802000026, 0.389723972000075 ], [ 34.902855897000052, 0.389053085000049 ], [ 34.901827063000042, 0.389441485000028 ], [ 34.900815366000074, 0.389027288000021 ], [ 34.900139097000078, 0.38826078200004 ], [ 34.899787963000051, 0.387451304000019 ], [ 34.899083156000074, 0.386913602000045 ], [ 34.898698954000054, 0.38605860000007 ], [ 34.89836636800004, 0.385200645000059 ], [ 34.89768261100005, 0.384750805000071 ], [ 34.897105450000033, 0.38394805500008 ], [ 34.896263456000042, 0.38370581500004 ], [ 34.895373986000038, 0.383708599000047 ], [ 34.895175351000034, 0.382684062000073 ], [ 34.894351769000025, 0.382471658000051 ], [ 34.893582268000046, 0.381841802000061 ], [ 34.892721579000067, 0.381412709000081 ], [ 34.891854807000072, 0.381325364000015 ], [ 34.890966667000043, 0.381203692000044 ], [ 34.890129863000027, 0.381207440000018 ], [ 34.88959013300007, 0.381992127000045 ], [ 34.888810548000038, 0.382389131000022 ], [ 34.887665412000047, 0.382512377000076 ], [ 34.88696125000007, 0.382005667000041 ], [ 34.886150034000025, 0.38261673600004 ], [ 34.88519212500006, 0.382317467000064 ], [ 34.884255325000026, 0.382519962000062 ], [ 34.883367225000029, 0.383215091000069 ], [ 34.881915549000041, 0.383032579000029 ], [ 34.880917692000025, 0.382269090000025 ], [ 34.880031814000063, 0.381416576000043 ], [ 34.879901656000072, 0.38065275300005 ], [ 34.879016685000074, 0.380134491000028 ], [ 34.877728680000075, 0.379869379000065 ], [ 34.877343512000039, 0.378971486000069 ], [ 34.876556428000072, 0.378428446000048 ], [ 34.875606005000066, 0.377831562000031 ], [ 34.874357966000048, 0.377062792000061 ], [ 34.873871888000053, 0.37617724600005 ], [ 34.873890957000079, 0.37509821700007 ], [ 34.874202860000025, 0.373761073000033 ], [ 34.873976342000049, 0.372783403000025 ], [ 34.874382255000064, 0.371964288000078 ], [ 34.874192673000039, 0.371098909000071 ], [ 34.874694225000042, 0.370466565000074 ], [ 34.874875904000078, 0.369616193000076 ], [ 34.87533086600007, 0.368568529000076 ], [ 34.875263305000033, 0.367102224000062 ], [ 34.874281224000072, 0.366808695000032 ], [ 34.873376098000051, 0.366642358000041 ], [ 34.872552662000032, 0.366709387000077 ], [ 34.871473700000024, 0.366725453000065 ], [ 34.870277147000024, 0.366556179000049 ], [ 34.869375708000064, 0.366390549000069 ], [ 34.868240374000038, 0.366340859000039 ], [ 34.867393671000059, 0.366404690000024 ], [ 34.866500512000073, 0.366724871000025 ], [ 34.865145038000037, 0.36687137200005 ], [ 34.863987832000078, 0.366806454000022 ], [ 34.862952345000053, 0.366908302000068 ], [ 34.861939926000048, 0.367633928000039 ], [ 34.861017054000058, 0.368077317000027 ], [ 34.860204744000043, 0.368365206000023 ], [ 34.859361881000041, 0.368515479000048 ], [ 34.858445655000025, 0.368860943000075 ], [ 34.857676367000067, 0.369536364000051 ], [ 34.857047257000033, 0.370242307000069 ], [ 34.855951796000056, 0.370679256000067 ], [ 34.854871473000067, 0.370713469000067 ], [ 34.854079950000028, 0.370359873000039 ], [ 34.853374263000035, 0.370068680000038 ], [ 34.852372869000078, 0.369382274000032 ], [ 34.851436239000066, 0.368446236000066 ], [ 34.850711395000076, 0.367863841000024 ], [ 34.849670077000042, 0.367593469000035 ], [ 34.848609595000028, 0.367011062000069 ], [ 34.848399512000071, 0.365970988000069 ], [ 34.849211705000073, 0.365284467000036 ], [ 34.849980060000064, 0.364681173000066 ], [ 34.849855808000029, 0.363682684000026 ], [ 34.848898410000061, 0.363453911000016 ], [ 34.847777045000043, 0.363349961000037 ], [ 34.846651940000072, 0.363495639000066 ], [ 34.845736393000038, 0.362913255000025 ], [ 34.845072524000045, 0.362164409000054 ], [ 34.844217977000028, 0.361498811000048 ], [ 34.843512265000072, 0.361124409000077 ], [ 34.84243271400004, 0.360547218000022 ], [ 34.84184517500006, 0.359962194000042 ], [ 34.841585512000051, 0.358922093000053 ], [ 34.841261085000042, 0.358142054000043 ], [ 34.840742200000079, 0.357557025000069 ], [ 34.839636112000051, 0.357524586000071 ], [ 34.838789246000033, 0.357037105000068 ], [ 34.838140721000066, 0.356582082000039 ], [ 34.836937298000066, 0.356289620000043 ], [ 34.835865537000075, 0.356257179000062 ], [ 34.834955613000034, 0.35534714300007 ], [ 34.834825550000062, 0.354047035000067 ], [ 34.834695545000045, 0.352941927000076 ], [ 34.834435823000035, 0.351706828000041 ], [ 34.833783407000055, 0.350991806000024 ], [ 34.833005127000035, 0.350276792000043 ], [ 34.832158176000064, 0.349502773000041 ], [ 34.831273104000047, 0.348794977000066 ], [ 34.830151612000066, 0.348264162000021 ], [ 34.828911972000071, 0.348028282000027 ], [ 34.827615016000038, 0.347438497000034 ], [ 34.826493472000038, 0.346730714000051 ], [ 34.825490095000077, 0.345786976000054 ], [ 34.824606694000067, 0.344282851000062 ], [ 34.823544242000025, 0.343486581000041 ], [ 34.822540987000025, 0.342955761000034 ], [ 34.821846658000027, 0.342382453000027 ], [ 34.820889114000067, 0.341658151000051 ], [ 34.820330083000044, 0.340743879000053 ], [ 34.81937055700007, 0.339766893000052 ], [ 34.81835195900004, 0.338944871000032 ], [ 34.817527983000048, 0.338473050000058 ], [ 34.81635695500006, 0.338101295000051 ], [ 34.814816027000063, 0.337942293000033 ], [ 34.812397877000024, 0.337824466000022 ], [ 34.810982831000047, 0.33772804400007 ], [ 34.809388476000038, 0.337465658000046 ], [ 34.80809160900003, 0.33717583800006 ], [ 34.807187573000078, 0.336829729000044 ], [ 34.805909721000035, 0.336350155000052 ], [ 34.804490756000064, 0.335901076000021 ], [ 34.803373177000026, 0.335701430000021 ], [ 34.80143178600008, 0.335588286000072 ], [ 34.800028250000025, 0.33571961400002 ], [ 34.797953454000037, 0.335903850000022 ], [ 34.796740607000061, 0.335982297000046 ], [ 34.795900496000058, 0.336034987000061 ], [ 34.795223134000025, 0.337423676000075 ], [ 34.792706267000028, 0.341638478000046 ], [ 34.790353305000053, 0.345086964000077 ], [ 34.789205477000053, 0.347112256000064 ], [ 34.788000368000041, 0.348699661000074 ], [ 34.786471061000043, 0.350451287000051 ], [ 34.785319272000038, 0.351491308000055 ], [ 34.784388734000061, 0.352640817000061 ], [ 34.783404850000068, 0.354173469000041 ], [ 34.782092882000029, 0.355377706000062 ], [ 34.781105160000038, 0.356746176000061 ], [ 34.780395759000044, 0.357238801000044 ], [ 34.779629173000046, 0.357950417000047 ], [ 34.779190649000043, 0.35882620600006 ], [ 34.778397412000061, 0.359866232000054 ], [ 34.77728184700004, 0.360816025000014 ], [ 34.776082253000034, 0.361007360000028 ], [ 34.775189724000029, 0.36124973900008 ], [ 34.774590938000074, 0.36173441900007 ], [ 34.774036139000032, 0.362554496000037 ], [ 34.773770127000034, 0.363316196000032 ], [ 34.773468940000043, 0.364324334000055 ], [ 34.773332732000028, 0.365381285000071 ], [ 34.77329473900005, 0.366398088000048 ], [ 34.772560630000044, 0.367475470000038 ], [ 34.771633860000065, 0.368310220000073 ], [ 34.770817744000055, 0.369398616000073 ], [ 34.770407832000046, 0.370305637000051 ], [ 34.770228690000067, 0.371212622000024 ], [ 34.770228865000036, 0.372391715000051 ], [ 34.769530031000045, 0.373414618000022 ], [ 34.768627045000073, 0.373874598000043 ], [ 34.767839396000056, 0.374011607000049 ], [ 34.766840023000043, 0.373973786000025 ], [ 34.765785367000035, 0.374110996000071 ], [ 34.764885273000068, 0.37478399100007 ], [ 34.763823997000031, 0.375294523000041 ], [ 34.762322074000053, 0.375217912000042 ], [ 34.761432564000074, 0.375236533000012 ], [ 34.761287761000062, 0.376207694000074 ], [ 34.761133538000024, 0.377101435000035 ], [ 34.76124685800005, 0.378186059000026 ], [ 34.761435907000077, 0.379785919000035 ], [ 34.761365539000053, 0.381124442000042 ], [ 34.760451178000039, 0.382046267000026 ], [ 34.759378409000078, 0.382218130000072 ], [ 34.758714769000051, 0.382634509000074 ], [ 34.757950285000049, 0.38358514300006 ], [ 34.757032865000042, 0.384240346000065 ], [ 34.756653460000052, 0.385089478000055 ], [ 34.756234003000031, 0.385931865000034 ], [ 34.755858389000025, 0.386630432000065 ], [ 34.755622060000064, 0.387724816000052 ], [ 34.755385736000051, 0.388855680000063 ], [ 34.755057802000067, 0.389548806000056 ], [ 34.754235896000068, 0.390178974000035 ], [ 34.752822714000047, 0.390488199000054 ], [ 34.751684167000064, 0.390789191000067 ], [ 34.750707698000042, 0.390878596000051 ], [ 34.749918062000063, 0.390476075000037 ], [ 34.749075043000062, 0.390196074000071 ], [ 34.747924008000041, 0.389882650000054 ], [ 34.74680348000004, 0.389521429000069 ], [ 34.745814609000035, 0.389569267000078 ], [ 34.744863809000037, 0.389123023000032 ], [ 34.743792325000072, 0.38895729200005 ], [ 34.742666619000033, 0.388400568000058 ], [ 34.74135031000003, 0.387884512000031 ], [ 34.740343636000034, 0.388220004000055 ], [ 34.739296574000036, 0.388121740000026 ], [ 34.738335421000045, 0.388599023000042 ], [ 34.737346583000033, 0.388871301000046 ], [ 34.736231897000039, 0.389319830000039 ], [ 34.735501517000046, 0.389817458000032 ], [ 34.734644260000039, 0.389989276000052 ], [ 34.733421210000074, 0.39062328100005 ], [ 34.732236603000047, 0.391133689000075 ], [ 34.731195935000073, 0.391287423000057 ], [ 34.730302769000048, 0.391514115000063 ], [ 34.729209035000054, 0.391785103000078 ], [ 34.728271091000067, 0.392296909000039 ], [ 34.727362975000062, 0.392454548000049 ], [ 34.726603062000038, 0.393146978000059 ], [ 34.725799566000035, 0.393600361000037 ], [ 34.724818037000034, 0.39385538900007 ], [ 34.72391023800003, 0.39401126600007 ], [ 34.721767050000039, 0.397350028000058 ], [ 34.722976544000062, 0.399616745000054 ], [ 34.723682533000044, 0.401833080000077 ], [ 34.719349830000056, 0.404754771000058 ], [ 34.716559156000073, 0.414564767000054 ], [ 34.712485498000035, 0.415241634000047 ], [ 34.710265689000039, 0.416322503000059 ], [ 34.711181217000046, 0.416841331000052 ], [ 34.71190755300006, 0.417366571000056 ], [ 34.712255789000039, 0.418109409000067 ], [ 34.712787363000075, 0.41881448000003 ], [ 34.713156706000063, 0.419991458000031 ], [ 34.713999989000058, 0.419323939000042 ], [ 34.71492168900005, 0.420035759000022 ], [ 34.715282312000063, 0.421141879000056 ], [ 34.715472117000047, 0.422328436000037 ], [ 34.715428861000078, 0.423382720000067 ], [ 34.715555866000045, 0.42414773800004 ], [ 34.716457602000048, 0.424373556000034 ], [ 34.717282891000025, 0.425009391000063 ], [ 34.718047332000026, 0.425770383000036 ], [ 34.718540380000036, 0.425111065000072 ], [ 34.719562649000068, 0.425214988000055 ], [ 34.720124246000069, 0.426031075000023 ], [ 34.720827713000062, 0.426675502000025 ], [ 34.721429476000026, 0.42740170400004 ], [ 34.722064654000064, 0.427969902000034 ], [ 34.722921623000047, 0.42800279700003 ], [ 34.723651520000033, 0.428541555000039 ], [ 34.723846223000066, 0.429683200000061 ], [ 34.72387311500006, 0.430977289000061 ], [ 34.723765193000077, 0.432004598000042 ], [ 34.723607014000038, 0.43279976600007 ], [ 34.723680363000028, 0.433564791000036 ], [ 34.723966355000073, 0.434909812000053 ], [ 34.724307811000074, 0.436022010000048 ], [ 34.724971839000034, 0.436507054000053 ], [ 34.725671979000026, 0.43701020700007 ], [ 34.725998409000056, 0.437753519000065 ], [ 34.726579804000039, 0.438501728000068 ], [ 34.726846412000043, 0.439488467000049 ], [ 34.72768981300004, 0.440201241000073 ], [ 34.728593624000041, 0.441013311000069 ], [ 34.729116329000078, 0.441923909000028 ], [ 34.729529021000076, 0.443054014000047 ], [ 34.730265411000062, 0.444078623000058 ], [ 34.730777020000062, 0.445182554000044 ], [ 34.731727262000049, 0.446155638000056 ], [ 34.732150061000027, 0.447029436000036 ], [ 34.733074517000034, 0.447122173000029 ], [ 34.733681114000035, 0.447872845000059 ], [ 34.734410002000061, 0.448426436000036 ], [ 34.734865026000087, 0.44915009200002 ], [ 34.735433009000076, 0.449876999000026 ], [ 34.736220980000041, 0.450860188000031 ], [ 34.736615905000072, 0.451785195000065 ], [ 34.737006023000049, 0.452445214000021 ], [ 34.737392338000063, 0.453182324000076 ], [ 34.737771432000045, 0.454098661000053 ], [ 34.738645233000057, 0.454463644000051 ], [ 34.73954679700006, 0.455132408000046 ], [ 34.741397066000047, 0.457119411000057 ], [ 34.743453371000044, 0.45951756400006 ], [ 34.745063293000044, 0.461230509000075 ], [ 34.746158208000054, 0.462498070000039 ], [ 34.747048954000036, 0.463097598000041 ], [ 34.747922589000041, 0.464056857000054 ], [ 34.74835183600004, 0.464930462000044 ], [ 34.748163156000032, 0.465821235000017 ], [ 34.747495723000043, 0.466386533000044 ], [ 34.746639423000033, 0.466574983000038 ], [ 34.745911915000079, 0.467152024000031 ], [ 34.745617404000029, 0.468162383000046 ], [ 34.745857818000047, 0.468893254000014 ], [ 34.746022053000047, 0.470355004000055 ], [ 34.745778113000028, 0.471573129000042 ], [ 34.74537396900007, 0.472791288000059 ], [ 34.74504998700008, 0.474415446000023 ], [ 34.744153800000049, 0.475714801000045 ], [ 34.743585686000074, 0.477257783000019 ], [ 34.743017512000051, 0.478394735000046 ], [ 34.742369187000072, 0.479206842000046 ], [ 34.74155677300007, 0.47953168200007 ], [ 34.739933682000071, 0.480187252000071 ], [ 34.740661956000054, 0.480878750000053 ], [ 34.741626882000048, 0.48044958900004 ], [ 34.742482978000055, 0.479998155000036 ], [ 34.743218657000057, 0.480369392000063 ], [ 34.743858341000085, 0.48102036000005 ], [ 34.744373271000029, 0.481985786000046 ], [ 34.745631608000053, 0.481664045000053 ], [ 34.746776025000031, 0.482458856000057 ], [ 34.747362575000068, 0.483385659000027 ], [ 34.748069884000074, 0.484177251000062 ], [ 34.748738488000072, 0.485192798000063 ], [ 34.749200745000053, 0.485905038000057 ], [ 34.749271609000061, 0.486929311000044 ], [ 34.74908084100008, 0.488000618000062 ], [ 34.748927008000067, 0.488862663000013 ], [ 34.748687043000075, 0.489947617000048 ], [ 34.748553891000029, 0.491095490000014 ], [ 34.748796452000079, 0.492338884000044 ], [ 34.749687266000031, 0.493117848000056 ], [ 34.749841772000025, 0.494529336000021 ], [ 34.750033534000067, 0.495530179000066 ], [ 34.750112399000045, 0.496528131000053 ], [ 34.750499693000052, 0.497520040000039 ], [ 34.750531781000063, 0.498546682000044 ], [ 34.750912535000055, 0.499564686000038 ], [ 34.751615644000026, 0.500809782000038 ], [ 34.751448106000055, 0.501756446000059 ], [ 34.751961369000071, 0.502673538000072 ], [ 34.752247812000064, 0.503985021000062 ], [ 34.752953792000028, 0.505263191000046 ], [ 34.753157311000052, 0.506683847000031 ], [ 34.753276781000068, 0.507631835000039 ], [ 34.753791962000037, 0.50858519700006 ], [ 34.75467507500008, 0.509118587000052 ], [ 34.755276045000073, 0.509980478000052 ], [ 34.755922676000068, 0.510478417000064 ], [ 34.756687426000042, 0.510580926000051 ], [ 34.757175021000087, 0.511758733000025 ], [ 34.758276555000066, 0.51251265200005 ], [ 34.758747836000055, 0.513342990000077 ], [ 34.759743552000032, 0.514173358000043 ], [ 34.760563818000037, 0.514993425000058 ], [ 34.76110568900004, 0.515916028000048 ], [ 34.762059471000043, 0.516818104000034 ], [ 34.763043742000036, 0.517638162000031 ], [ 34.76363900900003, 0.51856079200007 ], [ 34.764657691000025, 0.519667897000032 ], [ 34.764943139000025, 0.520838066000062 ], [ 34.765580138000075, 0.521472476000039 ], [ 34.766744396000036, 0.521984339000035 ], [ 34.767733919000079, 0.522445541000031 ], [ 34.768590890000041, 0.52271351300005 ], [ 34.769420166000032, 0.52336667500004 ], [ 34.770418177000067, 0.523897949000065 ], [ 34.771316695000053, 0.523860527000068 ], [ 34.772000863000073, 0.523390768000065 ], [ 34.773102252000058, 0.523658900000051 ], [ 34.774267452000061, 0.524206826000065 ], [ 34.774502874000063, 0.525494729000057 ], [ 34.775625804000072, 0.525514861000031 ], [ 34.776237237000032, 0.52629163300002 ], [ 34.777185205000023, 0.527092195000023 ], [ 34.778129264000036, 0.52714203900007 ], [ 34.778925098000059, 0.527336817000051 ], [ 34.779425610000033, 0.528248678000071 ], [ 34.780277913000077, 0.528881358000032 ], [ 34.781141378000029, 0.528613125000051 ], [ 34.782124159000034, 0.528587923000039 ], [ 34.782874227000036, 0.528055442000031 ], [ 34.783712480000077, 0.52797551500003 ], [ 34.784499023000023, 0.52868560200005 ], [ 34.78569092500004, 0.528098356000047 ], [ 34.786544278000065, 0.527594796000074 ], [ 34.786530545000062, 0.526653701000052 ], [ 34.78755310300005, 0.52628378800005 ], [ 34.788641862000077, 0.525511135000045 ], [ 34.789877923000063, 0.525252462000026 ], [ 34.79079697800006, 0.524800392000029 ], [ 34.79187530300004, 0.524459419000031 ], [ 34.79268107200005, 0.524623006000077 ], [ 34.792892106000068, 0.525660279000029 ], [ 34.793320501000039, 0.526559582000061 ], [ 34.793786676000025, 0.527314689000032 ], [ 34.794228738000072, 0.528214866000035 ], [ 34.79435012700003, 0.529201345000039 ], [ 34.794359144000055, 0.530672959000072 ], [ 34.794563512000025, 0.531741941000058 ], [ 34.794964295000057, 0.532775239000041 ], [ 34.795048595000026, 0.534097523000076 ], [ 34.794952041000045, 0.535186460000033 ], [ 34.79539636100003, 0.536415838000033 ], [ 34.79610599800003, 0.537160306000032 ], [ 34.796885455000051, 0.537559426000024 ], [ 34.797739880000051, 0.537810557000055 ], [ 34.798522386000059, 0.537769475000059 ], [ 34.799363540000058, 0.538289531000034 ], [ 34.800224465000049, 0.539022577000021 ], [ 34.801022218000071, 0.540023274000024 ], [ 34.801649041000076, 0.541252393000044 ], [ 34.802196587000026, 0.542021974000027 ], [ 34.80252766600006, 0.542729533000056 ], [ 34.803156251000075, 0.543464165000048 ], [ 34.803986029000043, 0.544207593000065 ], [ 34.804789190000065, 0.545224582000054 ], [ 34.805196627000043, 0.546189423000036 ], [ 34.80599907800007, 0.546955672000031 ], [ 34.806457242000079, 0.549641584000031 ], [ 34.806572022000069, 0.550851270000073 ], [ 34.806812667000031, 0.552064109000072 ], [ 34.807251707000034, 0.553490414000067 ], [ 34.807267317000026, 0.55468708200004 ], [ 34.807137888000057, 0.555528062000063 ], [ 34.807008545000038, 0.556660037000022 ], [ 34.807199948000061, 0.559025052000045 ], [ 34.80749455800003, 0.562158376000067 ], [ 34.807430036000028, 0.563225735000065 ], [ 34.807091015000026, 0.56468292800003 ], [ 34.806834470000076, 0.56558936300007 ], [ 34.807667406000064, 0.566260683000049 ], [ 34.810307242000079, 0.567969159000033 ], [ 34.811604342000066, 0.569047290000076 ], [ 34.813519401000065, 0.570397487000045 ], [ 34.814408267000033, 0.571037243000035 ], [ 34.815148497000052, 0.572055145000038 ], [ 34.816006900000048, 0.572861351000027 ], [ 34.81706937000007, 0.573720088000074 ], [ 34.818217732000051, 0.574832442000058 ], [ 34.819333651000079, 0.575865254000059 ], [ 34.820702187000052, 0.576680477000032 ], [ 34.821892281000032, 0.577040458000052 ], [ 34.823220605000074, 0.577302381000033 ], [ 34.82448875700004, 0.577220696000048 ], [ 34.825438507000058, 0.577385274000051 ], [ 34.826392072000033, 0.577551193000036 ], [ 34.827470625000046, 0.577981053000025 ], [ 34.82883524500005, 0.578448851000077 ], [ 34.829574395000066, 0.579042749000045 ], [ 34.830306962000066, 0.579946030000038 ], [ 34.831243670000049, 0.580075923000046 ], [ 34.832203560000039, 0.580132744000023 ], [ 34.832974077000081, 0.580391300000031 ], [ 34.833857142000056, 0.580761833000046 ], [ 34.834935710000025, 0.580167075000014 ], [ 34.836250836000033, 0.579864365000055 ], [ 34.837541164000072, 0.579540568000032 ], [ 34.838363087000062, 0.579511793000051 ], [ 34.839179347000027, 0.579684156000049 ], [ 34.840156673000024, 0.579592131000024 ], [ 34.841155022000073, 0.579656212000028 ], [ 34.841992745000027, 0.580178834000029 ], [ 34.843195367000078, 0.580662441000072 ], [ 34.844543228000077, 0.58089078300003 ], [ 34.845708094000031, 0.581382500000078 ], [ 34.847076748000063, 0.580987785000047 ], [ 34.848235423000062, 0.580434985000059 ], [ 34.849099854000031, 0.580130622000065 ], [ 34.84988940900007, 0.580278102000017 ], [ 34.850898375000043, 0.580774023000061 ], [ 34.852513764000037, 0.581226667000067 ], [ 34.853438790000041, 0.581617271000025 ], [ 34.854409636000071, 0.582183231000051 ], [ 34.855652119000069, 0.582359267000079 ], [ 34.856263464000051, 0.58283831200003 ], [ 34.856890188000079, 0.58372696500004 ], [ 34.858327211000073, 0.584520709000061 ], [ 34.858522362000031, 0.586123164000078 ], [ 34.858522735000065, 0.587383880000059 ], [ 34.859414530000038, 0.588255843000077 ], [ 34.860159005000071, 0.587509855000066 ], [ 34.860116689000051, 0.586291164000044 ], [ 34.860382543000071, 0.585046814000067 ], [ 34.86118248300005, 0.585490932000036 ], [ 34.862033499000063, 0.585502888000069 ], [ 34.862752146000048, 0.586087168000071 ], [ 34.863725244000079, 0.586207250000026 ], [ 34.864598260000037, 0.58645222900003 ], [ 34.865334532000077, 0.58698420800005 ], [ 34.86615194500007, 0.587831127000072 ], [ 34.867105170000059, 0.588230188000066 ], [ 34.868107785000063, 0.588435754000046 ], [ 34.868886018000069, 0.588992764000065 ], [ 34.869735209000055, 0.589604269000068 ], [ 34.870873478000078, 0.590120670000038 ], [ 34.871964467000055, 0.590684358000026 ], [ 34.872426192000034, 0.591439664000059 ], [ 34.873198069000075, 0.591137763000066 ], [ 34.873616311000035, 0.591883619000039 ], [ 34.873280897000029, 0.592640091000016 ], [ 34.87355388900005, 0.593606638000044 ], [ 34.874371968000048, 0.593480527000055 ], [ 34.874581480000074, 0.592597997000043 ], [ 34.875084700000059, 0.591799495000027 ], [ 34.875210278000054, 0.590832926000076 ], [ 34.875365097000042, 0.589866335000069 ], [ 34.876472540000066, 0.590181458000069 ], [ 34.876472857000074, 0.591253074000059 ], [ 34.876263420000043, 0.592387795000043 ], [ 34.875653462000059, 0.59337537200003 ], [ 34.87500158700005, 0.594489077000042 ], [ 34.873781382000061, 0.595485866000052 ], [ 34.873383487000069, 0.596478176000061 ], [ 34.874387428000034, 0.597390459000059 ], [ 34.875549878000072, 0.597775483000016 ], [ 34.876398574000063, 0.598003993000015 ], [ 34.877829021000032, 0.59859061200006 ], [ 34.878889485000059, 0.599113741000046 ], [ 34.879923243000064, 0.599610822000044 ], [ 34.880981811000026, 0.60017063900005 ], [ 34.881838277000043, 0.600877274000028 ], [ 34.882762481000043, 0.601713786000054 ], [ 34.88350452800006, 0.60242825100005 ], [ 34.884252146000051, 0.602637514000044 ], [ 34.884882555000047, 0.603093834000041 ], [ 34.885740872000042, 0.603609135000058 ], [ 34.886366535000036, 0.604140335000073 ], [ 34.887405106000074, 0.604790424000049 ], [ 34.888731394000047, 0.604614634000036 ], [ 34.888940882000043, 0.60365074300006 ], [ 34.888395247000062, 0.602894379000028 ], [ 34.887845823000077, 0.602222 ], [ 34.887860788000069, 0.601238316000028 ] ] ] } },
{ "type": "Feature", "properties": { "Shape_Leng": 0.93234761173000003, "Shape_Area": 0.02257013543, "ADM2_EN": "Matungu", "ADM2_PCODE": "KE037206", "ADM2_REF": null, "ADM2ALT1EN": null, "ADM2ALT2EN": null, "ADM1_EN": "Kakamega", "ADM1_PCODE": "KE037", "ADM0_EN": "Kenya", "ADM0_PCODE": "KE", "date": "2017-11-03T00:00:00", "validOn": "2019-10-31T00:00:00", "ValidTo": null }, "geometry": { "type": "Polygon", "coordinates": [ [ [ 34.550706467000055, 0.471100110000072 ], [ 34.563523256000053, 0.458914162000035 ], [ 34.564834359000031, 0.458979648000023 ], [ 34.565751671000044, 0.459080465000051 ], [ 34.56713269100004, 0.459119053000047 ], [ 34.568192578000037, 0.458767656000018 ], [ 34.569126022000034, 0.458606222000072 ], [ 34.570202134000056, 0.458840662000063 ], [ 34.571351329000038, 0.45857987300008 ], [ 34.572196415000064, 0.458853170000057 ], [ 34.572983600000043, 0.458511868000067 ], [ 34.57404039000005, 0.45843196300007 ], [ 34.574775370000054, 0.457822546000042 ], [ 34.575729340000066, 0.457517983000061 ], [ 34.576984670000058, 0.457837550000029 ], [ 34.577611883000031, 0.457163415000031 ], [ 34.578140916000052, 0.456593513000036 ], [ 34.578908024000043, 0.45607403600007 ], [ 34.579833739000037, 0.455355161000064 ], [ 34.580220237000049, 0.454211603000035 ], [ 34.581115646000057, 0.453211418000031 ], [ 34.580493855000043, 0.452231075000036 ], [ 34.580758875000072, 0.451395919000054 ], [ 34.580280779000077, 0.450740339000055 ], [ 34.580594552000036, 0.449583279000018 ], [ 34.579924782000042, 0.448532806000052 ], [ 34.580338336000068, 0.447614938000078 ], [ 34.580845990000064, 0.446764303000073 ], [ 34.580983704000062, 0.445994374000064 ], [ 34.580647210000052, 0.445246326000079 ], [ 34.580317077000075, 0.444515093000061 ], [ 34.580121066000061, 0.443761998000066 ], [ 34.579959341000063, 0.442874412000034 ], [ 34.579869988000041, 0.441664059000056 ], [ 34.580718399000034, 0.440929397000041 ], [ 34.581492070000024, 0.440566253000035 ], [ 34.581165188000057, 0.439542517000064 ], [ 34.581276492000029, 0.438675095000064 ], [ 34.580806452000047, 0.437748854000058 ], [ 34.580721901000061, 0.43665282300003 ], [ 34.581005120000043, 0.435662669000073 ], [ 34.581098884000028, 0.434595207000037 ], [ 34.581093888000055, 0.43382360700003 ], [ 34.580868250000037, 0.433057064000032 ], [ 34.581483764000041, 0.432065693000018 ], [ 34.582235319000063, 0.430848101000041 ], [ 34.583204883000064, 0.430303386000052 ], [ 34.584005997000077, 0.429775490000061 ], [ 34.585146354000074, 0.428756043000013 ], [ 34.585817126000052, 0.427916058000053 ], [ 34.586582333000024, 0.427413482000022 ], [ 34.587436533000073, 0.42690811200003 ], [ 34.587951124000028, 0.425868520000046 ], [ 34.588465165000066, 0.424581661000049 ], [ 34.587902792000079, 0.423651239000031 ], [ 34.588263009000059, 0.422936761000079 ], [ 34.588486833000047, 0.422082786000025 ], [ 34.589405918000068, 0.421280704000023 ], [ 34.589525916000071, 0.42038374900006 ], [ 34.589087164000034, 0.419725245000053 ], [ 34.588490133000057, 0.419176507000035 ], [ 34.588207704000069, 0.418063316000033 ], [ 34.588365838000072, 0.416965788000022 ], [ 34.588585021000029, 0.415993714000028 ], [ 34.589036867000061, 0.414927546000053 ], [ 34.589288482000029, 0.414020499000066 ], [ 34.589273108000043, 0.413234219000061 ], [ 34.588832439000043, 0.412497349000031 ], [ 34.587596556000051, 0.412340577000063 ], [ 34.586356871000078, 0.412262230000068 ], [ 34.585212469000055, 0.411666464000056 ], [ 34.584663043000035, 0.410616015000079 ], [ 34.584035480000068, 0.409957515000027 ], [ 34.583283947000041, 0.409283343000019 ], [ 34.583096922000038, 0.408468071000067 ], [ 34.583298919000072, 0.407354851000039 ], [ 34.58339219100003, 0.406131902000024 ], [ 34.582475694000046, 0.405512623000056 ], [ 34.581095710000056, 0.404618973000028 ], [ 34.580442323000057, 0.403440467000054 ], [ 34.579270347000033, 0.403388246000018 ], [ 34.578532230000064, 0.403153079000052 ], [ 34.577813138000067, 0.402604330000029 ], [ 34.577350461000037, 0.401993590000075 ], [ 34.576515535000055, 0.40305702900002 ], [ 34.575153937000039, 0.403134159000052 ], [ 34.574282123000046, 0.402115319000082 ], [ 34.573423802000036, 0.401584505000077 ], [ 34.572637962000044, 0.401105052000047 ], [ 34.572088544000053, 0.400454369000039 ], [ 34.571558193000044, 0.39978654900005 ], [ 34.570804758000065, 0.39925574400007 ], [ 34.570016911000039, 0.398433813000061 ], [ 34.569246273000033, 0.397766006000041 ], [ 34.568254368000055, 0.396926980000053 ], [ 34.567191878000074, 0.396002320000042 ], [ 34.566009413000074, 0.395642770000048 ], [ 34.565000720000057, 0.396070926000056 ], [ 34.564657773000079, 0.397149775000055 ], [ 34.565001389000031, 0.398331360000036 ], [ 34.565495614000042, 0.399358782000039 ], [ 34.565259426000068, 0.40031775700004 ], [ 34.56458185200006, 0.401584984000072 ], [ 34.563581710000051, 0.401910404000032 ], [ 34.562723384000037, 0.401362483000063 ], [ 34.562432601000069, 0.400420657000044 ], [ 34.561482308000052, 0.399495998000024 ], [ 34.560258547000046, 0.398143253000054 ], [ 34.559451660000036, 0.397424067000039 ], [ 34.558888757000034, 0.396311011000023 ], [ 34.558493687000066, 0.395249325000061 ], [ 34.557909942000038, 0.394598645000025 ], [ 34.557055572000031, 0.394530190000071 ], [ 34.555958847000056, 0.393913766000031 ], [ 34.554896540000072, 0.393605589000066 ], [ 34.554145007000052, 0.393057663000028 ], [ 34.553286590000027, 0.392201477000066 ], [ 34.552775292000042, 0.391482276000034 ], [ 34.552191518000029, 0.390728866000078 ], [ 34.551504794000039, 0.390078161000015 ], [ 34.550993538000057, 0.389495963000066 ], [ 34.550461232000032, 0.388674033000036 ], [ 34.550529617000052, 0.387766431000037 ], [ 34.55118150800007, 0.386704688000073 ], [ 34.551164035000056, 0.385660103000015 ], [ 34.55100359000005, 0.384803899000076 ], [ 34.55016825000007, 0.384598465000065 ], [ 34.549142369000037, 0.384941 ], [ 34.547678842000039, 0.385343499000044 ], [ 34.546472596000058, 0.385180895000082 ], [ 34.545015559000035, 0.384958349000039 ], [ 34.543680561000031, 0.384701553000075 ], [ 34.54273859400007, 0.385061220000061 ], [ 34.541798479000079, 0.385232517000019 ], [ 34.540736161000041, 0.384890083000073 ], [ 34.539416480000057, 0.384838790000056 ], [ 34.538527712000075, 0.384530590000051 ], [ 34.537755269000058, 0.384205276000052 ], [ 34.536694969000052, 0.384239578000062 ], [ 34.535941900000068, 0.384941726000014 ], [ 34.535583642000063, 0.385832207000028 ], [ 34.535309252000047, 0.386585695000072 ], [ 34.535000536000041, 0.387339185000022 ], [ 34.534657565000032, 0.388332425000048 ], [ 34.534451900000079, 0.389325626000068 ], [ 34.533958280000036, 0.390344557000043 ], [ 34.532979914000066, 0.390147667000071 ], [ 34.532013806000066, 0.38947989300005 ], [ 34.530035185000031, 0.38922314000007 ], [ 34.529026336000072, 0.389120436000042 ], [ 34.528187156000058, 0.388829368000071 ], [ 34.527502333000029, 0.388161557000053 ], [ 34.526798401000065, 0.387356758000072 ], [ 34.526201221000065, 0.38641495000008 ], [ 34.525548763000074, 0.385558783000027 ], [ 34.524797140000032, 0.384702592000051 ], [ 34.524007304000065, 0.383606669000077 ], [ 34.523629509000045, 0.382921734000035 ], [ 34.522462063000035, 0.381761734000073 ], [ 34.521611171000075, 0.380558667000059 ], [ 34.520941494000056, 0.37951413300005 ], [ 34.52034423300006, 0.378298348000043 ], [ 34.51982915800005, 0.377699015000076 ], [ 34.518887048000067, 0.377579200000068 ], [ 34.517674157000044, 0.377514500000072 ], [ 34.516618331000075, 0.376551860000063 ], [ 34.516540427000052, 0.374291462000037 ], [ 34.516471283000044, 0.372630410000056 ], [ 34.516230697000026, 0.371620081000066 ], [ 34.515734657000053, 0.370900879000028 ], [ 34.514560750000051, 0.370464281000074 ], [ 34.513457666000079, 0.370918141000054 ], [ 34.512071331000072, 0.371175072000025 ], [ 34.511146502000031, 0.371449114000023 ], [ 34.510376051000037, 0.371414913000018 ], [ 34.509502595000072, 0.371295079000046 ], [ 34.50807327800004, 0.371303742000065 ], [ 34.506899281000074, 0.370558887000071 ], [ 34.506061937000027, 0.370028087000034 ], [ 34.505203813000044, 0.37016512200006 ], [ 34.504464086000041, 0.370844427000057 ], [ 34.504161235000026, 0.372083105000056 ], [ 34.503972753000028, 0.373144822000026 ], [ 34.503389470000059, 0.374052452000053 ], [ 34.502878644000077, 0.37492582000004 ], [ 34.502570025000068, 0.376004665000031 ], [ 34.502249917000029, 0.37692939200002 ], [ 34.501454519000049, 0.377288786000069 ], [ 34.500566054000046, 0.377083605000049 ], [ 34.499526704000061, 0.377021673000061 ], [ 34.498737098000049, 0.376699399000079 ], [ 34.498012340000059, 0.376409370000037 ], [ 34.497302768000054, 0.375877594000031 ], [ 34.496593098000062, 0.375023501000048 ], [ 34.496142839000072, 0.374346646000046 ], [ 34.495465562000049, 0.373395872000054 ], [ 34.494595679000042, 0.372461201000014 ], [ 34.493918563000079, 0.372058336000062 ], [ 34.492886812000052, 0.371897249000031 ], [ 34.491752004000034, 0.371474739000063 ], [ 34.491162470000063, 0.370591970000015 ], [ 34.490435819000027, 0.370350265000062 ], [ 34.489615720000074, 0.370092472000059 ], [ 34.488762509000026, 0.37072102100006 ], [ 34.487377228000078, 0.371317383000072 ], [ 34.486266479000051, 0.371645587000038 ], [ 34.484911637000039, 0.371994369000057 ], [ 34.483798040000067, 0.372365101000074 ], [ 34.482833187000047, 0.372719702000039 ], [ 34.481897634000063, 0.372195994000035 ], [ 34.482075595000026, 0.371027590000035 ], [ 34.481995271000081, 0.370254049000033 ], [ 34.481770003000065, 0.369448256000054 ], [ 34.481769707000069, 0.368449089000018 ], [ 34.48183044600006, 0.36748213600004 ], [ 34.481669998000029, 0.366611905000075 ], [ 34.481234947000075, 0.365773891000059 ], [ 34.480671162000078, 0.364903675000052 ], [ 34.480379996000075, 0.363743373000031 ], [ 34.480314880000037, 0.362808659000045 ], [ 34.480348948000028, 0.361938402000015 ], [ 34.480379232000075, 0.361164841000055 ], [ 34.480638341000031, 0.360326803000019 ], [ 34.480895451000038, 0.359182588000064 ], [ 34.480717749000064, 0.358006150000045 ], [ 34.480313220000028, 0.357200396000052 ], [ 34.480105120000076, 0.356410724000062 ], [ 34.480282169000077, 0.355379301000031 ], [ 34.480474402000027, 0.354106162000049 ], [ 34.480252433000032, 0.353150645000023 ], [ 34.479234273000031, 0.352220671000052 ], [ 34.47783237200008, 0.351431096000052 ], [ 34.476913016000026, 0.350867084000077 ], [ 34.47594994800005, 0.350810974000069 ], [ 34.474998387000028, 0.35097042600006 ], [ 34.474125018000052, 0.35114145300002 ], [ 34.473285962000034, 0.351270188000058 ], [ 34.472530888000051, 0.351640886000043 ], [ 34.471611870000061, 0.352221105000063 ], [ 34.47080718400008, 0.352495112000047 ], [ 34.469807887000059, 0.352452186000046 ], [ 34.469033387000025, 0.351624955000032 ], [ 34.468258981000076, 0.351109291000054 ], [ 34.46709932400006, 0.350496968000071 ], [ 34.465390366000065, 0.349626793000032 ], [ 34.463811145000079, 0.348950029000036 ], [ 34.462846082000056, 0.348595549000041 ], [ 34.461137115000042, 0.34769315700004 ], [ 34.459302293000064, 0.34682301800006 ], [ 34.457818432000067, 0.346178467000075 ], [ 34.456559592000076, 0.345501657000059 ], [ 34.455625022000056, 0.345082711000026 ], [ 34.454625567000051, 0.344502596000048 ], [ 34.45359568300006, 0.344212553000032 ], [ 34.452371218000053, 0.343696943000052 ], [ 34.451531999000053, 0.34327796400003 ], [ 34.450307456000075, 0.342504471000047 ], [ 34.449178332000031, 0.341956610000068 ], [ 34.447017385000038, 0.34107471400006 ], [ 34.445703488000049, 0.341166984000047 ], [ 34.444963633000043, 0.341416698000042 ], [ 34.444124535000071, 0.341399607000036 ], [ 34.443285386000071, 0.341211300000055 ], [ 34.442476701000032, 0.34086110300006 ], [ 34.441687028000054, 0.340313207000064 ], [ 34.441187142000047, 0.339491336000042 ], [ 34.44086463800005, 0.338766164000056 ], [ 34.440172153000049, 0.337976519000044 ], [ 34.438970556000072, 0.337409931000021 ], [ 34.437963477000039, 0.336848533000023 ], [ 34.436981116000034, 0.336037430000035 ], [ 34.43593407700007, 0.335768891000051 ], [ 34.434724888000062, 0.335325784000021 ], [ 34.433740743000044, 0.334930989000044 ], [ 34.432710908000047, 0.334802119000068 ], [ 34.431517069000051, 0.334673258000062 ], [ 34.430391863000068, 0.334479930000035 ], [ 34.428877546000024, 0.334028770000027 ], [ 34.427714190000074, 0.333803227000029 ], [ 34.426554620000047, 0.333480974000046 ], [ 34.425749801000052, 0.333303753000056 ], [ 34.424735304000023, 0.333448843000049 ], [ 34.423686436000025, 0.333448916000063 ], [ 34.422881631000052, 0.333320033000065 ], [ 34.42204250900005, 0.333223369000054 ], [ 34.420802896000055, 0.333078403000061 ], [ 34.419479282000054, 0.332625981000034 ], [ 34.417949495000073, 0.331450869000039 ], [ 34.416404361000048, 0.329968298000032 ], [ 34.415080424000053, 0.328421281000025 ], [ 34.414534784000068, 0.327647750000045 ], [ 34.414244632000077, 0.326691457000043 ], [ 34.41369521300004, 0.32603621400005 ], [ 34.412970117000043, 0.324601953000067 ], [ 34.41272568800008, 0.323489982000075 ], [ 34.411955047000049, 0.322813175000025 ], [ 34.410312645000033, 0.321299465000038 ], [ 34.409860389000073, 0.320321454000066 ], [ 34.409469185000034, 0.319434970000036 ], [ 34.408761402000039, 0.318506319000049 ], [ 34.408246271000053, 0.317720807000049 ], [ 34.407925680000062, 0.317011727000021 ], [ 34.407873952000045, 0.316205939000045 ], [ 34.408794752000063, 0.315206707000077 ], [ 34.409404820000084, 0.314594287000033 ], [ 34.409984386000076, 0.314014085000056 ], [ 34.411000738000041, 0.313691713000026 ], [ 34.411563131000037, 0.313079295000019 ], [ 34.412289496000028, 0.312354036000038 ], [ 34.413176060000069, 0.311661014000044 ], [ 34.414045504000057, 0.311113028000023 ], [ 34.415162944000031, 0.310844359000047 ], [ 34.41558985100005, 0.309936495000041 ], [ 34.416009154000051, 0.309114572000048 ], [ 34.416622951000079, 0.308212051000053 ], [ 34.417168123000067, 0.307406245000031 ], [ 34.417587461000039, 0.306697125000033 ], [ 34.41824891400006, 0.305730125000027 ], [ 34.418957929000044, 0.304376386000055 ], [ 34.418972784000061, 0.303022656000051 ], [ 34.418329800000038, 0.301959046000037 ], [ 34.417768885000044, 0.301120756000054 ], [ 34.417129686000067, 0.299960228000026 ], [ 34.416700224000067, 0.298675918000064 ], [ 34.416223192000075, 0.297751225000064 ], [ 34.415604939000048, 0.296484077000067 ], [ 34.415295736000076, 0.295593617000059 ], [ 34.41497023200003, 0.294393449000035 ], [ 34.414297676000047, 0.29328899700005 ], [ 34.413942654000039, 0.292225387000037 ], [ 34.414102520000029, 0.291125971000051 ], [ 34.414168999000026, 0.290227011000066 ], [ 34.414334637000024, 0.289302165000039 ], [ 34.414280975000054, 0.288405940000082 ], [ 34.413523765000036, 0.288003078000031 ], [ 34.412524394000059, 0.287713063000071 ], [ 34.411490659000037, 0.28729409300007 ], [ 34.410750608000058, 0.286875137000034 ], [ 34.410025854000025, 0.286601216000069 ], [ 34.409203829000035, 0.286278945000044 ], [ 34.408484695000027, 0.285661208000021 ], [ 34.407269803000077, 0.285279870000075 ], [ 34.406512493000037, 0.284538584000074 ], [ 34.405513099000075, 0.284167966000037 ], [ 34.404563426000038, 0.284264729000021 ], [ 34.403531866000037, 0.284748260000072 ], [ 34.402290493000066, 0.285102877000045 ], [ 34.401102937000076, 0.284726901000053 ], [ 34.400470904000031, 0.284152151000052 ], [ 34.399680184000033, 0.283290002000061 ], [ 34.398454771000047, 0.282798532000074 ], [ 34.397424818000047, 0.282266774000052 ], [ 34.396234434000064, 0.282219066000039 ], [ 34.395852365000053, 0.28297144700003 ], [ 34.39552850900003, 0.283768422000044 ], [ 34.395021703000054, 0.284940330000047 ], [ 34.394802059000028, 0.28648074200003 ], [ 34.394706330000076, 0.287782640000042 ], [ 34.394507510000039, 0.288744363000026 ], [ 34.393631077000066, 0.289698384000073 ], [ 34.392124982000041, 0.291204838000057 ], [ 34.388623402000064, 0.294526380000044 ], [ 34.384604411000055, 0.298303154000047 ], [ 34.38301616800004, 0.299282589000029 ], [ 34.382268857000042, 0.300259413000055 ], [ 34.381853918000047, 0.301347328000025 ], [ 34.381257235000078, 0.302950102000076 ], [ 34.380745257000058, 0.303906903000046 ], [ 34.380130633000078, 0.304907603000065 ], [ 34.379508962000045, 0.305854898000068 ], [ 34.377965060000065, 0.306526280000072 ], [ 34.376942083000074, 0.306950823000029 ], [ 34.374681834000057, 0.307740553000034 ], [ 34.373667587000057, 0.308035780000063 ], [ 34.371950841000057, 0.308795325000059 ], [ 34.372662392000052, 0.309298948000049 ], [ 34.373528339000075, 0.309822976000028 ], [ 34.374548498000024, 0.310762453000059 ], [ 34.375608742000054, 0.31139982400004 ], [ 34.376362777000054, 0.311814 ], [ 34.377090137000039, 0.312305309000064 ], [ 34.378050190000067, 0.312916073000045 ], [ 34.378908791000072, 0.313532228000038 ], [ 34.379400727000075, 0.314128264000037 ], [ 34.380026759000032, 0.314832913000027 ], [ 34.380836213000066, 0.315988478000058 ], [ 34.381490384000081, 0.316905029000049 ], [ 34.382293047000076, 0.318386772000046 ], [ 34.382715490000066, 0.319582499000038 ], [ 34.383042153000076, 0.321474641000058 ], [ 34.383340051000062, 0.322832512000041 ], [ 34.383550183000068, 0.32404384100005 ], [ 34.383697421000079, 0.325385067000062 ], [ 34.383712936000052, 0.326257213000022 ], [ 34.383694541000068, 0.328539358000055 ], [ 34.383694939000073, 0.329884058000063 ], [ 34.383735260000037, 0.330803768000065 ], [ 34.383912928000029, 0.331868579000064 ], [ 34.384180895000043, 0.333039877000031 ], [ 34.384681310000076, 0.334578903000019 ], [ 34.385036077000052, 0.335852393000037 ], [ 34.385056062000046, 0.336791809000025 ], [ 34.385020723000025, 0.337668011000063 ], [ 34.38488290500004, 0.338516270000078 ], [ 34.384427211000059, 0.339450017000042 ], [ 34.384414174000028, 0.340507411000026 ], [ 34.384415371000046, 0.341330264000024 ], [ 34.384389965000025, 0.342473350000029 ], [ 34.384367289000068, 0.343823647000016 ], [ 34.384522408000066, 0.344727788000053 ], [ 34.384506940000051, 0.345730862000045 ], [ 34.384507553000049, 0.346729457000036 ], [ 34.384474484000066, 0.347756982000013 ], [ 34.384455651000053, 0.348558150000029 ], [ 34.384513907000041, 0.349939329000052 ], [ 34.384581145000027, 0.351602296000065 ], [ 34.385096811000039, 0.353121745000067 ], [ 34.385774390000051, 0.354018544000037 ], [ 34.386419827000054, 0.354774636000065 ], [ 34.387398331000043, 0.355441851000021 ], [ 34.388706058000025, 0.35591333100006 ], [ 34.389952919000052, 0.356490938000028 ], [ 34.391381585000033, 0.356860815000064 ], [ 34.392465885000043, 0.357374679000025 ], [ 34.396639435000054, 0.360638276000032 ], [ 34.39890742800003, 0.362440680000017 ], [ 34.399973618000047, 0.362981293000072 ], [ 34.401432456000066, 0.362839675000024 ], [ 34.402307771000039, 0.362799825000025 ], [ 34.403111951000028, 0.362965582000071 ], [ 34.404159665000066, 0.363364633000055 ], [ 34.407186470000056, 0.364535014000065 ], [ 34.40811147900007, 0.364871183000055 ], [ 34.413398331000053, 0.36676776100006 ], [ 34.414909839000074, 0.367392962000054 ], [ 34.416038019000041, 0.367972972000069 ], [ 34.416877242000055, 0.368410833000048 ], [ 34.417865237000058, 0.368928288000065 ], [ 34.419639074000031, 0.369936238000041 ], [ 34.420567391000077, 0.370707312000028 ], [ 34.421349251000038, 0.371704295000037 ], [ 34.421969004000061, 0.372670550000062 ], [ 34.421455593000076, 0.373397353000034 ], [ 34.42075974800008, 0.374143979000049 ], [ 34.419879612000045, 0.375081905000057 ], [ 34.41854776200006, 0.376331279000056 ], [ 34.417786629000034, 0.37717166100004 ], [ 34.416718281000044, 0.377716712000047 ], [ 34.415545340000051, 0.378073876000028 ], [ 34.414445697000076, 0.378877836000065 ], [ 34.413454784000066, 0.379668567000063 ], [ 34.412294468000027, 0.380692590000029 ], [ 34.411812268000062, 0.381633616000051 ], [ 34.410985630000027, 0.382375102000024 ], [ 34.410374896000064, 0.383425219000053 ], [ 34.40966241700005, 0.384118047000064 ], [ 34.409014778000028, 0.384818430000051 ], [ 34.408198631000062, 0.385485960000031 ], [ 34.407446847000074, 0.386452653000053 ], [ 34.406628634000072, 0.386983983000053 ], [ 34.40555388000007, 0.387579260000058 ], [ 34.404380611000079, 0.388222098000029 ], [ 34.403589331000035, 0.388688927000029 ], [ 34.402514917000076, 0.389358981000048 ], [ 34.401267501000063, 0.38969729600007 ], [ 34.400521335000064, 0.390096202000054 ], [ 34.399899782000034, 0.390567402000044 ], [ 34.398909571000047, 0.391156443000053 ], [ 34.397820526000032, 0.39179052400004 ], [ 34.396771504000071, 0.392341006000037 ], [ 34.39600690900005, 0.393068543000027 ], [ 34.395409509000046, 0.394140414000045 ], [ 34.394592806000048, 0.394773970000082 ], [ 34.393808087000025, 0.394857151000049 ], [ 34.392998758000033, 0.395551522000062 ], [ 34.392465913000024, 0.396124740000061 ], [ 34.391546617000074, 0.396685316000057 ], [ 34.390549530000044, 0.396744365000076 ], [ 34.389649520000034, 0.397113219000062 ], [ 34.388572120000049, 0.397356940000059 ], [ 34.387420710000072, 0.397760281000047 ], [ 34.386421470000073, 0.397694067000038 ], [ 34.385375735000025, 0.397965807000043 ], [ 34.384416977000058, 0.398295907000037 ], [ 34.383485207000035, 0.399279060000032 ], [ 34.383003836000064, 0.400339024000067 ], [ 34.38247182200007, 0.40092765500003 ], [ 34.381897816000048, 0.40160769100004 ], [ 34.381452078000052, 0.402246152000024 ], [ 34.380946775000041, 0.402881749000068 ], [ 34.380005371000038, 0.403640921000041 ], [ 34.378888367000059, 0.404307688000079 ], [ 34.37820013400006, 0.405003581000076 ], [ 34.377310155000032, 0.404899364000077 ], [ 34.376164215000074, 0.404449840000036 ], [ 34.374527743000044, 0.40471494400004 ], [ 34.373511638000025, 0.404800919000022 ], [ 34.372608600000035, 0.404601082000051 ], [ 34.371744697000054, 0.404541316000056 ], [ 34.37064375500006, 0.404709764000068 ], [ 34.369483113000058, 0.405063066000028 ], [ 34.36838843400006, 0.404918742000055 ], [ 34.367883830000039, 0.404260197000045 ], [ 34.367217185000072, 0.403796444000017 ], [ 34.366262119000055, 0.403713761000062 ], [ 34.365498330000037, 0.403848500000031 ], [ 34.364589736000035, 0.404422027000074 ], [ 34.363397473000077, 0.404957209000036 ], [ 34.362273272000039, 0.405089941000031 ], [ 34.361141867000072, 0.405428210000032 ], [ 34.360278608000051, 0.406468899000062 ], [ 34.359161137000065, 0.407278017000073 ], [ 34.358803765000062, 0.408371210000033 ], [ 34.358204707000027, 0.409137042000048 ], [ 34.357238506000044, 0.409769569000055 ], [ 34.356732513000054, 0.410863253000057 ], [ 34.355836719000024, 0.411668821000032 ], [ 34.35513977100004, 0.41283162100006 ], [ 34.354457349000029, 0.413828784000038 ], [ 34.354017046000024, 0.414573519000045 ], [ 34.353432744000031, 0.41526220000003 ], [ 34.352502347000041, 0.416049016000042 ], [ 34.351767994000056, 0.41684780200006 ], [ 34.351218442000061, 0.417674700000021 ], [ 34.350530260000028, 0.418539128000027 ], [ 34.349600838000072, 0.419403578000074 ], [ 34.348569461000068, 0.420508593000017 ], [ 34.347745223000061, 0.421304064000022 ], [ 34.347052395000048, 0.422041558000038 ], [ 34.34634559400007, 0.422821483000063 ], [ 34.345770775000062, 0.423332847000044 ], [ 34.345000759000072, 0.42384693900004 ], [ 34.34404263600004, 0.424232794000037 ], [ 34.343409235000024, 0.425173767000053 ], [ 34.344063306000074, 0.426202993000053 ], [ 34.344934309000053, 0.42705582000002 ], [ 34.345667957000046, 0.427745673000062 ], [ 34.346558555000058, 0.428220246000019 ], [ 34.347419463000051, 0.428902467000054 ], [ 34.348364319000041, 0.429711361000049 ], [ 34.349221721000049, 0.430359710000069 ], [ 34.350439660000063, 0.431373495000066 ], [ 34.353228484000056, 0.433887380000037 ], [ 34.354388267000054, 0.434929100000039 ], [ 34.355017754000073, 0.435489581000075 ], [ 34.356376834000059, 0.436572939000035 ], [ 34.357542268000032, 0.437376410000077 ], [ 34.358226058000071, 0.437779357000073 ], [ 34.359128246000068, 0.438327723000044 ], [ 34.360054550000029, 0.438743479000044 ], [ 34.36121096100004, 0.439127468000033 ], [ 34.362526324000044, 0.439627381000045 ], [ 34.36331978000004, 0.440070633000062 ], [ 34.364370154000028, 0.44086439200004 ], [ 34.364932352000039, 0.441743370000033 ], [ 34.365149452000026, 0.442873763000029 ], [ 34.365203863000033, 0.444150008000057 ], [ 34.365213747000041, 0.445327282000049 ], [ 34.365235101000053, 0.446598469000043 ], [ 34.36538407300003, 0.447356936000061 ], [ 34.36568567300003, 0.448331796000052 ], [ 34.366044463000037, 0.449239255000068 ], [ 34.366412841000063, 0.450322996000076 ], [ 34.366964723000024, 0.452856035000019 ], [ 34.367251174000046, 0.454198408000028 ], [ 34.367451695000057, 0.455152368000024 ], [ 34.367748979000055, 0.456581263000033 ], [ 34.368274270000029, 0.457329810000034 ], [ 34.369331730000056, 0.458010716000046 ], [ 34.370582164000041, 0.458634004000037 ], [ 34.371538119000043, 0.45914542300005 ], [ 34.372819449000076, 0.459774581000027 ], [ 34.373641495000072, 0.460165026000024 ], [ 34.374569673000053, 0.460467840000027 ], [ 34.375468597000065, 0.460726155000024 ], [ 34.376560435000044, 0.460936935000067 ], [ 34.377500693000059, 0.460604755000011 ], [ 34.378394319000051, 0.46002371200006 ], [ 34.379282317000047, 0.459571442000029 ], [ 34.379986770000073, 0.458910831000032 ], [ 34.380806788000029, 0.45889295600005 ], [ 34.38200157600005, 0.459006734000064 ], [ 34.383193428000027, 0.459577710000083 ], [ 34.383927296000024, 0.460294185000058 ], [ 34.385010651000073, 0.460410238000066 ], [ 34.386273884000047, 0.460891286000048 ], [ 34.386785174000067, 0.461587269000065 ], [ 34.387347797000075, 0.462289663000039 ], [ 34.388467891000062, 0.461856796000057 ], [ 34.389411414000051, 0.461742974000054 ], [ 34.389971419000062, 0.462370229000046 ], [ 34.389995807000048, 0.463154164000059 ], [ 34.390358664000075, 0.463839394000052 ], [ 34.390790879000065, 0.464758784000017 ], [ 34.390725334000024, 0.466135933000035 ], [ 34.391057837000062, 0.467247831000062 ], [ 34.391261039000028, 0.468261175000062 ], [ 34.392155873000036, 0.468583015000034 ], [ 34.392651644000068, 0.469204432000027 ], [ 34.393682919000071, 0.469591458000029 ], [ 34.394853478000073, 0.46944330800005 ], [ 34.395617796000067, 0.469814320000071 ], [ 34.395834406000063, 0.470785817000027 ], [ 34.396575412000061, 0.471207793000072 ], [ 34.397478084000056, 0.471475627000071 ], [ 34.398132426000075, 0.471915424000029 ], [ 34.398579050000023, 0.472943004000051 ], [ 34.399724603000038, 0.472539570000041 ], [ 34.400387260000059, 0.473045193000076 ], [ 34.401340834000052, 0.473292963000068 ], [ 34.402080732000059, 0.473961922000059 ], [ 34.403157022000073, 0.474811224000066 ], [ 34.404010264000078, 0.475442647000031 ], [ 34.405070193000029, 0.476187613000033 ], [ 34.406216979000078, 0.476044635000045 ], [ 34.407612739000058, 0.476147515000044 ], [ 34.408890463000034, 0.47591265100004 ], [ 34.409785821000071, 0.476181395000027 ], [ 34.410814642000048, 0.476498758000054 ], [ 34.411858738000035, 0.476733455000046 ], [ 34.412653815000056, 0.476563178000054 ], [ 34.413577813000074, 0.476327601000042 ], [ 34.414661995000074, 0.475948199000075 ], [ 34.415454193000073, 0.47562087300003 ], [ 34.416094873000077, 0.476251545000024 ], [ 34.417314946000033, 0.476210957000037 ], [ 34.418257349000044, 0.475825981000078 ], [ 34.419429911000066, 0.475552984000046 ], [ 34.420491489000028, 0.474857248000036 ], [ 34.421294970000076, 0.474430148000073 ], [ 34.421620425000071, 0.473509541000051 ], [ 34.422274996000056, 0.472568353000042 ], [ 34.423345017000031, 0.47183361400005 ], [ 34.424236441000062, 0.470742215000036 ], [ 34.425138316000073, 0.47043977300007 ], [ 34.425654138000027, 0.46987465100005 ], [ 34.426389695000069, 0.469555331000039 ], [ 34.427151758000036, 0.469397912000029 ], [ 34.427585925000074, 0.468544900000048 ], [ 34.428259645000026, 0.467545153000052 ], [ 34.42920163000008, 0.467137531000053 ], [ 34.429672065000034, 0.466350282000073 ], [ 34.430632751000076, 0.466079476000066 ], [ 34.431542296000032, 0.466010554000041 ], [ 34.431907133000038, 0.465278219000024 ], [ 34.432715739000059, 0.464990080000057 ], [ 34.433453489000044, 0.465319342000049 ], [ 34.434064099000068, 0.464834325000031 ], [ 34.434828180000068, 0.463905457000072 ], [ 34.435750201000076, 0.463765812000021 ], [ 34.436892321000073, 0.46388046200002 ], [ 34.437787462000074, 0.464108551000037 ], [ 34.438676237000038, 0.464270037000063 ], [ 34.439662750000025, 0.464185713000058 ], [ 34.440835634000052, 0.464772706000078 ], [ 34.441990110000063, 0.464939992000039 ], [ 34.44267910700006, 0.466101584000064 ], [ 34.443711379000035, 0.466533489000035 ], [ 34.444460752000055, 0.466751815000072 ], [ 34.444829457000026, 0.467545373000059 ], [ 34.44580202700007, 0.467841685000049 ], [ 34.446663206000039, 0.468831224000034 ], [ 34.447798761000065, 0.468571270000033 ], [ 34.448970652000071, 0.468835898000066 ], [ 34.450093712000069, 0.469126909000064 ], [ 34.451132206000068, 0.469321848000043 ], [ 34.452073409000036, 0.469359001000045 ], [ 34.45305339600003, 0.469423789000072 ], [ 34.453896625000027, 0.468972039000055 ], [ 34.455028932000062, 0.469025229000067 ], [ 34.456381445000034, 0.469435763000027 ], [ 34.457458311000039, 0.469029073000059 ], [ 34.458321136000052, 0.468661697000067 ], [ 34.459184774000057, 0.468800383000032 ], [ 34.460339345000079, 0.46925611700005 ], [ 34.460565175000056, 0.470090771000055 ], [ 34.461628707000045, 0.469911058000032 ], [ 34.462447085000065, 0.470571501000056 ], [ 34.463253245000033, 0.471405896000027 ], [ 34.463960550000024, 0.472268125000024 ], [ 34.46418404700006, 0.473106857000061 ], [ 34.46468789100004, 0.473725136000036 ], [ 34.465433033000068, 0.474207098000019 ], [ 34.466493463000063, 0.474392087000076 ], [ 34.467203027000039, 0.474994600000056 ], [ 34.467848395000033, 0.475683895000036 ], [ 34.468010054000047, 0.476928628000056 ], [ 34.468931333000057, 0.47764167000002 ], [ 34.469196588000045, 0.478886574000059 ], [ 34.470072198000025, 0.479234121000047 ], [ 34.47116494100004, 0.479785355000041 ], [ 34.471884134000049, 0.48082517200004 ], [ 34.472671855000044, 0.481173482000035 ], [ 34.473611456000071, 0.481350338000029 ], [ 34.474407152000026, 0.481612532000035 ], [ 34.47534638500008, 0.481678123000047 ], [ 34.476244168000058, 0.482163968000066 ], [ 34.477232375000035, 0.482799708000081 ], [ 34.478427285000066, 0.483071041000082 ], [ 34.479208157000073, 0.483623085000031 ], [ 34.47992860800008, 0.483906721000032 ], [ 34.480798820000075, 0.484021779000043 ], [ 34.481567229000063, 0.484605033000029 ], [ 34.482405587000073, 0.485090602000074 ], [ 34.483174485000063, 0.484541409000026 ], [ 34.484179826000059, 0.484824237000056 ], [ 34.485064821000037, 0.484069249000068 ], [ 34.485799340000028, 0.483181550000045 ], [ 34.486543032000043, 0.482429406000047 ], [ 34.487085542000045, 0.481847517000066 ], [ 34.487320202000035, 0.481071911000074 ], [ 34.48754017300007, 0.480271814000053 ], [ 34.487886351000043, 0.479506425000074 ], [ 34.48849487800004, 0.478565773000076 ], [ 34.488786438000034, 0.47755620400006 ], [ 34.489274808000062, 0.476715789000017 ], [ 34.489986454000075, 0.475923804000052 ], [ 34.490350700000086, 0.474878141000033 ], [ 34.490855119000059, 0.473759389000066 ], [ 34.491706841000052, 0.472885141000067 ], [ 34.492308251000054, 0.471826627000046 ], [ 34.492907908000063, 0.470734216000039 ], [ 34.493853722000047, 0.469675138000067 ], [ 34.494033401000024, 0.468733006000029 ], [ 34.494313445000046, 0.467910827000033 ], [ 34.494596194000053, 0.467093926000083 ], [ 34.49535822200005, 0.466815633000066 ], [ 34.495015176000038, 0.465863541000025 ], [ 34.494819260000043, 0.464806220000077 ], [ 34.49463245000004, 0.463599724000066 ], [ 34.494633114000067, 0.463589735000026 ], [ 34.49463245000004, 0.463585447000068 ], [ 34.494740283000056, 0.461962995000014 ], [ 34.494860247000076, 0.460681895000043 ], [ 34.495284768000033, 0.45969337300005 ], [ 34.49582378000008, 0.459104878000054 ], [ 34.496924148000062, 0.458557688000049 ], [ 34.498486110000044, 0.45837581200005 ], [ 34.499594202000026, 0.458477192000027 ], [ 34.500717360000067, 0.458356606000057 ], [ 34.502239461000045, 0.458385725000035 ], [ 34.503302698000027, 0.458246165000044 ], [ 34.504579622000051, 0.458654626000053 ], [ 34.505880390000073, 0.459088299000037 ], [ 34.507383274000063, 0.459214345000025 ], [ 34.508548450000035, 0.458422526000042 ], [ 34.509238720000042, 0.457524856000018 ], [ 34.509764997000048, 0.45679861300004 ], [ 34.510508678000065, 0.455971542000043 ], [ 34.511637577000052, 0.454902375000066 ], [ 34.512484246000042, 0.454075272000064 ], [ 34.513433908000025, 0.453268343000042 ], [ 34.514391187000058, 0.452390826000057 ], [ 34.515047140000036, 0.451573816000065 ], [ 34.516191324000033, 0.450701345000021 ], [ 34.517558729000029, 0.450363421000012 ], [ 34.519040577000055, 0.450101134000016 ], [ 34.520200126000077, 0.449949809000037 ], [ 34.521088856000063, 0.449808566000051 ], [ 34.522146664000047, 0.449495878000054 ], [ 34.52338753500004, 0.44899993700005 ], [ 34.524479663000079, 0.448614940000023 ], [ 34.525273034000065, 0.448487155000073 ], [ 34.526131242000076, 0.448295501000067 ], [ 34.527038999000069, 0.447861775000044 ], [ 34.527904774000035, 0.447256566000027 ], [ 34.528438704000052, 0.446691734000074 ], [ 34.529120425000031, 0.446020994000037 ], [ 34.529821237000078, 0.445481356000079 ], [ 34.530505836000032, 0.444926608000062 ], [ 34.531568074000063, 0.444470164000044 ], [ 34.532446805000063, 0.445498097000047 ], [ 34.532795192000037, 0.446840719000026 ], [ 34.533405230000028, 0.448070049000023 ], [ 34.534052362000068, 0.448865160000017 ], [ 34.534444779000069, 0.45002254100006 ], [ 34.535565316000032, 0.450665502000042 ], [ 34.535877447000075, 0.451438764000041 ], [ 34.536316710000051, 0.452332227000057 ], [ 34.536685506000026, 0.453900616000061 ], [ 34.537249896000048, 0.455110105000077 ], [ 34.537246738000078, 0.455117615000066 ], [ 34.537249896000048, 0.45512438100007 ], [ 34.536911806000035, 0.455928599000054 ], [ 34.536517758000059, 0.456647404000021 ], [ 34.536513693000074, 0.456654820000044 ], [ 34.537020691000066, 0.45751042100005 ], [ 34.537023294000051, 0.457514814000029 ], [ 34.536801518000061, 0.458356886000045 ], [ 34.536800596000035, 0.458360387000028 ], [ 34.536916817000076, 0.459718654000027 ], [ 34.537223052000058, 0.461033880000066 ], [ 34.537912051000035, 0.461885478000053 ], [ 34.537911732000055, 0.462907561000067 ], [ 34.538866924000047, 0.463111776000066 ], [ 34.539663156000074, 0.463898474000071 ], [ 34.540468388000079, 0.463728111000026 ], [ 34.541424213000028, 0.464475368000027 ], [ 34.542410965000045, 0.465142368000048 ], [ 34.543005067000024, 0.465859086000015 ], [ 34.543623886000034, 0.466510264000026 ], [ 34.544055470000046, 0.467496609000027 ], [ 34.544605354000055, 0.468422003000052 ], [ 34.545738844000027, 0.468498887000073 ], [ 34.547156659000052, 0.469030628000033 ], [ 34.547851584000057, 0.469723025000065 ], [ 34.549052768000024, 0.469871378000059 ], [ 34.549889551000035, 0.470630732000081 ], [ 34.550706467000055, 0.471100110000072 ] ] ] } },
{ "type": "Feature", "properties": { "Shape_Leng": 0.65621613612999996, "Shape_Area": 0.01421494042, "ADM2_EN": "Mumias East", "ADM2_PCODE": "KE037205", "ADM2_REF": null, "ADM2ALT1EN": null, "ADM2ALT2EN": null, "ADM1_EN": "Kakamega", "ADM1_PCODE": "KE037", "ADM0_EN": "Kenya", "ADM0_PCODE": "KE", "date": "2017-11-03T00:00:00", "validOn": "2019-10-31T00:00:00", "ValidTo": null }, "geometry": { "type": "Polygon", "coordinates": [ [ [ 34.577350461000037, 0.401993590000075 ], [ 34.577982621000046, 0.40086791100004 ], [ 34.57795959300006, 0.399909552000062 ], [ 34.578359336000062, 0.399025648000013 ], [ 34.578937386000064, 0.398035917000072 ], [ 34.579747129000054, 0.396840386000062 ], [ 34.580070213000056, 0.395588030000063 ], [ 34.580087197000068, 0.394370969000026 ], [ 34.580099113000074, 0.393271496000063 ], [ 34.579714999000032, 0.392369971000045 ], [ 34.579403950000028, 0.391172514000069 ], [ 34.579358003000038, 0.389990740000029 ], [ 34.579650915000059, 0.388912810000018 ], [ 34.579910802000029, 0.388062233000036 ], [ 34.580250174000071, 0.387333165000037 ], [ 34.580673469000033, 0.386651122000045 ], [ 34.581233123000061, 0.385933797000064 ], [ 34.581920206000063, 0.384982209000046 ], [ 34.583368021000069, 0.384573231000055 ], [ 34.584769445000063, 0.384286730000049 ], [ 34.585847289000071, 0.384041078000051 ], [ 34.587130820000027, 0.383988908000052 ], [ 34.588063436000027, 0.383987333000048 ], [ 34.588803863000066, 0.383723106000039 ], [ 34.589705350000031, 0.382796070000046 ], [ 34.590793354000027, 0.38247502500007 ], [ 34.592050515000039, 0.382507148000056 ], [ 34.593431975000044, 0.38263738400002 ], [ 34.594555325000044, 0.382740175000039 ], [ 34.59556742500007, 0.382859031000058 ], [ 34.596487943000056, 0.382734153000051 ], [ 34.59733484000003, 0.382211060000028 ], [ 34.598782842000048, 0.382149836000049 ], [ 34.60013758700007, 0.382180729000035 ], [ 34.601276678000033, 0.382328205000021 ], [ 34.602311849000046, 0.38261951100003 ], [ 34.603317490000052, 0.383127711000044 ], [ 34.604568054000026, 0.382615674000014 ], [ 34.60549354300008, 0.381718275000019 ], [ 34.606211787000063, 0.380832750000021 ], [ 34.606741864000071, 0.380008539000069 ], [ 34.607356476000064, 0.379072390000037 ], [ 34.608124926000073, 0.378072251000054 ], [ 34.608524005000049, 0.376996845000071 ], [ 34.608902150000063, 0.376223707000064 ], [ 34.609522813000069, 0.375366831000064 ], [ 34.610568475000036, 0.374592559000071 ], [ 34.611678742000038, 0.374354856000028 ], [ 34.612526432000038, 0.373981400000054 ], [ 34.613095631000078, 0.373323814000052 ], [ 34.613547504000053, 0.372437387000052 ], [ 34.613860768000052, 0.371420407000077 ], [ 34.613854281000044, 0.370542226000061 ], [ 34.613984608000067, 0.369700128000041 ], [ 34.614571141000056, 0.368895736000067 ], [ 34.615244279000024, 0.368223745000023 ], [ 34.616201558000057, 0.367342562000029 ], [ 34.617215873000077, 0.366532288000032 ], [ 34.618270622000068, 0.365742556000042 ], [ 34.619076654000025, 0.365239736000028 ], [ 34.619932642000038, 0.365091243000048 ], [ 34.620779404000075, 0.364888548000061 ], [ 34.621393124000065, 0.364365723000056 ], [ 34.621725500000025, 0.363614342000063 ], [ 34.622226954000041, 0.362689228000015 ], [ 34.623029745000053, 0.361773079000037 ], [ 34.623677422000071, 0.360884278000073 ], [ 34.624161393000065, 0.359955099000043 ], [ 34.625060142000052, 0.358786025000024 ], [ 34.625963062000039, 0.357878515000044 ], [ 34.62680501300008, 0.357383092000017 ], [ 34.627907324000034, 0.357082384000018 ], [ 34.629059191000067, 0.356568140000038 ], [ 34.629986922000057, 0.35577577700002 ], [ 34.630346289000045, 0.354844110000042 ], [ 34.630712301000074, 0.35370304300006 ], [ 34.631292908000034, 0.352809630000031 ], [ 34.631640544000049, 0.352077888000055 ], [ 34.631936354000061, 0.351255417000065 ], [ 34.63239490400008, 0.350382526000029 ], [ 34.633020645000045, 0.349775063000042 ], [ 34.634012365000046, 0.350055384000031 ], [ 34.634834199000068, 0.35037368200005 ], [ 34.635649561000037, 0.350635851000055 ], [ 34.636717680000061, 0.350829479000027 ], [ 34.63783288500008, 0.350638369000016 ], [ 34.638610448000065, 0.350462857000018 ], [ 34.639037219000052, 0.351178286000045 ], [ 34.639866153000071, 0.350837391000035 ], [ 34.640723652000077, 0.350719795000026 ], [ 34.64143234200003, 0.351432242000046 ], [ 34.642855968000049, 0.351246348000072 ], [ 34.643440764000047, 0.350731860000056 ], [ 34.644080498000051, 0.349869156000062 ], [ 34.644304706000071, 0.34848254300004 ], [ 34.644898942000054, 0.347328630000056 ], [ 34.645418496000048, 0.346279030000067 ], [ 34.645866530000035, 0.345224634000035 ], [ 34.646200723000049, 0.343868503000064 ], [ 34.647199601000068, 0.342708156000075 ], [ 34.648105100000066, 0.342042124000043 ], [ 34.648366241000076, 0.341070051000028 ], [ 34.648704418000079, 0.339785398000062 ], [ 34.649238805000039, 0.338475490000061 ], [ 34.649170532000028, 0.33740425100006 ], [ 34.649639999000044, 0.336551703000054 ], [ 34.64938759000006, 0.334952500000039 ], [ 34.648620531000063, 0.332469890000029 ], [ 34.64967417400004, 0.331931231000059 ], [ 34.650643910000042, 0.331458104000037 ], [ 34.651421022000079, 0.330999511000067 ], [ 34.652153846000033, 0.330262376000066 ], [ 34.651986133000037, 0.329137987000031 ], [ 34.650520569000037, 0.32924385000007 ], [ 34.649160227000039, 0.329630621000027 ], [ 34.64813193100008, 0.33003609100006 ], [ 34.647207920000028, 0.330189304000042 ], [ 34.646487788000059, 0.32905328800006 ], [ 34.645696026000053, 0.327178195000052 ], [ 34.64507418200003, 0.326496911000048 ], [ 34.644304873000067, 0.326848862000019 ], [ 34.643426826000059, 0.326356367000074 ], [ 34.642192957000077, 0.325842562000051 ], [ 34.641718729000047, 0.324953039000028 ], [ 34.640780038000059, 0.324497646000049 ], [ 34.64003881900004, 0.323922517000027 ], [ 34.639282481000066, 0.322990755000036 ], [ 34.638365370000031, 0.322515975000047 ], [ 34.637531051000053, 0.321956346000035 ], [ 34.636258541000075, 0.321464032000046 ], [ 34.63485812700003, 0.321330403000041 ], [ 34.633938445000069, 0.321467192000051 ], [ 34.633012776000044, 0.321640066000045 ], [ 34.632257439000057, 0.321771181000036 ], [ 34.631330844000047, 0.321342156000072 ], [ 34.630335926000043, 0.321335266000063 ], [ 34.629781963000028, 0.320774897000036 ], [ 34.630303903000026, 0.319737777000056 ], [ 34.631064740000056, 0.318849417000025 ], [ 34.631002312000078, 0.31799583500003 ], [ 34.629957114000035, 0.317599529000064 ], [ 34.629171316000054, 0.317356958000055 ], [ 34.628493546000072, 0.316807001000025 ], [ 34.627973411000035, 0.316075006000067 ], [ 34.627663690000077, 0.315265548000068 ], [ 34.627801158000068, 0.314133187000046 ], [ 34.627806753000073, 0.312845746000057 ], [ 34.626208423000037, 0.311490855000039 ], [ 34.625616467000043, 0.309804023000033 ], [ 34.625131891000024, 0.308788128000061 ], [ 34.624586307000072, 0.307928101000073 ], [ 34.624136116000045, 0.307293796000074 ], [ 34.62366684400007, 0.30659044000003 ], [ 34.622971501000052, 0.305428459000036 ], [ 34.622688757000049, 0.304332468000039 ], [ 34.623059885000032, 0.303402212000029 ], [ 34.62376464700003, 0.302486342000063 ], [ 34.625338512000042, 0.302100532000051 ], [ 34.626019552000066, 0.301429755000078 ], [ 34.626304252000068, 0.300704438000023 ], [ 34.62618640200003, 0.299942541000071 ], [ 34.625422334000064, 0.299622143000019 ], [ 34.624696597000025, 0.299273634000034 ], [ 34.62475806100008, 0.298339681000074 ], [ 34.625205544000039, 0.29743348500006 ], [ 34.625476330000026, 0.296125059000069 ], [ 34.625504047000049, 0.294754686000038 ], [ 34.625888720000034, 0.293708391000059 ], [ 34.626553398000055, 0.29293478700004 ], [ 34.627200678000065, 0.292429036000049 ], [ 34.627843337000058, 0.292000647000072 ], [ 34.628851825000027, 0.291731486000056 ], [ 34.629084317000036, 0.290806329000024 ], [ 34.627863330000032, 0.290168258000055 ], [ 34.627478643000074, 0.289155320000028 ], [ 34.627872680000053, 0.28837291300005 ], [ 34.628686450000032, 0.287758099000024 ], [ 34.62831637000005, 0.286814027000056 ], [ 34.628293183000039, 0.285698961000044 ], [ 34.627425608000067, 0.285189167000055 ], [ 34.626724608000075, 0.284462699000066 ], [ 34.626453366000078, 0.283458212000022 ], [ 34.625909075000038, 0.282329127000026 ], [ 34.625542832000065, 0.281333646000061 ], [ 34.624899343000038, 0.280671635000033 ], [ 34.623724459000073, 0.280942639000053 ], [ 34.622752166000055, 0.280889486000039 ], [ 34.621944426000027, 0.281138200000037 ], [ 34.621034459000043, 0.281374955000047 ], [ 34.620607138000025, 0.282100422000043 ], [ 34.619958434000068, 0.28255455200002 ], [ 34.619400184000028, 0.283250623000067 ], [ 34.618576340000061, 0.283668949000059 ], [ 34.617481379000026, 0.283004671000066 ], [ 34.616493862000027, 0.282382917000068 ], [ 34.616405895000071, 0.281525665000058 ], [ 34.615968663000046, 0.280821806000061 ], [ 34.615132464000055, 0.280232181000034 ], [ 34.614114191000056, 0.279641120000061 ], [ 34.613669970000046, 0.278535033000019 ], [ 34.612658177000071, 0.278339132000043 ], [ 34.611528880000037, 0.278264326000049 ], [ 34.61086830000005, 0.278985919000043 ], [ 34.610365116000033, 0.279906121000061 ], [ 34.609755158000041, 0.280893664000083 ], [ 34.608842355000036, 0.280990960000045 ], [ 34.608229706000031, 0.281477275000046 ], [ 34.607459392000067, 0.281903734000033 ], [ 34.606559340000047, 0.282129342000067 ], [ 34.605611223000039, 0.282113307000035 ], [ 34.604849601000076, 0.281194675000058 ], [ 34.60406376800006, 0.280736870000061 ], [ 34.603818773000057, 0.279968199000055 ], [ 34.602961902000061, 0.279502547000051 ], [ 34.603211558000055, 0.278731809000021 ], [ 34.602191099000045, 0.278279424000068 ], [ 34.601380006000056, 0.277039945000074 ], [ 34.600332970000068, 0.275979090000028 ], [ 34.599475507000079, 0.275126288000027 ], [ 34.598559950000038, 0.275153267000067 ], [ 34.597267983000052, 0.274669131000056 ], [ 34.596518652000043, 0.275115222000065 ], [ 34.595540741000036, 0.274840353000066 ], [ 34.594512389000045, 0.27489090500007 ], [ 34.593883998000024, 0.275454270000067 ], [ 34.593264435000037, 0.274915662000064 ], [ 34.592766692000055, 0.275530633000067 ], [ 34.591790297000045, 0.27554751800005 ], [ 34.590633574000037, 0.275182878000071 ], [ 34.589618900000069, 0.274730332000054 ], [ 34.58901854800007, 0.273810188000028 ], [ 34.588782969000079, 0.272531863000041 ], [ 34.588641530000075, 0.271451782000045 ], [ 34.588449283000045, 0.270533498000019 ], [ 34.58785382700006, 0.269509360000031 ], [ 34.587088673000039, 0.269650791000052 ], [ 34.586013238000078, 0.27009207300006 ], [ 34.584754528000076, 0.269858519000028 ], [ 34.584282274000032, 0.268966429000046 ], [ 34.583171287000027, 0.268489565000042 ], [ 34.581911330000025, 0.268334407000048 ], [ 34.581108382000025, 0.269110616000034 ], [ 34.580200157000036, 0.270182329000015 ], [ 34.579015420000076, 0.270201104000018 ], [ 34.578032478000068, 0.270650017000032 ], [ 34.577088611000079, 0.271033852000076 ], [ 34.576311348000047, 0.270532294000026 ], [ 34.575875388000043, 0.269845916000066 ], [ 34.574767435000069, 0.269952589000064 ], [ 34.573839716000066, 0.270773686000036 ], [ 34.572888183000032, 0.270380988000052 ], [ 34.571570373000043, 0.270208991000062 ], [ 34.570579168000052, 0.270661650000016 ], [ 34.56989535200006, 0.271245221000069 ], [ 34.570227446000047, 0.272157896000073 ], [ 34.570247702000074, 0.272939668000047 ], [ 34.569298906000029, 0.272779810000025 ], [ 34.568528902000025, 0.273539505000038 ], [ 34.56755047300004, 0.27384129200005 ], [ 34.566586432000065, 0.273717909000021 ], [ 34.565854791000049, 0.272721091000059 ], [ 34.56488495800005, 0.272359238000042 ], [ 34.564783197000054, 0.273254171000068 ], [ 34.56473961100005, 0.27418556800007 ], [ 34.563729076000072, 0.274830884000046 ], [ 34.562180135000062, 0.275470599000071 ], [ 34.56076984300006, 0.275734032000051 ], [ 34.559476080000024, 0.276340435000073 ], [ 34.559174319000078, 0.277395284000023 ], [ 34.558775592000075, 0.278153267000057 ], [ 34.557958491000079, 0.278360411000044 ], [ 34.556658362000064, 0.277786310000069 ], [ 34.555715407000037, 0.27695781700003 ], [ 34.555191711000077, 0.276228446000068 ], [ 34.55424946200003, 0.275633749000068 ], [ 34.553009202000055, 0.274915636000064 ], [ 34.552465532000042, 0.275964894000022 ], [ 34.551837496000083, 0.277081475000048 ], [ 34.551297979000026, 0.277665033000065 ], [ 34.55038856300007, 0.27739389300007 ], [ 34.549576466000076, 0.276256814000016 ], [ 34.548634745000072, 0.275299284000033 ], [ 34.54776425600005, 0.274461441000021 ], [ 34.546719498000073, 0.274388563000063 ], [ 34.54601440700003, 0.273962170000056 ], [ 34.545199154000045, 0.273329315000072 ], [ 34.544846858000028, 0.272458538000026 ], [ 34.54456758200007, 0.271734371000039 ], [ 34.543836203000069, 0.271086747000021 ], [ 34.543298213000071, 0.271998535000016 ], [ 34.542512723000073, 0.272694317000061 ], [ 34.541581913000073, 0.273300228000036 ], [ 34.541477862000079, 0.272337530000073 ], [ 34.540527430000054, 0.272447540000034 ], [ 34.539606951000053, 0.272384006000045 ], [ 34.538484111000059, 0.272666486000051 ], [ 34.538398161000032, 0.273827933000066 ], [ 34.537838534000059, 0.274654630000042 ], [ 34.537458307000065, 0.27391326700007 ], [ 34.536546129000044, 0.274407077000031 ], [ 34.535691691000068, 0.274108623000068 ], [ 34.534736819000045, 0.273820656000061 ], [ 34.533828299000049, 0.27335686900005 ], [ 34.533080666000046, 0.273098826000016 ], [ 34.532245416000023, 0.273199859000038 ], [ 34.531476850000054, 0.273087678000021 ], [ 34.530630202000054, 0.273334611000051 ], [ 34.529771986000071, 0.273160722000063 ], [ 34.528623837000055, 0.272768016000051 ], [ 34.527635202000056, 0.273309526000051 ], [ 34.528319046000036, 0.273895834000029 ], [ 34.529253491000077, 0.273895765000016 ], [ 34.529195670000036, 0.275057214000065 ], [ 34.528905232000056, 0.27635333600006 ], [ 34.528611835000056, 0.277318424000047 ], [ 34.528059601000052, 0.277890746000023 ], [ 34.527641625000058, 0.27890446000003 ], [ 34.527116836000062, 0.279850844000061 ], [ 34.526047688000062, 0.279412514000065 ], [ 34.525800539000045, 0.278347220000058 ], [ 34.525735055000041, 0.277240015000076 ], [ 34.525389281000059, 0.276282460000062 ], [ 34.525163563000035, 0.27503125400006 ], [ 34.523967765000066, 0.274728330000071 ], [ 34.523317408000025, 0.275601795000065 ], [ 34.522566562000065, 0.276082122000047 ], [ 34.521700121000038, 0.275181062000054 ], [ 34.52087042800008, 0.274726638000063 ], [ 34.519967569000073, 0.275130664000076 ], [ 34.519112161000066, 0.274779108000068 ], [ 34.518279315000029, 0.274285753000079 ], [ 34.517063927000038, 0.273897754000077 ], [ 34.51628151400007, 0.274027159000068 ], [ 34.516101979000041, 0.274851120000044 ], [ 34.515280121000046, 0.27464061900003 ], [ 34.51438005600005, 0.274100154000048 ], [ 34.513671973000044, 0.273077576000042 ], [ 34.512455638000063, 0.273665365000053 ], [ 34.512221225000076, 0.274823997000063 ], [ 34.512187023000024, 0.275688063000079 ], [ 34.512562563000074, 0.276641890000065 ], [ 34.512349548000032, 0.277487083000034 ], [ 34.511505238000041, 0.278074546000026 ], [ 34.511413223000034, 0.279189230000035 ], [ 34.511509664000073, 0.280058890000025 ], [ 34.511670950000052, 0.280928568000029 ], [ 34.512468844000068, 0.281283892000027 ], [ 34.512530308000066, 0.282067530000064 ], [ 34.511627454000063, 0.282543433000064 ], [ 34.51054468600006, 0.28266493300003 ], [ 34.509979741000052, 0.284088616000016 ], [ 34.509034839000037, 0.284833756000076 ], [ 34.508596191000038, 0.286170820000055 ], [ 34.507508711000071, 0.286249848000073 ], [ 34.507021270000052, 0.287392161000072 ], [ 34.506055753000055, 0.287189001000051 ], [ 34.505330789000027, 0.288293246000019 ], [ 34.504373634000046, 0.28783565400005 ], [ 34.503620163000051, 0.286873932000044 ], [ 34.502351425000029, 0.287086672000051 ], [ 34.501263103000042, 0.287411193000031 ], [ 34.500297418000059, 0.287605490000027 ], [ 34.499342883000054, 0.286823551000052 ], [ 34.498387776000072, 0.287196098000031 ], [ 34.497482026000057, 0.287199676000061 ], [ 34.496746921000067, 0.288410865000055 ], [ 34.49540238700007, 0.288632128000077 ], [ 34.494459377000055, 0.288476644000064 ], [ 34.493588102000047, 0.288532689000019 ], [ 34.493410109000024, 0.289470128000055 ], [ 34.493180239000026, 0.290396327000049 ], [ 34.492385949000038, 0.290763181000046 ], [ 34.491623695000044, 0.291208002000081 ], [ 34.490933792000078, 0.291901200000039 ], [ 34.490303812000036, 0.292606846000062 ], [ 34.48942751800007, 0.292502976000036 ], [ 34.488739352000039, 0.293191407000044 ], [ 34.487812935000079, 0.293830471000033 ], [ 34.486485629000072, 0.293716536000033 ], [ 34.487128460000065, 0.295044824000052 ], [ 34.485976335000032, 0.29595844700004 ], [ 34.485658652000041, 0.297191421000034 ], [ 34.485958822000043, 0.297901869000043 ], [ 34.485410949000027, 0.298754476000048 ], [ 34.486560961000066, 0.300742211000058 ], [ 34.486442540000048, 0.301704068000043 ], [ 34.486042492000024, 0.302684083000037 ], [ 34.48507380500007, 0.303804115000054 ], [ 34.485235893000038, 0.304930088000047 ], [ 34.484442032000061, 0.305839731000055 ], [ 34.483886550000079, 0.306859855000027 ], [ 34.485196749000067, 0.307268893000077 ], [ 34.486117363000062, 0.308401895000029 ], [ 34.486799240000039, 0.309474617000037 ], [ 34.487574577000032, 0.310487896000036 ], [ 34.488391876000037, 0.311382284000052 ], [ 34.488918304000038, 0.312326203000055 ], [ 34.489417076000052, 0.313534763000057 ], [ 34.489233653000042, 0.314678813000051 ], [ 34.489847422000025, 0.315640759000078 ], [ 34.490687943000069, 0.316808057000066 ], [ 34.491143227000066, 0.317602471000041 ], [ 34.491697311000053, 0.318191521000069 ], [ 34.492510796000033, 0.318931885000039 ], [ 34.493501663000075, 0.319647945000045 ], [ 34.494235039000046, 0.32001541600004 ], [ 34.494931539000049, 0.320774660000037 ], [ 34.495476532000055, 0.32169340800005 ], [ 34.496396065000056, 0.322407030000016 ], [ 34.497215271000073, 0.322996020000054 ], [ 34.498107910000044, 0.323859632000057 ], [ 34.498855591000051, 0.325280875000039 ], [ 34.499603271000069, 0.326253295000078 ], [ 34.500053406000063, 0.327001303000034 ], [ 34.50057601900005, 0.328123331000029 ], [ 34.501457214000027, 0.329273999000061 ], [ 34.502693176000037, 0.328303665000014 ], [ 34.505417941000076, 0.326038555000027 ], [ 34.506666566000035, 0.325268386000055 ], [ 34.50771340700004, 0.324869657000018 ], [ 34.508607824000087, 0.324936067000065 ], [ 34.510270755000079, 0.324935976000056 ], [ 34.514454840000042, 0.325135066000031 ], [ 34.515583823000043, 0.325201465000023 ], [ 34.516583126000057, 0.325267840000037 ], [ 34.517910494000034, 0.325516947000042 ], [ 34.519073847000072, 0.325732834000057 ], [ 34.520237224000027, 0.326031751000068 ], [ 34.521164120000037, 0.326297481000038 ], [ 34.521951196000032, 0.326662878000034 ], [ 34.522062696000035, 0.327526675000052 ], [ 34.521763586000077, 0.328523355000077 ], [ 34.521248891000027, 0.329204435000073 ], [ 34.52040429200008, 0.329935378000079 ], [ 34.519425301000069, 0.330846300000084 ], [ 34.518216014000075, 0.331145256000066 ], [ 34.517416467000032, 0.331601193000034 ], [ 34.516658590000077, 0.332168934000046 ], [ 34.516348996000033, 0.333175323000027 ], [ 34.51597552700008, 0.334220435000021 ], [ 34.515622126000039, 0.335413913000023 ], [ 34.514661244000024, 0.336297781000047 ], [ 34.513745286000074, 0.337549345000067 ], [ 34.512740544000053, 0.338439667000046 ], [ 34.512042762000085, 0.339084815000035 ], [ 34.511398411000073, 0.339846073000039 ], [ 34.51090851400005, 0.340555733000032 ], [ 34.510173479000059, 0.340981542000063 ], [ 34.509476627000026, 0.341549286000028 ], [ 34.508435513000052, 0.341970813000054 ], [ 34.507270460000029, 0.34245256400004 ], [ 34.506395190000035, 0.34264615100006 ], [ 34.505180464000034, 0.342826852000025 ], [ 34.504070641000055, 0.343059151000026 ], [ 34.503206817000034, 0.343265627000045 ], [ 34.502499396000076, 0.343562426000067 ], [ 34.501770037000028, 0.343833411000055 ], [ 34.501215615000035, 0.344530163000066 ], [ 34.500718835000043, 0.345608244000059 ], [ 34.500002087000041, 0.34660751000007 ], [ 34.499419427000078, 0.347148901000032 ], [ 34.498625652000044, 0.34809849700002 ], [ 34.498076692000041, 0.348993086000072 ], [ 34.498282889000052, 0.349795886000041 ], [ 34.498992596000051, 0.350782153000067 ], [ 34.499820451000062, 0.351470223000043 ], [ 34.500758942000061, 0.352250049000013 ], [ 34.501358093000078, 0.353411191000025 ], [ 34.501454519000049, 0.377288786000069 ], [ 34.502249917000029, 0.37692939200002 ], [ 34.502570025000068, 0.376004665000031 ], [ 34.502878644000077, 0.37492582000004 ], [ 34.503389470000059, 0.374052452000053 ], [ 34.503972753000028, 0.373144822000026 ], [ 34.504161235000026, 0.372083105000056 ], [ 34.504464086000041, 0.370844427000057 ], [ 34.505203813000044, 0.37016512200006 ], [ 34.506061937000027, 0.370028087000034 ], [ 34.506899281000074, 0.370558887000071 ], [ 34.50807327800004, 0.371303742000065 ], [ 34.509502595000072, 0.371295079000046 ], [ 34.510376051000037, 0.371414913000018 ], [ 34.511146502000031, 0.371449114000023 ], [ 34.512071331000072, 0.371175072000025 ], [ 34.513457666000079, 0.370918141000054 ], [ 34.514560750000051, 0.370464281000074 ], [ 34.515734657000053, 0.370900879000028 ], [ 34.516230697000026, 0.371620081000066 ], [ 34.516471283000044, 0.372630410000056 ], [ 34.516540427000052, 0.374291462000037 ], [ 34.516618331000075, 0.376551860000063 ], [ 34.517674157000044, 0.377514500000072 ], [ 34.518887048000067, 0.377579200000068 ], [ 34.51982915800005, 0.377699015000076 ], [ 34.52034423300006, 0.378298348000043 ], [ 34.520941494000056, 0.37951413300005 ], [ 34.521611171000075, 0.380558667000059 ], [ 34.522462063000035, 0.381761734000073 ], [ 34.523629509000045, 0.382921734000035 ], [ 34.524007304000065, 0.383606669000077 ], [ 34.524797140000032, 0.384702592000051 ], [ 34.525548763000074, 0.385558783000027 ], [ 34.526201221000065, 0.38641495000008 ], [ 34.526798401000065, 0.387356758000072 ], [ 34.527502333000029, 0.388161557000053 ], [ 34.528187156000058, 0.388829368000071 ], [ 34.529026336000072, 0.389120436000042 ], [ 34.530035185000031, 0.38922314000007 ], [ 34.532013806000066, 0.38947989300005 ], [ 34.532979914000066, 0.390147667000071 ], [ 34.533958280000036, 0.390344557000043 ], [ 34.534451900000079, 0.389325626000068 ], [ 34.534657565000032, 0.388332425000048 ], [ 34.535000536000041, 0.387339185000022 ], [ 34.535309252000047, 0.386585695000072 ], [ 34.535583642000063, 0.385832207000028 ], [ 34.535941900000068, 0.384941726000014 ], [ 34.536694969000052, 0.384239578000062 ], [ 34.537755269000058, 0.384205276000052 ], [ 34.538527712000075, 0.384530590000051 ], [ 34.539416480000057, 0.384838790000056 ], [ 34.540736161000041, 0.384890083000073 ], [ 34.541798479000079, 0.385232517000019 ], [ 34.54273859400007, 0.385061220000061 ], [ 34.543680561000031, 0.384701553000075 ], [ 34.545015559000035, 0.384958349000039 ], [ 34.546472596000058, 0.385180895000082 ], [ 34.547678842000039, 0.385343499000044 ], [ 34.549142369000037, 0.384941 ], [ 34.55016825000007, 0.384598465000065 ], [ 34.55100359000005, 0.384803899000076 ], [ 34.551164035000056, 0.385660103000015 ], [ 34.55118150800007, 0.386704688000073 ], [ 34.550529617000052, 0.387766431000037 ], [ 34.550461232000032, 0.388674033000036 ], [ 34.550993538000057, 0.389495963000066 ], [ 34.551504794000039, 0.390078161000015 ], [ 34.552191518000029, 0.390728866000078 ], [ 34.552775292000042, 0.391482276000034 ], [ 34.553286590000027, 0.392201477000066 ], [ 34.554145007000052, 0.393057663000028 ], [ 34.554896540000072, 0.393605589000066 ], [ 34.555958847000056, 0.393913766000031 ], [ 34.557055572000031, 0.394530190000071 ], [ 34.557909942000038, 0.394598645000025 ], [ 34.558493687000066, 0.395249325000061 ], [ 34.558888757000034, 0.396311011000023 ], [ 34.559451660000036, 0.397424067000039 ], [ 34.560258547000046, 0.398143253000054 ], [ 34.561482308000052, 0.399495998000024 ], [ 34.562432601000069, 0.400420657000044 ], [ 34.562723384000037, 0.401362483000063 ], [ 34.563581710000051, 0.401910404000032 ], [ 34.56458185200006, 0.401584984000072 ], [ 34.565259426000068, 0.40031775700004 ], [ 34.565495614000042, 0.399358782000039 ], [ 34.565001389000031, 0.398331360000036 ], [ 34.564657773000079, 0.397149775000055 ], [ 34.565000720000057, 0.396070926000056 ], [ 34.566009413000074, 0.395642770000048 ], [ 34.567191878000074, 0.396002320000042 ], [ 34.568254368000055, 0.396926980000053 ], [ 34.569246273000033, 0.397766006000041 ], [ 34.570016911000039, 0.398433813000061 ], [ 34.570804758000065, 0.39925574400007 ], [ 34.571558193000044, 0.39978654900005 ], [ 34.572088544000053, 0.400454369000039 ], [ 34.572637962000044, 0.401105052000047 ], [ 34.573423802000036, 0.401584505000077 ], [ 34.574282123000046, 0.402115319000082 ], [ 34.575153937000039, 0.403134159000052 ], [ 34.576515535000055, 0.40305702900002 ], [ 34.577350461000037, 0.401993590000075 ] ] ] } },
{ "type": "Feature", "properties": { "Shape_Leng": 0.66661274964999995, "Shape_Area": 0.01123862973, "ADM2_EN": "Mumias West", "ADM2_PCODE": "KE037204", "ADM2_REF": null, "ADM2ALT1EN": null, "ADM2ALT2EN": null, "ADM1_EN": "Kakamega", "ADM1_PCODE": "KE037", "ADM0_EN": "Kenya", "ADM0_PCODE": "KE", "date": "2017-11-03T00:00:00", "validOn": "2019-10-31T00:00:00", "ValidTo": null }, "geometry": { "type": "Polygon", "coordinates": [ [ [ 34.483886550000079, 0.306859855000027 ], [ 34.482832046000055, 0.306585400000073 ], [ 34.482513165000057, 0.307356682000037 ], [ 34.482068392000031, 0.308035683000079 ], [ 34.481197448000046, 0.308669891000022 ], [ 34.480137725000077, 0.308720403000056 ], [ 34.479169726000066, 0.308108487000029 ], [ 34.478368550000027, 0.307357338000026 ], [ 34.477082406000079, 0.306084602000059 ], [ 34.475552914000048, 0.304454826000034 ], [ 34.473977244000025, 0.302894203000047 ], [ 34.472985259000041, 0.30178568500002 ], [ 34.472153534000029, 0.300910574000058 ], [ 34.471497278000072, 0.300108350000071 ], [ 34.470535548000043, 0.298124674000061 ], [ 34.469543386000055, 0.296418164000047 ], [ 34.468898357000057, 0.294886637000052 ], [ 34.468111917000044, 0.292377827000049 ], [ 34.46786368000005, 0.29128390100004 ], [ 34.467306438000037, 0.289971151000031 ], [ 34.46618443400007, 0.28771034800007 ], [ 34.465623434000065, 0.286587248000054 ], [ 34.464944285000058, 0.285755863000019 ], [ 34.463265558000046, 0.283932088000036 ], [ 34.462086614000043, 0.282583505000046 ], [ 34.461735429000043, 0.281598976000046 ], [ 34.461513954000054, 0.280723801000014 ], [ 34.461105331000056, 0.278973480000043 ], [ 34.460376310000079, 0.277164821000048 ], [ 34.459414674000072, 0.275502031000038 ], [ 34.458289020000052, 0.273795528000053 ], [ 34.457239618000074, 0.271986888000077 ], [ 34.45595555400007, 0.26985005900002 ], [ 34.456218491000072, 0.269062388000062 ], [ 34.456662523000034, 0.268026748000073 ], [ 34.457381185000031, 0.267052576000032 ], [ 34.458309687000053, 0.266302435000049 ], [ 34.459457353000062, 0.265063799000081 ], [ 34.45997587200003, 0.264410704000059 ], [ 34.460561084000062, 0.263577432000028 ], [ 34.463777195000034, 0.260028787000071 ], [ 34.464032412000051, 0.258931829000063 ], [ 34.46464149600007, 0.257138034000037 ], [ 34.465709745000026, 0.256043658000069 ], [ 34.466859305000071, 0.254759574000043 ], [ 34.467734347000032, 0.253797255000058 ], [ 34.468687451000051, 0.252407233000038 ], [ 34.469720682000059, 0.251123542000077 ], [ 34.47119824400005, 0.249815025000031 ], [ 34.472130460000074, 0.248728299000043 ], [ 34.472778567000034, 0.247772862000034 ], [ 34.473274189000051, 0.247072694000054 ], [ 34.473973754000042, 0.246007863000043 ], [ 34.474848757000075, 0.244913846000031 ], [ 34.475728545000038, 0.243874531000071 ], [ 34.476339541000073, 0.243173746000022 ], [ 34.477948481000055, 0.24116940200002 ], [ 34.478329518000066, 0.239919544000039 ], [ 34.478735277000055, 0.238438843000042 ], [ 34.479150729000025, 0.23748737100005 ], [ 34.480212403000053, 0.235657030000021 ], [ 34.480704122000077, 0.234661055000062 ], [ 34.481310258000065, 0.233647639000029 ], [ 34.48200788500003, 0.232476578000054 ], [ 34.48288094000003, 0.231246108000046 ], [ 34.484078120000049, 0.22977410000005 ], [ 34.484966475000078, 0.228686103000029 ], [ 34.485187440000061, 0.227840085000019 ], [ 34.48465884500007, 0.226665920000066 ], [ 34.484002479000026, 0.225491765000065 ], [ 34.483672291000062, 0.22457208600003 ], [ 34.48351561700008, 0.223569963000053 ], [ 34.483561102000067, 0.222612875000046 ], [ 34.483644760000061, 0.221761630000062 ], [ 34.483833200000049, 0.220559064000048 ], [ 34.483621865000032, 0.219149255000044 ], [ 34.482653605000053, 0.21916141100007 ], [ 34.481743866000045, 0.219302952000025 ], [ 34.480610349000074, 0.219378591000069 ], [ 34.479679302000079, 0.219262158000049 ], [ 34.478737102000025, 0.218834096000031 ], [ 34.47779582000004, 0.218285787000076 ], [ 34.476833997000028, 0.217921943000021 ], [ 34.476076333000037, 0.217276120000069 ], [ 34.475166567000038, 0.216897840000058 ], [ 34.47437111000005, 0.216135798000045 ], [ 34.47391516600004, 0.215155056000073 ], [ 34.472962470000027, 0.214489972000027 ], [ 34.472240574000068, 0.213772373000036 ], [ 34.47140574000008, 0.213130627000063 ], [ 34.470456934000033, 0.212933762000031 ], [ 34.469245387000058, 0.212898866000042 ], [ 34.468282707000071, 0.212219163000045 ], [ 34.467423386000064, 0.211533650000034 ], [ 34.466822433000061, 0.210727795000031 ], [ 34.466774183000041, 0.209863558000045 ], [ 34.466810818000056, 0.209070804000022 ], [ 34.466165746000065, 0.20846920900004 ], [ 34.465638285000068, 0.20790539800003 ], [ 34.464494770000044, 0.207704928000048 ], [ 34.463238172000047, 0.207518540000017 ], [ 34.462071946000037, 0.207261872000058 ], [ 34.461417008000069, 0.206617894000026 ], [ 34.460568995000074, 0.206549260000034 ], [ 34.459663824000074, 0.206662535000014 ], [ 34.458729351000045, 0.206568232000059 ], [ 34.457211629000028, 0.206422541000054 ], [ 34.456022565000069, 0.206320953000043 ], [ 34.455196787000034, 0.206206914000067 ], [ 34.45431760200006, 0.206057240000061 ], [ 34.453282087000048, 0.206068488000023 ], [ 34.452558254000053, 0.206757612000044 ], [ 34.451485408000053, 0.207352054000074 ], [ 34.450411153000069, 0.207484398000014 ], [ 34.449844283000061, 0.208005111000037 ], [ 34.449257223000075, 0.209036280000024 ], [ 34.448605581000038, 0.21094059100005 ], [ 34.448247328000036, 0.211845616000055 ], [ 34.447477306000053, 0.213259738000033 ], [ 34.447210533000032, 0.213976211000038 ], [ 34.446703612000078, 0.215154639000051 ], [ 34.446345339000068, 0.215993680000055 ], [ 34.44566184100006, 0.216576868000059 ], [ 34.444610146000059, 0.216689483000041 ], [ 34.443957199000067, 0.217402311000049 ], [ 34.44327566700008, 0.218184949000035 ], [ 34.442278025000064, 0.218158350000074 ], [ 34.441286467000054, 0.217948753000022 ], [ 34.440472213000078, 0.217784022000051 ], [ 34.439600590000055, 0.217412691000055 ], [ 34.438961591000073, 0.216927471000022 ], [ 34.438045825000074, 0.216630732000056 ], [ 34.437042011000074, 0.216395993000047 ], [ 34.435866567000062, 0.215938311000056 ], [ 34.434707481000032, 0.215318431000065 ], [ 34.433708892000027, 0.214444527000063 ], [ 34.432644007000079, 0.214042295000067 ], [ 34.431535496000038, 0.213872686000057 ], [ 34.430565800000068, 0.213417238000039 ], [ 34.429615358000035, 0.213062101000053 ], [ 34.428245463000053, 0.212650992000025 ], [ 34.427306195000028, 0.211763581000067 ], [ 34.42649738700004, 0.21099612400007 ], [ 34.425701971000024, 0.210372262000018 ], [ 34.425083939000054, 0.209855651000047 ], [ 34.424368550000054, 0.20900262500004 ], [ 34.423756163000064, 0.208223637000064 ], [ 34.423099876000038, 0.207321127000057 ], [ 34.422279562000028, 0.20633657900003 ], [ 34.421821678000072, 0.205673963000036 ], [ 34.421531598000058, 0.204960375000041 ], [ 34.420995510000068, 0.204241548000023 ], [ 34.419962664000025, 0.203608669000064 ], [ 34.418623761000049, 0.203301666000066 ], [ 34.417596122000077, 0.203171763000054 ], [ 34.416788116000077, 0.202608623000058 ], [ 34.415435801000058, 0.201831289000041 ], [ 34.414623261000031, 0.201346086000056 ], [ 34.413880003000031, 0.201090553000027 ], [ 34.412960096000063, 0.200553917000044 ], [ 34.411901453000041, 0.199741910000052 ], [ 34.410976303000041, 0.198929896000046 ], [ 34.410409639000079, 0.197996546000071 ], [ 34.410186255000042, 0.197117650000045 ], [ 34.409964817000059, 0.196365009000031 ], [ 34.409776653000051, 0.195275074000051 ], [ 34.409066588000037, 0.194159944000029 ], [ 34.408690056000076, 0.193443636000036 ], [ 34.40837706700006, 0.192646438000049 ], [ 34.408031638000068, 0.191779920000052 ], [ 34.407237862000045, 0.191348585000074 ], [ 34.406174297000064, 0.189997278000027 ], [ 34.405650993000052, 0.188972328000037 ], [ 34.404864146000079, 0.188250436000037 ], [ 34.403844421000031, 0.187403979000068 ], [ 34.403013226000041, 0.187264971000044 ], [ 34.400607861000026, 0.186428110000058 ], [ 34.400023784000041, 0.185802901000045 ], [ 34.398111778000043, 0.184822473000052 ], [ 34.396560528000066, 0.18386488200003 ], [ 34.39552334900003, 0.183566107000046 ], [ 34.394396337000046, 0.182470535000056 ], [ 34.393098912000028, 0.182413941000057 ], [ 34.392131655000071, 0.182084256000061 ], [ 34.39115785100006, 0.181782805000066 ], [ 34.390626865000058, 0.181219760000034 ], [ 34.38994187600008, 0.180778311000039 ], [ 34.388711061000038, 0.180465408000027 ], [ 34.38749428400007, 0.179981447000043 ], [ 34.38642542000008, 0.17994785400003 ], [ 34.384879353000031, 0.179916958000038 ], [ 34.384593317000054, 0.181069525000048 ], [ 34.385068048000051, 0.181965173000041 ], [ 34.38547181000007, 0.182825848000043 ], [ 34.385991511000043, 0.184046933000055 ], [ 34.386479031000079, 0.185240783000035 ], [ 34.386827255000071, 0.186198192000064 ], [ 34.387191311000038, 0.187204 ], [ 34.387647208000033, 0.187989190000061 ], [ 34.388173478000056, 0.188998479000019 ], [ 34.388511314000027, 0.190095351000026 ], [ 34.388836775000073, 0.190891295000036 ], [ 34.389476079000076, 0.191693429000057 ], [ 34.390074717000061, 0.192671251000034 ], [ 34.390449154000066, 0.194017400000068 ], [ 34.390701405000073, 0.195229929000051 ], [ 34.390864176000036, 0.196113717000057 ], [ 34.390660331000049, 0.197131513000048 ], [ 34.390314055000033, 0.198314471000052 ], [ 34.390026557000056, 0.199952871000046 ], [ 34.390226788000064, 0.200872728000041 ], [ 34.390441404000057, 0.20160945500003 ], [ 34.390700309000067, 0.202458622000046 ], [ 34.390926358000058, 0.203207321000043 ], [ 34.391220990000079, 0.204013940000045 ], [ 34.391424276000066, 0.204945058000013 ], [ 34.391614225000069, 0.206092156000071 ], [ 34.391912413000057, 0.20757717700007 ], [ 34.391533684000024, 0.209042793000044 ], [ 34.391169493000064, 0.21015964800005 ], [ 34.390854433000072, 0.211319919000068 ], [ 34.390623183000059, 0.212423559000054 ], [ 34.390494515000057, 0.21336897000003 ], [ 34.390538876000051, 0.214579352000041 ], [ 34.390633083000068, 0.215700300000036 ], [ 34.390624679000041, 0.216630771000034 ], [ 34.390186978000031, 0.217417240000035 ], [ 34.38937042200007, 0.218597089000074 ], [ 34.388377690000027, 0.220172114000037 ], [ 34.387904103000039, 0.221148688000035 ], [ 34.387496287000033, 0.222047203000048 ], [ 34.387201294000079, 0.222881533000026 ], [ 34.386714070000039, 0.223639678000041 ], [ 34.386262499000054, 0.224439299000036 ], [ 34.385759294000025, 0.22533715100007 ], [ 34.385237007000057, 0.226375987000039 ], [ 34.384789907000027, 0.227242534000022 ], [ 34.384455264000053, 0.227991154000056 ], [ 34.383945784000048, 0.228891187000051 ], [ 34.384959866000031, 0.229347695000053 ], [ 34.386007531000075, 0.229846653000034 ], [ 34.386986698000051, 0.230357529000056 ], [ 34.387832142000036, 0.230747904000053 ], [ 34.388661139000078, 0.231128787000049 ], [ 34.389424582000061, 0.231464240000042 ], [ 34.390323809000051, 0.231886021000033 ], [ 34.391153353000057, 0.232230551000043 ], [ 34.392161911000073, 0.232614619000061 ], [ 34.393014872000037, 0.232908601000025 ], [ 34.394121313000028, 0.23305037200004 ], [ 34.395291780000036, 0.233214463000024 ], [ 34.396430044000056, 0.23325851500004 ], [ 34.397581101000071, 0.23363440400005 ], [ 34.397735629000067, 0.234915571000038 ], [ 34.398035815000071, 0.236074026000041 ], [ 34.39850419600004, 0.236982644000016 ], [ 34.399058241000034, 0.238138942000041 ], [ 34.399512525000034, 0.239115644000041 ], [ 34.399680219000061, 0.240075962000053 ], [ 34.398925954000049, 0.241420966000016 ], [ 34.398203422000051, 0.242622713000061 ], [ 34.397850558000073, 0.243678230000052 ], [ 34.397798493000039, 0.244614764000066 ], [ 34.397747572000071, 0.245757269000023 ], [ 34.397698860000048, 0.247178443000049 ], [ 34.397752768000032, 0.247991288000033 ], [ 34.397675382000045, 0.249411481000046 ], [ 34.397743293000076, 0.250452958000043 ], [ 34.39804493500003, 0.251393678000056 ], [ 34.398265911000067, 0.252527832000061 ], [ 34.398318523000057, 0.253291075000056 ], [ 34.398423244000071, 0.254207943000038 ], [ 34.398717418000047, 0.255896319000052 ], [ 34.399239197000043, 0.257200327000029 ], [ 34.399703206000027, 0.25820462100006 ], [ 34.400085686000068, 0.259055137000083 ], [ 34.40039382100008, 0.26000403700005 ], [ 34.400609951000035, 0.261057838000048 ], [ 34.400768093000067, 0.262335775000049 ], [ 34.400095990000068, 0.262944125000054 ], [ 34.399030749000076, 0.263691913000067 ], [ 34.397103093000055, 0.265057528000055 ], [ 34.396402776000059, 0.265714863000032 ], [ 34.395044658000074, 0.266995076000062 ], [ 34.394295623000062, 0.267633434000062 ], [ 34.393671004000055, 0.268149273000065 ], [ 34.392197026000076, 0.269379382000069 ], [ 34.390753735000033, 0.270618292000054 ], [ 34.389868797000076, 0.271548992000028 ], [ 34.389433908000058, 0.27230935600005 ], [ 34.389083376000031, 0.273038810000067 ], [ 34.388214720000065, 0.274965865000075 ], [ 34.388972004000038, 0.275394163000041 ], [ 34.389794699000049, 0.276191101000047 ], [ 34.390840243000071, 0.27746406600005 ], [ 34.391683494000063, 0.27866924500006 ], [ 34.392126415000071, 0.279575752000021 ], [ 34.392613675000064, 0.280209760000043 ], [ 34.393289706000076, 0.280738440000045 ], [ 34.394189600000061, 0.281345128000051 ], [ 34.394835201000035, 0.28180956800003 ], [ 34.396234434000064, 0.282219066000039 ], [ 34.397424818000047, 0.282266774000052 ], [ 34.398454771000047, 0.282798532000074 ], [ 34.399680184000033, 0.283290002000061 ], [ 34.400470904000031, 0.284152151000052 ], [ 34.401102937000076, 0.284726901000053 ], [ 34.402290493000066, 0.285102877000045 ], [ 34.403531866000037, 0.284748260000072 ], [ 34.404563426000038, 0.284264729000021 ], [ 34.405513099000075, 0.284167966000037 ], [ 34.406512493000037, 0.284538584000074 ], [ 34.407269803000077, 0.285279870000075 ], [ 34.408484695000027, 0.285661208000021 ], [ 34.409203829000035, 0.286278945000044 ], [ 34.410025854000025, 0.286601216000069 ], [ 34.410750608000058, 0.286875137000034 ], [ 34.411490659000037, 0.28729409300007 ], [ 34.412524394000059, 0.287713063000071 ], [ 34.413523765000036, 0.288003078000031 ], [ 34.414280975000054, 0.288405940000082 ], [ 34.414334637000024, 0.289302165000039 ], [ 34.414168999000026, 0.290227011000066 ], [ 34.414102520000029, 0.291125971000051 ], [ 34.413942654000039, 0.292225387000037 ], [ 34.414297676000047, 0.29328899700005 ], [ 34.41497023200003, 0.294393449000035 ], [ 34.415295736000076, 0.295593617000059 ], [ 34.415604939000048, 0.296484077000067 ], [ 34.416223192000075, 0.297751225000064 ], [ 34.416700224000067, 0.298675918000064 ], [ 34.417129686000067, 0.299960228000026 ], [ 34.417768885000044, 0.301120756000054 ], [ 34.418329800000038, 0.301959046000037 ], [ 34.418972784000061, 0.303022656000051 ], [ 34.418957929000044, 0.304376386000055 ], [ 34.41824891400006, 0.305730125000027 ], [ 34.417587461000039, 0.306697125000033 ], [ 34.417168123000067, 0.307406245000031 ], [ 34.416622951000079, 0.308212051000053 ], [ 34.416009154000051, 0.309114572000048 ], [ 34.41558985100005, 0.309936495000041 ], [ 34.415162944000031, 0.310844359000047 ], [ 34.414045504000057, 0.311113028000023 ], [ 34.413176060000069, 0.311661014000044 ], [ 34.412289496000028, 0.312354036000038 ], [ 34.411563131000037, 0.313079295000019 ], [ 34.411000738000041, 0.313691713000026 ], [ 34.409984386000076, 0.314014085000056 ], [ 34.409404820000084, 0.314594287000033 ], [ 34.408794752000063, 0.315206707000077 ], [ 34.407873952000045, 0.316205939000045 ], [ 34.407925680000062, 0.317011727000021 ], [ 34.408246271000053, 0.317720807000049 ], [ 34.408761402000039, 0.318506319000049 ], [ 34.409469185000034, 0.319434970000036 ], [ 34.409860389000073, 0.320321454000066 ], [ 34.410312645000033, 0.321299465000038 ], [ 34.411955047000049, 0.322813175000025 ], [ 34.41272568800008, 0.323489982000075 ], [ 34.412970117000043, 0.324601953000067 ], [ 34.41369521300004, 0.32603621400005 ], [ 34.414244632000077, 0.326691457000043 ], [ 34.414534784000068, 0.327647750000045 ], [ 34.415080424000053, 0.328421281000025 ], [ 34.416404361000048, 0.329968298000032 ], [ 34.417949495000073, 0.331450869000039 ], [ 34.419479282000054, 0.332625981000034 ], [ 34.420802896000055, 0.333078403000061 ], [ 34.42204250900005, 0.333223369000054 ], [ 34.422881631000052, 0.333320033000065 ], [ 34.423686436000025, 0.333448916000063 ], [ 34.424735304000023, 0.333448843000049 ], [ 34.425749801000052, 0.333303753000056 ], [ 34.426554620000047, 0.333480974000046 ], [ 34.427714190000074, 0.333803227000029 ], [ 34.428877546000024, 0.334028770000027 ], [ 34.430391863000068, 0.334479930000035 ], [ 34.431517069000051, 0.334673258000062 ], [ 34.432710908000047, 0.334802119000068 ], [ 34.433740743000044, 0.334930989000044 ], [ 34.434724888000062, 0.335325784000021 ], [ 34.43593407700007, 0.335768891000051 ], [ 34.436981116000034, 0.336037430000035 ], [ 34.437963477000039, 0.336848533000023 ], [ 34.438970556000072, 0.337409931000021 ], [ 34.440172153000049, 0.337976519000044 ], [ 34.44086463800005, 0.338766164000056 ], [ 34.441187142000047, 0.339491336000042 ], [ 34.441687028000054, 0.340313207000064 ], [ 34.442476701000032, 0.34086110300006 ], [ 34.443285386000071, 0.341211300000055 ], [ 34.444124535000071, 0.341399607000036 ], [ 34.444963633000043, 0.341416698000042 ], [ 34.445703488000049, 0.341166984000047 ], [ 34.447017385000038, 0.34107471400006 ], [ 34.449178332000031, 0.341956610000068 ], [ 34.450307456000075, 0.342504471000047 ], [ 34.451531999000053, 0.34327796400003 ], [ 34.452371218000053, 0.343696943000052 ], [ 34.45359568300006, 0.344212553000032 ], [ 34.454625567000051, 0.344502596000048 ], [ 34.455625022000056, 0.345082711000026 ], [ 34.456559592000076, 0.345501657000059 ], [ 34.457818432000067, 0.346178467000075 ], [ 34.459302293000064, 0.34682301800006 ], [ 34.461137115000042, 0.34769315700004 ], [ 34.462846082000056, 0.348595549000041 ], [ 34.463811145000079, 0.348950029000036 ], [ 34.465390366000065, 0.349626793000032 ], [ 34.46709932400006, 0.350496968000071 ], [ 34.468258981000076, 0.351109291000054 ], [ 34.469033387000025, 0.351624955000032 ], [ 34.469807887000059, 0.352452186000046 ], [ 34.47080718400008, 0.352495112000047 ], [ 34.471611870000061, 0.352221105000063 ], [ 34.472530888000051, 0.351640886000043 ], [ 34.473285962000034, 0.351270188000058 ], [ 34.474125018000052, 0.35114145300002 ], [ 34.474998387000028, 0.35097042600006 ], [ 34.47594994800005, 0.350810974000069 ], [ 34.476913016000026, 0.350867084000077 ], [ 34.47783237200008, 0.351431096000052 ], [ 34.479234273000031, 0.352220671000052 ], [ 34.480252433000032, 0.353150645000023 ], [ 34.480474402000027, 0.354106162000049 ], [ 34.480282169000077, 0.355379301000031 ], [ 34.480105120000076, 0.356410724000062 ], [ 34.480313220000028, 0.357200396000052 ], [ 34.480717749000064, 0.358006150000045 ], [ 34.480895451000038, 0.359182588000064 ], [ 34.480638341000031, 0.360326803000019 ], [ 34.480379232000075, 0.361164841000055 ], [ 34.480348948000028, 0.361938402000015 ], [ 34.480314880000037, 0.362808659000045 ], [ 34.480379996000075, 0.363743373000031 ], [ 34.480671162000078, 0.364903675000052 ], [ 34.481234947000075, 0.365773891000059 ], [ 34.481669998000029, 0.366611905000075 ], [ 34.48183044600006, 0.36748213600004 ], [ 34.481769707000069, 0.368449089000018 ], [ 34.481770003000065, 0.369448256000054 ], [ 34.481995271000081, 0.370254049000033 ], [ 34.482075595000026, 0.371027590000035 ], [ 34.481897634000063, 0.372195994000035 ], [ 34.482833187000047, 0.372719702000039 ], [ 34.483798040000067, 0.372365101000074 ], [ 34.484911637000039, 0.371994369000057 ], [ 34.486266479000051, 0.371645587000038 ], [ 34.487377228000078, 0.371317383000072 ], [ 34.488762509000026, 0.37072102100006 ], [ 34.489615720000074, 0.370092472000059 ], [ 34.490435819000027, 0.370350265000062 ], [ 34.491162470000063, 0.370591970000015 ], [ 34.491752004000034, 0.371474739000063 ], [ 34.492886812000052, 0.371897249000031 ], [ 34.493918563000079, 0.372058336000062 ], [ 34.494595679000042, 0.372461201000014 ], [ 34.495465562000049, 0.373395872000054 ], [ 34.496142839000072, 0.374346646000046 ], [ 34.496593098000062, 0.375023501000048 ], [ 34.497302768000054, 0.375877594000031 ], [ 34.498012340000059, 0.376409370000037 ], [ 34.498737098000049, 0.376699399000079 ], [ 34.499526704000061, 0.377021673000061 ], [ 34.500566054000046, 0.377083605000049 ], [ 34.501454519000049, 0.377288786000069 ], [ 34.501358093000078, 0.353411191000025 ], [ 34.500758942000061, 0.352250049000013 ], [ 34.499820451000062, 0.351470223000043 ], [ 34.498992596000051, 0.350782153000067 ], [ 34.498282889000052, 0.349795886000041 ], [ 34.498076692000041, 0.348993086000072 ], [ 34.498625652000044, 0.34809849700002 ], [ 34.499419427000078, 0.347148901000032 ], [ 34.500002087000041, 0.34660751000007 ], [ 34.500718835000043, 0.345608244000059 ], [ 34.501215615000035, 0.344530163000066 ], [ 34.501770037000028, 0.343833411000055 ], [ 34.502499396000076, 0.343562426000067 ], [ 34.503206817000034, 0.343265627000045 ], [ 34.504070641000055, 0.343059151000026 ], [ 34.505180464000034, 0.342826852000025 ], [ 34.506395190000035, 0.34264615100006 ], [ 34.507270460000029, 0.34245256400004 ], [ 34.508435513000052, 0.341970813000054 ], [ 34.509476627000026, 0.341549286000028 ], [ 34.510173479000059, 0.340981542000063 ], [ 34.51090851400005, 0.340555733000032 ], [ 34.511398411000073, 0.339846073000039 ], [ 34.512042762000085, 0.339084815000035 ], [ 34.512740544000053, 0.338439667000046 ], [ 34.513745286000074, 0.337549345000067 ], [ 34.514661244000024, 0.336297781000047 ], [ 34.515622126000039, 0.335413913000023 ], [ 34.51597552700008, 0.334220435000021 ], [ 34.516348996000033, 0.333175323000027 ], [ 34.516658590000077, 0.332168934000046 ], [ 34.517416467000032, 0.331601193000034 ], [ 34.518216014000075, 0.331145256000066 ], [ 34.519425301000069, 0.330846300000084 ], [ 34.52040429200008, 0.329935378000079 ], [ 34.521248891000027, 0.329204435000073 ], [ 34.521763586000077, 0.328523355000077 ], [ 34.522062696000035, 0.327526675000052 ], [ 34.521951196000032, 0.326662878000034 ], [ 34.521164120000037, 0.326297481000038 ], [ 34.520237224000027, 0.326031751000068 ], [ 34.519073847000072, 0.325732834000057 ], [ 34.517910494000034, 0.325516947000042 ], [ 34.516583126000057, 0.325267840000037 ], [ 34.515583823000043, 0.325201465000023 ], [ 34.514454840000042, 0.325135066000031 ], [ 34.510270755000079, 0.324935976000056 ], [ 34.508607824000087, 0.324936067000065 ], [ 34.50771340700004, 0.324869657000018 ], [ 34.506666566000035, 0.325268386000055 ], [ 34.505417941000076, 0.326038555000027 ], [ 34.502693176000037, 0.328303665000014 ], [ 34.501457214000027, 0.329273999000061 ], [ 34.50057601900005, 0.328123331000029 ], [ 34.500053406000063, 0.327001303000034 ], [ 34.499603271000069, 0.326253295000078 ], [ 34.498855591000051, 0.325280875000039 ], [ 34.498107910000044, 0.323859632000057 ], [ 34.497215271000073, 0.322996020000054 ], [ 34.496396065000056, 0.322407030000016 ], [ 34.495476532000055, 0.32169340800005 ], [ 34.494931539000049, 0.320774660000037 ], [ 34.494235039000046, 0.32001541600004 ], [ 34.493501663000075, 0.319647945000045 ], [ 34.492510796000033, 0.318931885000039 ], [ 34.491697311000053, 0.318191521000069 ], [ 34.491143227000066, 0.317602471000041 ], [ 34.490687943000069, 0.316808057000066 ], [ 34.489847422000025, 0.315640759000078 ], [ 34.489233653000042, 0.314678813000051 ], [ 34.489417076000052, 0.313534763000057 ], [ 34.488918304000038, 0.312326203000055 ], [ 34.488391876000037, 0.311382284000052 ], [ 34.487574577000032, 0.310487896000036 ], [ 34.486799240000039, 0.309474617000037 ], [ 34.486117363000062, 0.308401895000029 ], [ 34.485196749000067, 0.307268893000077 ], [ 34.483886550000079, 0.306859855000027 ] ] ] } },
{ "type": "Feature", "properties": { "Shape_Leng": 0.87077878796999997, "Shape_Area": 0.02091337472, "ADM2_EN": "Navakholo", "ADM2_PCODE": "KE037203", "ADM2_REF": null, "ADM2ALT1EN": null, "ADM2ALT2EN": null, "ADM1_EN": "Kakamega", "ADM1_PCODE": "KE037", "ADM0_EN": "Kenya", "ADM0_PCODE": "KE", "date": "2017-11-03T00:00:00", "validOn": "2019-10-31T00:00:00", "ValidTo": null }, "geometry": { "type": "Polygon", "coordinates": [ [ [ 34.739933682000071, 0.480187252000071 ], [ 34.74155677300007, 0.47953168200007 ], [ 34.742369187000072, 0.479206842000046 ], [ 34.743017512000051, 0.478394735000046 ], [ 34.743585686000074, 0.477257783000019 ], [ 34.744153800000049, 0.475714801000045 ], [ 34.74504998700008, 0.474415446000023 ], [ 34.74537396900007, 0.472791288000059 ], [ 34.745778113000028, 0.471573129000042 ], [ 34.746022053000047, 0.470355004000055 ], [ 34.745857818000047, 0.468893254000014 ], [ 34.745617404000029, 0.468162383000046 ], [ 34.745911915000079, 0.467152024000031 ], [ 34.746639423000033, 0.466574983000038 ], [ 34.747495723000043, 0.466386533000044 ], [ 34.748163156000032, 0.465821235000017 ], [ 34.74835183600004, 0.464930462000044 ], [ 34.747922589000041, 0.464056857000054 ], [ 34.747048954000036, 0.463097598000041 ], [ 34.746158208000054, 0.462498070000039 ], [ 34.745063293000044, 0.461230509000075 ], [ 34.743453371000044, 0.45951756400006 ], [ 34.741397066000047, 0.457119411000057 ], [ 34.73954679700006, 0.455132408000046 ], [ 34.738645233000057, 0.454463644000051 ], [ 34.737771432000045, 0.454098661000053 ], [ 34.737392338000063, 0.453182324000076 ], [ 34.737006023000049, 0.452445214000021 ], [ 34.736615905000072, 0.451785195000065 ], [ 34.736220980000041, 0.450860188000031 ], [ 34.735433009000076, 0.449876999000026 ], [ 34.734865026000087, 0.44915009200002 ], [ 34.734410002000061, 0.448426436000036 ], [ 34.733681114000035, 0.447872845000059 ], [ 34.733074517000034, 0.447122173000029 ], [ 34.732150061000027, 0.447029436000036 ], [ 34.731727262000049, 0.446155638000056 ], [ 34.730777020000062, 0.445182554000044 ], [ 34.730265411000062, 0.444078623000058 ], [ 34.729529021000076, 0.443054014000047 ], [ 34.729116329000078, 0.441923909000028 ], [ 34.728593624000041, 0.441013311000069 ], [ 34.72768981300004, 0.440201241000073 ], [ 34.726846412000043, 0.439488467000049 ], [ 34.726579804000039, 0.438501728000068 ], [ 34.725998409000056, 0.437753519000065 ], [ 34.725671979000026, 0.43701020700007 ], [ 34.724971839000034, 0.436507054000053 ], [ 34.724307811000074, 0.436022010000048 ], [ 34.723966355000073, 0.434909812000053 ], [ 34.723680363000028, 0.433564791000036 ], [ 34.723607014000038, 0.43279976600007 ], [ 34.723765193000077, 0.432004598000042 ], [ 34.72387311500006, 0.430977289000061 ], [ 34.723846223000066, 0.429683200000061 ], [ 34.723651520000033, 0.428541555000039 ], [ 34.722921623000047, 0.42800279700003 ], [ 34.722064654000064, 0.427969902000034 ], [ 34.721429476000026, 0.42740170400004 ], [ 34.720827713000062, 0.426675502000025 ], [ 34.720124246000069, 0.426031075000023 ], [ 34.719562649000068, 0.425214988000055 ], [ 34.718540380000036, 0.425111065000072 ], [ 34.718047332000026, 0.425770383000036 ], [ 34.717282891000025, 0.425009391000063 ], [ 34.716457602000048, 0.424373556000034 ], [ 34.715555866000045, 0.42414773800004 ], [ 34.715428861000078, 0.423382720000067 ], [ 34.715472117000047, 0.422328436000037 ], [ 34.715282312000063, 0.421141879000056 ], [ 34.71492168900005, 0.420035759000022 ], [ 34.713999989000058, 0.419323939000042 ], [ 34.713156706000063, 0.419991458000031 ], [ 34.712787363000075, 0.41881448000003 ], [ 34.712255789000039, 0.418109409000067 ], [ 34.71190755300006, 0.417366571000056 ], [ 34.711181217000046, 0.416841331000052 ], [ 34.710265689000039, 0.416322503000059 ], [ 34.712485498000035, 0.415241634000047 ], [ 34.716559156000073, 0.414564767000054 ], [ 34.719349830000056, 0.404754771000058 ], [ 34.723682533000044, 0.401833080000077 ], [ 34.722976544000062, 0.399616745000054 ], [ 34.721767050000039, 0.397350028000058 ], [ 34.72391023800003, 0.39401126600007 ], [ 34.724818037000034, 0.39385538900007 ], [ 34.725799566000035, 0.393600361000037 ], [ 34.726603062000038, 0.393146978000059 ], [ 34.727362975000062, 0.392454548000049 ], [ 34.728271091000067, 0.392296909000039 ], [ 34.729209035000054, 0.391785103000078 ], [ 34.730302769000048, 0.391514115000063 ], [ 34.731195935000073, 0.391287423000057 ], [ 34.732236603000047, 0.391133689000075 ], [ 34.733421210000074, 0.39062328100005 ], [ 34.734644260000039, 0.389989276000052 ], [ 34.735501517000046, 0.389817458000032 ], [ 34.736231897000039, 0.389319830000039 ], [ 34.737346583000033, 0.388871301000046 ], [ 34.738335421000045, 0.388599023000042 ], [ 34.739296574000036, 0.388121740000026 ], [ 34.740343636000034, 0.388220004000055 ], [ 34.74135031000003, 0.387884512000031 ], [ 34.742666619000033, 0.388400568000058 ], [ 34.743792325000072, 0.38895729200005 ], [ 34.744863809000037, 0.389123023000032 ], [ 34.745814609000035, 0.389569267000078 ], [ 34.74680348000004, 0.389521429000069 ], [ 34.747924008000041, 0.389882650000054 ], [ 34.749075043000062, 0.390196074000071 ], [ 34.749918062000063, 0.390476075000037 ], [ 34.750707698000042, 0.390878596000051 ], [ 34.751684167000064, 0.390789191000067 ], [ 34.752822714000047, 0.390488199000054 ], [ 34.754235896000068, 0.390178974000035 ], [ 34.755057802000067, 0.389548806000056 ], [ 34.755385736000051, 0.388855680000063 ], [ 34.755622060000064, 0.387724816000052 ], [ 34.755858389000025, 0.386630432000065 ], [ 34.756234003000031, 0.385931865000034 ], [ 34.756653460000052, 0.385089478000055 ], [ 34.757032865000042, 0.384240346000065 ], [ 34.757950285000049, 0.38358514300006 ], [ 34.758714769000051, 0.382634509000074 ], [ 34.759378409000078, 0.382218130000072 ], [ 34.760451178000039, 0.382046267000026 ], [ 34.761365539000053, 0.381124442000042 ], [ 34.761435907000077, 0.379785919000035 ], [ 34.76124685800005, 0.378186059000026 ], [ 34.761133538000024, 0.377101435000035 ], [ 34.761287761000062, 0.376207694000074 ], [ 34.761432564000074, 0.375236533000012 ], [ 34.762322074000053, 0.375217912000042 ], [ 34.763823997000031, 0.375294523000041 ], [ 34.764885273000068, 0.37478399100007 ], [ 34.765785367000035, 0.374110996000071 ], [ 34.766840023000043, 0.373973786000025 ], [ 34.767839396000056, 0.374011607000049 ], [ 34.768627045000073, 0.373874598000043 ], [ 34.769530031000045, 0.373414618000022 ], [ 34.770228865000036, 0.372391715000051 ], [ 34.770228690000067, 0.371212622000024 ], [ 34.770407832000046, 0.370305637000051 ], [ 34.770817744000055, 0.369398616000073 ], [ 34.771633860000065, 0.368310220000073 ], [ 34.772560630000044, 0.367475470000038 ], [ 34.77329473900005, 0.366398088000048 ], [ 34.773332732000028, 0.365381285000071 ], [ 34.773468940000043, 0.364324334000055 ], [ 34.773770127000034, 0.363316196000032 ], [ 34.774036139000032, 0.362554496000037 ], [ 34.773462296000048, 0.362045482000049 ], [ 34.772808075000057, 0.361482158000053 ], [ 34.77214050300006, 0.360980248000029 ], [ 34.771343994000063, 0.361200547000072 ], [ 34.770414625000058, 0.36069674600003 ], [ 34.769966761000035, 0.35973749600004 ], [ 34.769667625000068, 0.358892433000058 ], [ 34.769666672000028, 0.357856028000077 ], [ 34.769675732000053, 0.356481194000028 ], [ 34.768932343000074, 0.355440229000073 ], [ 34.768172455000069, 0.35525922800002 ], [ 34.767135143000075, 0.354971461000052 ], [ 34.766212463000045, 0.35491274000004 ], [ 34.766032410000044, 0.354090077000018 ], [ 34.76510111500005, 0.353764127000028 ], [ 34.763881683000079, 0.353878479000053 ], [ 34.762880135000046, 0.353095867000042 ], [ 34.761967850000076, 0.352124755000028 ], [ 34.761113167000076, 0.352135859000049 ], [ 34.759954453000034, 0.351926610000016 ], [ 34.75895986200004, 0.352034628000071 ], [ 34.758130391000066, 0.351326843000046 ], [ 34.757372769000028, 0.350827959000064 ], [ 34.75677642800008, 0.349779226000071 ], [ 34.755675634000056, 0.349793846000065 ], [ 34.755488078000042, 0.348634319000043 ], [ 34.754875365000032, 0.347384952000024 ], [ 34.75387573200004, 0.34677511100005 ], [ 34.753767014000061, 0.345893927000013 ], [ 34.752756192000049, 0.345195091000059 ], [ 34.752503482000066, 0.344205152000024 ], [ 34.751708439000026, 0.344331103000057 ], [ 34.750689507000061, 0.343705737000053 ], [ 34.749940872000025, 0.343050458000047 ], [ 34.74918079400004, 0.342641018000058 ], [ 34.748677254000029, 0.341869481000068 ], [ 34.747914208000054, 0.341924028000047 ], [ 34.74705378200008, 0.34201187900004 ], [ 34.746044159000064, 0.341920491000051 ], [ 34.745190938000064, 0.341195693000039 ], [ 34.744391759000052, 0.340193531000066 ], [ 34.74305038500006, 0.340376103000032 ], [ 34.742081451000047, 0.339947617000062 ], [ 34.741343362000066, 0.340462097000055 ], [ 34.740522385000077, 0.339927845000037 ], [ 34.739818573000036, 0.340294480000063 ], [ 34.73908354100007, 0.341253222000027 ], [ 34.738285065000071, 0.340447530000059 ], [ 34.737844467000059, 0.339535698000022 ], [ 34.737155596000036, 0.338395725000059 ], [ 34.73630627700004, 0.338206494000082 ], [ 34.735468335000064, 0.338407064000024 ], [ 34.734410604000061, 0.338120123000068 ], [ 34.733530912000049, 0.338375763000048 ], [ 34.732739585000047, 0.338371537000049 ], [ 34.731914139000025, 0.338621315000074 ], [ 34.730791092000061, 0.338901237000067 ], [ 34.729988098000035, 0.339138761000077 ], [ 34.729052734000049, 0.339168406000062 ], [ 34.727931499000086, 0.340112762000047 ], [ 34.726860046000077, 0.339755680000057 ], [ 34.725874901000054, 0.339999586000029 ], [ 34.725664261000077, 0.341121224000055 ], [ 34.72419272500008, 0.341933237000027 ], [ 34.723589897000075, 0.341429502000033 ], [ 34.722755750000033, 0.340484199000052 ], [ 34.721672694000063, 0.340331160000059 ], [ 34.722239176000073, 0.339618584000047 ], [ 34.722596543000066, 0.338833052000042 ], [ 34.722126007000043, 0.338230111000031 ], [ 34.721554496000067, 0.337248870000059 ], [ 34.721489906000045, 0.336197630000079 ], [ 34.720775127000024, 0.335437238000059 ], [ 34.719933192000042, 0.334702348000057 ], [ 34.719127655000079, 0.333609432000065 ], [ 34.718179491000058, 0.333703372000057 ], [ 34.717496077000078, 0.332364585000048 ], [ 34.716735295000035, 0.331515040000062 ], [ 34.715902964000065, 0.330452450000059 ], [ 34.715188026000078, 0.329631589000027 ], [ 34.715127309000025, 0.328804145000053 ], [ 34.715332576000037, 0.327680979000041 ], [ 34.715076844000066, 0.326430115000053 ], [ 34.715100288000031, 0.32531303900004 ], [ 34.715912501000048, 0.32476466400004 ], [ 34.715889931000056, 0.323892683000047 ], [ 34.715041478000046, 0.324127023000072 ], [ 34.714273453000033, 0.323840082000068 ], [ 34.713542938000046, 0.323310204000057 ], [ 34.712450266000076, 0.323529102000072 ], [ 34.712905884000065, 0.322888404000023 ], [ 34.713565826000035, 0.322300173000023 ], [ 34.714330673000063, 0.322333649000037 ], [ 34.714339447000043, 0.321492916000071 ], [ 34.713958740000066, 0.320463753000069 ], [ 34.712876638000068, 0.32045419300005 ], [ 34.711617152000031, 0.319609304000041 ], [ 34.710935593000045, 0.319159766000038 ], [ 34.711709976000066, 0.318555601000079 ], [ 34.712352753000062, 0.31787747100003 ], [ 34.711617152000031, 0.31753377600006 ], [ 34.711374283000055, 0.316191539000048 ], [ 34.710542951000036, 0.315544788000066 ], [ 34.709568024000077, 0.315792370000051 ], [ 34.708681583000043, 0.315385874000069 ], [ 34.708114624000075, 0.314310481000064 ], [ 34.707405090000066, 0.313964561000037 ], [ 34.706692505000035, 0.313601542000065 ], [ 34.705961227000046, 0.312611170000028 ], [ 34.705818176000037, 0.311626007000037 ], [ 34.70493825300008, 0.310902283000079 ], [ 34.704383850000056, 0.309913926000037 ], [ 34.704193115000066, 0.308880948000025 ], [ 34.703713735000065, 0.308220992000026 ], [ 34.703540802000077, 0.307277262000075 ], [ 34.703340530000048, 0.306331962000065 ], [ 34.702647209000077, 0.305987634000069 ], [ 34.701896667000028, 0.305805907000029 ], [ 34.701054891000069, 0.305702289000073 ], [ 34.700271606000058, 0.305657655000068 ], [ 34.699317932000042, 0.305543521000066 ], [ 34.698223114000029, 0.30520492800002 ], [ 34.697410583000078, 0.304983348000057 ], [ 34.696296692000033, 0.305399410000072 ], [ 34.695057869000038, 0.305215288000059 ], [ 34.694122314000026, 0.305179417000032 ], [ 34.692893982000044, 0.305031169000073 ], [ 34.691750844000076, 0.304194267000068 ], [ 34.690454483000053, 0.303515963000056 ], [ 34.689366659000029, 0.302804192000057 ], [ 34.688331604000041, 0.303051282000065 ], [ 34.68746948200004, 0.302650523000063 ], [ 34.686576843000068, 0.302367413000078 ], [ 34.685479164000071, 0.301917868000038 ], [ 34.684245110000063, 0.301659621000061 ], [ 34.683604240000079, 0.30117183200002 ], [ 34.682868958000029, 0.300824314000066 ], [ 34.682111104000064, 0.300403466000035 ], [ 34.681275177000032, 0.300511867000069 ], [ 34.680113520000077, 0.300550809000071 ], [ 34.679013252000061, 0.300703168000044 ], [ 34.67806243900003, 0.300684027000046 ], [ 34.677263896000056, 0.299834368000066 ], [ 34.676582718000077, 0.298757705000063 ], [ 34.675353459000064, 0.298672719000032 ], [ 34.674611410000068, 0.298133453000042 ], [ 34.673775991000078, 0.298388511000046 ], [ 34.672724406000043, 0.298563863000023 ], [ 34.671943665000072, 0.299268460000058 ], [ 34.671299934000047, 0.299784943000019 ], [ 34.670612335000051, 0.300557786000068 ], [ 34.669839478000029, 0.301181388000032 ], [ 34.668979009000054, 0.301168645000079 ], [ 34.668170929000041, 0.301563978000047 ], [ 34.667207336000047, 0.301793534000063 ], [ 34.666412354000045, 0.302353062000061 ], [ 34.666306655000028, 0.30336532900003 ], [ 34.665521622000028, 0.304141648000046 ], [ 34.665025711000055, 0.304725111000037 ], [ 34.664099557000043, 0.304764045000073 ], [ 34.66349983200007, 0.305471152000052 ], [ 34.662700653000059, 0.30560664300004 ], [ 34.661687851000067, 0.304910976000027 ], [ 34.660684586000059, 0.305884816000058 ], [ 34.660570417000031, 0.306933859000025 ], [ 34.659878050000032, 0.307572779000058 ], [ 34.658305168000027, 0.307513677000037 ], [ 34.657196999000064, 0.307455815000027 ], [ 34.656223043000068, 0.306901060000025 ], [ 34.654946645000059, 0.306760788000014 ], [ 34.653834343000028, 0.306871569000059 ], [ 34.653564998000036, 0.306026578000058 ], [ 34.653792063000026, 0.305094933000015 ], [ 34.652848925000058, 0.305603002000053 ], [ 34.652508736000073, 0.304521851000063 ], [ 34.652021681000065, 0.303725587000034 ], [ 34.651165009000067, 0.303266490000057 ], [ 34.650277819000053, 0.303807578000031 ], [ 34.649337769000056, 0.304023160000048 ], [ 34.648706436000055, 0.303075179000081 ], [ 34.647793770000078, 0.302539580000029 ], [ 34.647038460000033, 0.301568761000057 ], [ 34.646335602000079, 0.301143132000044 ], [ 34.645553589000031, 0.300821763000037 ], [ 34.644775391000053, 0.300244056000053 ], [ 34.643884023000055, 0.30009102800006 ], [ 34.642967224000074, 0.299813643000047 ], [ 34.642732143000046, 0.29847698700008 ], [ 34.641730838000058, 0.299036781000049 ], [ 34.640469052000071, 0.298667257000037 ], [ 34.639986710000073, 0.29968181600003 ], [ 34.639200211000059, 0.29941192300004 ], [ 34.638597870000069, 0.298885876000034 ], [ 34.637569904000031, 0.298531976000053 ], [ 34.636450768000032, 0.297874417000065 ], [ 34.635761261000027, 0.29714033000004 ], [ 34.634701792000044, 0.297404842000047 ], [ 34.633663177000074, 0.296743393000047 ], [ 34.632921491000047, 0.296325271000053 ], [ 34.632171631000062, 0.295863430000052 ], [ 34.631829262000053, 0.29480654000002 ], [ 34.631736755000077, 0.293403405000051 ], [ 34.631481171000075, 0.292534932000028 ], [ 34.630827586000066, 0.293351124000023 ], [ 34.629798889000028, 0.293006788000075 ], [ 34.629165649000072, 0.292522182000031 ], [ 34.628851825000027, 0.291731486000056 ], [ 34.627843337000058, 0.292000647000072 ], [ 34.627200678000065, 0.292429036000049 ], [ 34.626553398000055, 0.29293478700004 ], [ 34.625888720000034, 0.293708391000059 ], [ 34.625504047000049, 0.294754686000038 ], [ 34.625476330000026, 0.296125059000069 ], [ 34.625205544000039, 0.29743348500006 ], [ 34.62475806100008, 0.298339681000074 ], [ 34.624696597000025, 0.299273634000034 ], [ 34.625422334000064, 0.299622143000019 ], [ 34.62618640200003, 0.299942541000071 ], [ 34.626304252000068, 0.300704438000023 ], [ 34.626019552000066, 0.301429755000078 ], [ 34.625338512000042, 0.302100532000051 ], [ 34.62376464700003, 0.302486342000063 ], [ 34.623059885000032, 0.303402212000029 ], [ 34.622688757000049, 0.304332468000039 ], [ 34.622971501000052, 0.305428459000036 ], [ 34.62366684400007, 0.30659044000003 ], [ 34.624136116000045, 0.307293796000074 ], [ 34.624586307000072, 0.307928101000073 ], [ 34.625131891000024, 0.308788128000061 ], [ 34.625616467000043, 0.309804023000033 ], [ 34.626208423000037, 0.311490855000039 ], [ 34.627806753000073, 0.312845746000057 ], [ 34.627801158000068, 0.314133187000046 ], [ 34.627663690000077, 0.315265548000068 ], [ 34.627973411000035, 0.316075006000067 ], [ 34.628493546000072, 0.316807001000025 ], [ 34.629171316000054, 0.317356958000055 ], [ 34.629957114000035, 0.317599529000064 ], [ 34.631002312000078, 0.31799583500003 ], [ 34.631064740000056, 0.318849417000025 ], [ 34.630303903000026, 0.319737777000056 ], [ 34.629781963000028, 0.320774897000036 ], [ 34.630335926000043, 0.321335266000063 ], [ 34.631330844000047, 0.321342156000072 ], [ 34.632257439000057, 0.321771181000036 ], [ 34.633012776000044, 0.321640066000045 ], [ 34.633938445000069, 0.321467192000051 ], [ 34.63485812700003, 0.321330403000041 ], [ 34.636258541000075, 0.321464032000046 ], [ 34.637531051000053, 0.321956346000035 ], [ 34.638365370000031, 0.322515975000047 ], [ 34.639282481000066, 0.322990755000036 ], [ 34.64003881900004, 0.323922517000027 ], [ 34.640780038000059, 0.324497646000049 ], [ 34.641718729000047, 0.324953039000028 ], [ 34.642192957000077, 0.325842562000051 ], [ 34.643426826000059, 0.326356367000074 ], [ 34.644304873000067, 0.326848862000019 ], [ 34.64507418200003, 0.326496911000048 ], [ 34.645696026000053, 0.327178195000052 ], [ 34.646487788000059, 0.32905328800006 ], [ 34.647207920000028, 0.330189304000042 ], [ 34.64813193100008, 0.33003609100006 ], [ 34.649160227000039, 0.329630621000027 ], [ 34.650520569000037, 0.32924385000007 ], [ 34.651986133000037, 0.329137987000031 ], [ 34.652153846000033, 0.330262376000066 ], [ 34.651421022000079, 0.330999511000067 ], [ 34.650643910000042, 0.331458104000037 ], [ 34.64967417400004, 0.331931231000059 ], [ 34.648620531000063, 0.332469890000029 ], [ 34.64938759000006, 0.334952500000039 ], [ 34.649639999000044, 0.336551703000054 ], [ 34.649170532000028, 0.33740425100006 ], [ 34.649238805000039, 0.338475490000061 ], [ 34.648704418000079, 0.339785398000062 ], [ 34.648366241000076, 0.341070051000028 ], [ 34.648105100000066, 0.342042124000043 ], [ 34.647199601000068, 0.342708156000075 ], [ 34.646200723000049, 0.343868503000064 ], [ 34.645866530000035, 0.345224634000035 ], [ 34.645418496000048, 0.346279030000067 ], [ 34.644898942000054, 0.347328630000056 ], [ 34.644304706000071, 0.34848254300004 ], [ 34.644080498000051, 0.349869156000062 ], [ 34.643440764000047, 0.350731860000056 ], [ 34.642855968000049, 0.351246348000072 ], [ 34.64143234200003, 0.351432242000046 ], [ 34.640723652000077, 0.350719795000026 ], [ 34.639866153000071, 0.350837391000035 ], [ 34.639037219000052, 0.351178286000045 ], [ 34.638610448000065, 0.350462857000018 ], [ 34.63783288500008, 0.350638369000016 ], [ 34.636717680000061, 0.350829479000027 ], [ 34.635649561000037, 0.350635851000055 ], [ 34.634834199000068, 0.35037368200005 ], [ 34.634012365000046, 0.350055384000031 ], [ 34.633020645000045, 0.349775063000042 ], [ 34.63239490400008, 0.350382526000029 ], [ 34.631936354000061, 0.351255417000065 ], [ 34.631640544000049, 0.352077888000055 ], [ 34.631292908000034, 0.352809630000031 ], [ 34.630712301000074, 0.35370304300006 ], [ 34.630346289000045, 0.354844110000042 ], [ 34.629986922000057, 0.35577577700002 ], [ 34.629059191000067, 0.356568140000038 ], [ 34.627907324000034, 0.357082384000018 ], [ 34.62680501300008, 0.357383092000017 ], [ 34.625963062000039, 0.357878515000044 ], [ 34.625060142000052, 0.358786025000024 ], [ 34.624161393000065, 0.359955099000043 ], [ 34.623677422000071, 0.360884278000073 ], [ 34.623029745000053, 0.361773079000037 ], [ 34.622226954000041, 0.362689228000015 ], [ 34.621725500000025, 0.363614342000063 ], [ 34.621393124000065, 0.364365723000056 ], [ 34.620779404000075, 0.364888548000061 ], [ 34.619932642000038, 0.365091243000048 ], [ 34.619076654000025, 0.365239736000028 ], [ 34.618270622000068, 0.365742556000042 ], [ 34.617215873000077, 0.366532288000032 ], [ 34.616201558000057, 0.367342562000029 ], [ 34.615244279000024, 0.368223745000023 ], [ 34.614571141000056, 0.368895736000067 ], [ 34.613984608000067, 0.369700128000041 ], [ 34.613854281000044, 0.370542226000061 ], [ 34.613860768000052, 0.371420407000077 ], [ 34.613547504000053, 0.372437387000052 ], [ 34.613095631000078, 0.373323814000052 ], [ 34.612526432000038, 0.373981400000054 ], [ 34.611678742000038, 0.374354856000028 ], [ 34.610568475000036, 0.374592559000071 ], [ 34.609522813000069, 0.375366831000064 ], [ 34.608902150000063, 0.376223707000064 ], [ 34.608524005000049, 0.376996845000071 ], [ 34.608124926000073, 0.378072251000054 ], [ 34.607356476000064, 0.379072390000037 ], [ 34.606741864000071, 0.380008539000069 ], [ 34.606211787000063, 0.380832750000021 ], [ 34.60549354300008, 0.381718275000019 ], [ 34.604568054000026, 0.382615674000014 ], [ 34.603317490000052, 0.383127711000044 ], [ 34.602311849000046, 0.38261951100003 ], [ 34.601276678000033, 0.382328205000021 ], [ 34.60013758700007, 0.382180729000035 ], [ 34.598782842000048, 0.382149836000049 ], [ 34.59733484000003, 0.382211060000028 ], [ 34.596487943000056, 0.382734153000051 ], [ 34.59556742500007, 0.382859031000058 ], [ 34.594555325000044, 0.382740175000039 ], [ 34.593431975000044, 0.38263738400002 ], [ 34.592050515000039, 0.382507148000056 ], [ 34.590793354000027, 0.38247502500007 ], [ 34.589705350000031, 0.382796070000046 ], [ 34.588803863000066, 0.383723106000039 ], [ 34.588063436000027, 0.383987333000048 ], [ 34.587130820000027, 0.383988908000052 ], [ 34.585847289000071, 0.384041078000051 ], [ 34.584769445000063, 0.384286730000049 ], [ 34.583368021000069, 0.384573231000055 ], [ 34.581920206000063, 0.384982209000046 ], [ 34.581233123000061, 0.385933797000064 ], [ 34.580673469000033, 0.386651122000045 ], [ 34.580250174000071, 0.387333165000037 ], [ 34.579910802000029, 0.388062233000036 ], [ 34.579650915000059, 0.388912810000018 ], [ 34.579358003000038, 0.389990740000029 ], [ 34.579403950000028, 0.391172514000069 ], [ 34.579714999000032, 0.392369971000045 ], [ 34.580099113000074, 0.393271496000063 ], [ 34.580087197000068, 0.394370969000026 ], [ 34.580070213000056, 0.395588030000063 ], [ 34.579747129000054, 0.396840386000062 ], [ 34.578937386000064, 0.398035917000072 ], [ 34.578359336000062, 0.399025648000013 ], [ 34.57795959300006, 0.399909552000062 ], [ 34.577982621000046, 0.40086791100004 ], [ 34.577350461000037, 0.401993590000075 ], [ 34.577813138000067, 0.402604330000029 ], [ 34.578532230000064, 0.403153079000052 ], [ 34.579270347000033, 0.403388246000018 ], [ 34.580442323000057, 0.403440467000054 ], [ 34.581095710000056, 0.404618973000028 ], [ 34.582475694000046, 0.405512623000056 ], [ 34.58339219100003, 0.406131902000024 ], [ 34.583298919000072, 0.407354851000039 ], [ 34.583096922000038, 0.408468071000067 ], [ 34.583283947000041, 0.409283343000019 ], [ 34.584035480000068, 0.409957515000027 ], [ 34.584663043000035, 0.410616015000079 ], [ 34.585212469000055, 0.411666464000056 ], [ 34.586356871000078, 0.412262230000068 ], [ 34.587596556000051, 0.412340577000063 ], [ 34.588832439000043, 0.412497349000031 ], [ 34.589273108000043, 0.413234219000061 ], [ 34.589288482000029, 0.414020499000066 ], [ 34.589036867000061, 0.414927546000053 ], [ 34.588585021000029, 0.415993714000028 ], [ 34.588365838000072, 0.416965788000022 ], [ 34.588207704000069, 0.418063316000033 ], [ 34.588490133000057, 0.419176507000035 ], [ 34.589087164000034, 0.419725245000053 ], [ 34.589525916000071, 0.42038374900006 ], [ 34.589405918000068, 0.421280704000023 ], [ 34.589904785000044, 0.422077090000071 ], [ 34.590114594000056, 0.423071563000058 ], [ 34.590242386000057, 0.424177900000082 ], [ 34.590290070000037, 0.425246954000039 ], [ 34.590240479000045, 0.426030099000059 ], [ 34.590082804000076, 0.426842233000058 ], [ 34.590340932000061, 0.427679241000026 ], [ 34.591060638000044, 0.428267628000067 ], [ 34.59189415000003, 0.42900106300005 ], [ 34.592466354000067, 0.429722056000067 ], [ 34.592715263000059, 0.430915415000067 ], [ 34.592676163000078, 0.432170913000051 ], [ 34.592825572000038, 0.433389147000074 ], [ 34.592813492000062, 0.434209585000068 ], [ 34.592353821000074, 0.434905708000027 ], [ 34.591720581000061, 0.435452670000081 ], [ 34.590892792000034, 0.436105274000053 ], [ 34.590066274000037, 0.43739187700004 ], [ 34.590558052000063, 0.438336626000025 ], [ 34.590515137000068, 0.43920677900008 ], [ 34.590228081000078, 0.44047472600004 ], [ 34.590812683000024, 0.441531345000052 ], [ 34.591259003000062, 0.442215055000018 ], [ 34.59155845600003, 0.442985743000057 ], [ 34.591794968000045, 0.444154248000072 ], [ 34.591807048000078, 0.445438772000043 ], [ 34.591960907000043, 0.446665275000043 ], [ 34.592726390000053, 0.446458111000019 ], [ 34.593852043000027, 0.446379373000071 ], [ 34.594703674000073, 0.445857272000069 ], [ 34.595250130000068, 0.445229523000018 ], [ 34.596314748000054, 0.445480208000047 ], [ 34.597263336000026, 0.445857272000067 ], [ 34.598220825000055, 0.446118325000039 ], [ 34.598886490000041, 0.446944974000071 ], [ 34.599099477000038, 0.448074112000037 ], [ 34.600746155000024, 0.449412495000041 ], [ 34.601951599000074, 0.450282663000049 ], [ 34.602746964000062, 0.451165244000039 ], [ 34.603330612000036, 0.451674908000026 ], [ 34.604071299000054, 0.452068557000079 ], [ 34.60500907900007, 0.452022985000046 ], [ 34.605928421000044, 0.451401427000065 ], [ 34.606698990000041, 0.450593427000054 ], [ 34.607469559000037, 0.449723274000072 ], [ 34.608264923000036, 0.449076861000041 ], [ 34.609062195000035, 0.448405594000064 ], [ 34.609905243000071, 0.447684616000061 ], [ 34.610404968000068, 0.44703820300004 ], [ 34.610935211000026, 0.446331292000031 ], [ 34.611808777000078, 0.445350111000046 ], [ 34.612737656000036, 0.444302589000076 ], [ 34.61366526300003, 0.444085022000031 ], [ 34.614602407000064, 0.444510321000049 ], [ 34.615667343000041, 0.44431585100006 ], [ 34.616668701000037, 0.444581047000049 ], [ 34.616847992000032, 0.445482686000043 ], [ 34.616039276000038, 0.446052849000067 ], [ 34.61542892500006, 0.447047323000045 ], [ 34.615043640000067, 0.44800201100003 ], [ 34.61507034300007, 0.448824108000051 ], [ 34.615230560000043, 0.449672729000038 ], [ 34.615495682000073, 0.450746745000064 ], [ 34.615800858000057, 0.451993138000038 ], [ 34.616250992000062, 0.452841744000065 ], [ 34.61652755700004, 0.454101413000046 ], [ 34.616687775000059, 0.45492351100006 ], [ 34.617034912000065, 0.45561298700006 ], [ 34.61748504600007, 0.456421837000055 ], [ 34.617828369000051, 0.457389787000064 ], [ 34.618267059000061, 0.458264917000067 ], [ 34.619419098000037, 0.459087014000032 ], [ 34.62032318100006, 0.459617376000045 ], [ 34.621383667000032, 0.460094720000025 ], [ 34.622669220000034, 0.460452735000043 ], [ 34.623504639000032, 0.460810751000061 ], [ 34.62438011200004, 0.460916817000049 ], [ 34.625730515000043, 0.461062670000055 ], [ 34.627124786000024, 0.461380899000056 ], [ 34.627078056000073, 0.462501332000048 ], [ 34.626474380000047, 0.463409618000066 ], [ 34.626605988000051, 0.464298010000044 ], [ 34.627293587000054, 0.464740600000033 ], [ 34.628343360000031, 0.464489739000039 ], [ 34.629479819000039, 0.463432907000019 ], [ 34.630359287000033, 0.46248812400006 ], [ 34.630969639000057, 0.461984256000056 ], [ 34.631646493000062, 0.461584765000054 ], [ 34.631618500000059, 0.460545555000072 ], [ 34.631248474000074, 0.459829539000052 ], [ 34.630702972000051, 0.459113523000045 ], [ 34.630268097000055, 0.45806601600004 ], [ 34.63031959500006, 0.457058296000079 ], [ 34.630769730000054, 0.455997527000018 ], [ 34.631465912000067, 0.45465830000007 ], [ 34.632175446000076, 0.453677118000026 ], [ 34.632946014000026, 0.453464955000074 ], [ 34.634033203000065, 0.453305840000035 ], [ 34.635173798000039, 0.453199744000068 ], [ 34.636127472000055, 0.453385383000072 ], [ 34.637321472000053, 0.453332365000046 ], [ 34.638700485000072, 0.453067169000063 ], [ 34.639678955000079, 0.452483743000078 ], [ 34.64054107700008, 0.451887056000025 ], [ 34.641723633000026, 0.451582104000065 ], [ 34.642784119000055, 0.451449484000024 ], [ 34.643913269000052, 0.451435521000062 ], [ 34.644889832000047, 0.451674908000025 ], [ 34.645648956000059, 0.452218562000045 ], [ 34.646282196000072, 0.452881515000055 ], [ 34.647979736000025, 0.454499185000034 ], [ 34.649147034000066, 0.455639511000077 ], [ 34.65028858200003, 0.456554420000039 ], [ 34.651401520000036, 0.456355542000038 ], [ 34.652317047000054, 0.455798626000041 ], [ 34.653125763000048, 0.454817429000052 ], [ 34.654411316000051, 0.454446152000061 ], [ 34.655540466000048, 0.454843938000075 ], [ 34.656414032000043, 0.455215216000059 ], [ 34.657131195000034, 0.455586463000024 ], [ 34.657899857000075, 0.456501380000015 ], [ 34.658481598000044, 0.457708001000078 ], [ 34.658880234000037, 0.458556622000058 ], [ 34.659091949000072, 0.459511310000038 ], [ 34.65930557300004, 0.460386425000031 ], [ 34.659755707000045, 0.461447194000072 ], [ 34.660575867000034, 0.461951077000039 ], [ 34.661424637000039, 0.461884767000078 ], [ 34.662435532000075, 0.461062685000063 ], [ 34.663414001000035, 0.460572064000068 ], [ 34.66452789300007, 0.460572064000076 ], [ 34.665485382000043, 0.460969865000042 ], [ 34.666477203000056, 0.461424768000029 ], [ 34.667339325000057, 0.462083668000052 ], [ 34.668056488000047, 0.462879241000047 ], [ 34.668825150000032, 0.464072585000055 ], [ 34.669050217000063, 0.465318993000041 ], [ 34.669277191000049, 0.466194123000028 ], [ 34.67001915000003, 0.466830581000067 ], [ 34.671051025000054, 0.467360973000045 ], [ 34.671663284000033, 0.468090236000022 ], [ 34.671928406000063, 0.469190791000078 ], [ 34.672166824000044, 0.470384136000058 ], [ 34.672948837000035, 0.471179724000023 ], [ 34.673597336000057, 0.472200707000078 ], [ 34.674606323000035, 0.472823903000063 ], [ 34.67564010600006, 0.472956508000039 ], [ 34.676567078000062, 0.473062575000027 ], [ 34.677789688000075, 0.473221704000027 ], [ 34.678544998000064, 0.473884672000055 ], [ 34.678718567000033, 0.47495868800008 ], [ 34.678691864000029, 0.476191849000031 ], [ 34.678531647000057, 0.477119997000051 ], [ 34.678161621000072, 0.478233814000027 ], [ 34.67789459200003, 0.479241520000071 ], [ 34.677654266000047, 0.480037123000041 ], [ 34.677471161000028, 0.480806172000025 ], [ 34.677297592000059, 0.481919959000032 ], [ 34.676925659000062, 0.482768580000033 ], [ 34.676210403000034, 0.483298957000043 ], [ 34.675800323000033, 0.48417408800004 ], [ 34.676085472000068, 0.485287890000047 ], [ 34.677337646000069, 0.485592857000034 ], [ 34.67843818700004, 0.486096725000047 ], [ 34.679273605000049, 0.486136511000045 ], [ 34.680068970000043, 0.485897824000063 ], [ 34.680988312000068, 0.485623797000078 ], [ 34.681943258000047, 0.485243698000036 ], [ 34.683175564000067, 0.48504589900006 ], [ 34.683224678000045, 0.486454733000079 ], [ 34.683860779000042, 0.487197280000027 ], [ 34.684631348000039, 0.487250298000046 ], [ 34.685947418000069, 0.487115055000056 ], [ 34.687347412000065, 0.487030208000028 ], [ 34.688412545000062, 0.486573754000062 ], [ 34.688578160000077, 0.485690366000025 ], [ 34.68908026400004, 0.485051564000065 ], [ 34.689938030000064, 0.484348270000055 ], [ 34.690933553000036, 0.483531492000058 ], [ 34.691553610000028, 0.482877349000038 ], [ 34.692308690000061, 0.48266176600003 ], [ 34.693414363000045, 0.482403600000056 ], [ 34.694908244000032, 0.482482972000072 ], [ 34.696190066000042, 0.48296996500005 ], [ 34.697244354000077, 0.482920674000062 ], [ 34.698276428000042, 0.482698636000073 ], [ 34.699821280000037, 0.482889549000046 ], [ 34.700738698000066, 0.483290062000044 ], [ 34.701739101000044, 0.483181335000032 ], [ 34.702949908000051, 0.483463845000075 ], [ 34.703963189000035, 0.483410717000034 ], [ 34.704988932000049, 0.483707056000073 ], [ 34.705674849000054, 0.484321399000065 ], [ 34.706393324000032, 0.484996614000074 ], [ 34.70745966700008, 0.485716881000035 ], [ 34.708156432000067, 0.486860217000064 ], [ 34.709350130000075, 0.487330136000034 ], [ 34.710307869000076, 0.487237903000055 ], [ 34.711251833000063, 0.487401386000039 ], [ 34.712114719000056, 0.487256866000045 ], [ 34.712868471000036, 0.487463437000035 ], [ 34.713727297000048, 0.487237365000053 ], [ 34.714486446000024, 0.487082630000034 ], [ 34.71547591500007, 0.48680604000004 ], [ 34.716397248000078, 0.485736867000064 ], [ 34.717091206000077, 0.484704445000031 ], [ 34.718031729000074, 0.484140122000051 ], [ 34.718889773000058, 0.484316420000034 ], [ 34.719982783000034, 0.48445736200005 ], [ 34.721671666000077, 0.484066859000053 ], [ 34.722220681000067, 0.483081445000044 ], [ 34.723106912000048, 0.482451122000049 ], [ 34.72431799900005, 0.482033142000037 ], [ 34.725366854000072, 0.481748581000032 ], [ 34.726168253000026, 0.481713370000026 ], [ 34.727094984000075, 0.481016845000048 ], [ 34.727959301000055, 0.480586952000068 ], [ 34.729151185000035, 0.480622372000029 ], [ 34.73055988200008, 0.48015840100004 ], [ 34.731444838000073, 0.479439059000078 ], [ 34.732291348000047, 0.478764923000032 ], [ 34.733107943000057, 0.478278749000026 ], [ 34.733684174000075, 0.477747673000061 ], [ 34.734336294000059, 0.477271709000031 ], [ 34.735359221000067, 0.477850040000025 ], [ 34.736368225000035, 0.478368604000023 ], [ 34.737274325000044, 0.478726707000028 ], [ 34.738240722000057, 0.47939725800006 ], [ 34.739120533000069, 0.479935195000056 ], [ 34.739933682000071, 0.480187252000071 ] ] ] } },
{ "type": "Feature", "properties": { "Shape_Leng": 0.96941502001000002, "Shape_Area": 0.03317401662, "ADM2_EN": "Shinyalu", "ADM2_PCODE": "KE037209", "ADM2_REF": null, "ADM2ALT1EN": null, "ADM2ALT2EN": null, "ADM1_EN": "Kakamega", "ADM1_PCODE": "KE037", "ADM0_EN": "Kenya", "ADM0_PCODE": "KE", "date": "2017-11-03T00:00:00", "validOn": "2019-10-31T00:00:00", "ValidTo": null }, "geometry": { "type": "Polygon", "coordinates": [ [ [ 34.949582131000057, 0.357750184000057 ], [ 34.948679405000064, 0.354333186000013 ], [ 34.94356106400005, 0.357234825000042 ], [ 34.937075364000066, 0.360831512000063 ], [ 34.937367969000036, 0.357953804000028 ], [ 34.937993176000077, 0.353600088000066 ], [ 34.938196188000063, 0.352187509000033 ], [ 34.93838885100007, 0.350862507000046 ], [ 34.938888749000057, 0.347359396000056 ], [ 34.93930191100003, 0.34446979300003 ], [ 34.939801221000039, 0.341044648000042 ], [ 34.940558965000037, 0.335765282000061 ], [ 34.941167259000053, 0.331438026000063 ], [ 34.941583010000045, 0.328452506000074 ], [ 34.941747295000027, 0.327248428000075 ], [ 34.941992643000049, 0.325927647000065 ], [ 34.942474249000043, 0.323836015000044 ], [ 34.943137647000071, 0.322817139000043 ], [ 34.943957842000032, 0.320953070000022 ], [ 34.945284349000076, 0.317649279000016 ], [ 34.946392192000076, 0.314925103000064 ], [ 34.947297108000043, 0.31269988600008 ], [ 34.947763615000042, 0.311547265000064 ], [ 34.948308361000045, 0.310206620000024 ], [ 34.949296031000074, 0.307846358000066 ], [ 34.94966155700007, 0.306946447000023 ], [ 34.950007612000036, 0.306061 ], [ 34.95099853500006, 0.303567718000072 ], [ 34.952376952000066, 0.300325833000051 ], [ 34.954474997000034, 0.296116813000032 ], [ 34.95638576500005, 0.292230582000051 ], [ 34.958384472000034, 0.288329342000056 ], [ 34.959938899000065, 0.285142715000063 ], [ 34.960361631000069, 0.284245690000035 ], [ 34.960778594000033, 0.283371990000042 ], [ 34.961968372000058, 0.281026725000066 ], [ 34.963076766000036, 0.278539345000077 ], [ 34.96395056700004, 0.276787369000028 ], [ 34.964340765000031, 0.27597115800006 ], [ 34.965084493000063, 0.274345180000073 ], [ 34.965427075000036, 0.273593405000049 ], [ 34.965898296000034, 0.272354138000019 ], [ 34.966902516000061, 0.270530835000042 ], [ 34.967348347000041, 0.269736032000019 ], [ 34.967828258000054, 0.268900662000019 ], [ 34.968973510000069, 0.266872956000035 ], [ 34.969524948000071, 0.265717573000075 ], [ 34.970186425000065, 0.26398737500006 ], [ 34.970474902000042, 0.263251785000021 ], [ 34.970780113000046, 0.262464156000026 ], [ 34.971473407000076, 0.260666026000023 ], [ 34.973040772000047, 0.257385056000031 ], [ 34.973640715000045, 0.256135593000071 ], [ 34.97423139700004, 0.254862515000073 ], [ 34.975775089000024, 0.251535377000032 ], [ 34.977347060000056, 0.248962303000049 ], [ 34.97761300500008, 0.247264341000054 ], [ 34.977742837000051, 0.246446937000022 ], [ 34.977873742000043, 0.245622778000046 ], [ 34.978150604000064, 0.24394001600006 ], [ 34.978474304000031, 0.24191325600004 ], [ 34.97480523400003, 0.241546796000014 ], [ 34.973476355000059, 0.241642826000031 ], [ 34.97205988200006, 0.241556173000044 ], [ 34.968642185000078, 0.24136725400007 ], [ 34.965059079000071, 0.241160271000061 ], [ 34.96242168200007, 0.241062935000065 ], [ 34.961575889000073, 0.241045228000069 ], [ 34.96065010500007, 0.24109775600005 ], [ 34.958764057000053, 0.241385648000067 ], [ 34.95767476900005, 0.241550239000045 ], [ 34.956458042000065, 0.24176292100003 ], [ 34.95474431100007, 0.237625938000068 ], [ 34.952378255000042, 0.231823014000043 ], [ 34.95007507300005, 0.226248366000042 ], [ 34.949776378000024, 0.225516875000033 ], [ 34.947975960000065, 0.221131174000044 ], [ 34.946023836000052, 0.21618549000004 ], [ 34.94557272600008, 0.215053374000031 ], [ 34.945102323000071, 0.213873578000064 ], [ 34.944462745000067, 0.212254908000039 ], [ 34.944171649000054, 0.211506452000037 ], [ 34.943348970000045, 0.209440152000066 ], [ 34.940953036000053, 0.209128047000041 ], [ 34.939775190000034, 0.209139386000063 ], [ 34.938456649000052, 0.209193549000025 ], [ 34.933956346000059, 0.209354209000025 ], [ 34.928973116000066, 0.209613455000069 ], [ 34.92828006600007, 0.207443855000059 ], [ 34.928045201000032, 0.206661322000058 ], [ 34.927770520000024, 0.20578056400006 ], [ 34.926957949000048, 0.203258651000057 ], [ 34.926441358000034, 0.201473633000037 ], [ 34.925667599000064, 0.200349541000034 ], [ 34.924130878000028, 0.200553685000045 ], [ 34.923021458000051, 0.200430759000023 ], [ 34.92212022800004, 0.200541303000019 ], [ 34.921069557000067, 0.200889274000068 ], [ 34.919591654000044, 0.201045792000066 ], [ 34.918272058000071, 0.201280302000037 ], [ 34.917202081000028, 0.200833064000048 ], [ 34.916269991000036, 0.200199620000043 ], [ 34.915501948000042, 0.199711171000049 ], [ 34.914332793000028, 0.199220784000034 ], [ 34.913472861000059, 0.199690420000024 ], [ 34.912336723000067, 0.199069825000042 ], [ 34.911834900000031, 0.19814589500004 ], [ 34.911628696000037, 0.197319650000058 ], [ 34.911077403000036, 0.196773400000038 ], [ 34.910240191000078, 0.196686989000057 ], [ 34.909331079000026, 0.196371823000048 ], [ 34.908299217000035, 0.195838752000035 ], [ 34.907518278000055, 0.196877713000052 ], [ 34.906832593000047, 0.19758836900008 ], [ 34.90593057500007, 0.197613977000067 ], [ 34.90514943900007, 0.196915643000069 ], [ 34.904244530000028, 0.196839927000037 ], [ 34.903301403000057, 0.197577450000036 ], [ 34.902970980000077, 0.198549446000071 ], [ 34.902351602000067, 0.199385535000026 ], [ 34.901696371000071, 0.199900477000035 ], [ 34.901020846000051, 0.200576012000056 ], [ 34.900565907000043, 0.201576821000056 ], [ 34.899618348000047, 0.202067722000037 ], [ 34.899111821000076, 0.202856840000032 ], [ 34.89914026100007, 0.204015541000053 ], [ 34.898140888000057, 0.20425605300005 ], [ 34.897030736000033, 0.20498755300002 ], [ 34.896323582000036, 0.206185625000053 ], [ 34.896970467000074, 0.207541328000049 ], [ 34.896105987000055, 0.207678529000014 ], [ 34.895223731000044, 0.207894483000068 ], [ 34.894344663000027, 0.208140156000078 ], [ 34.893368754000051, 0.208512160000046 ], [ 34.892644006000069, 0.208254415000055 ], [ 34.89190166000003, 0.207816275000033 ], [ 34.891225579000043, 0.206611529000035 ], [ 34.890397519000032, 0.205663465000048 ], [ 34.889469012000063, 0.205968053000043 ], [ 34.888777494000067, 0.206298229000025 ], [ 34.887742599000035, 0.206257250000018 ], [ 34.886874061000071, 0.20557150300004 ], [ 34.887039612000024, 0.204353029000053 ], [ 34.886354701000073, 0.203383257000046 ], [ 34.88507308700008, 0.203081563000061 ], [ 34.885250197000062, 0.202257117000045 ], [ 34.886344762000078, 0.202019835000039 ], [ 34.886963620000074, 0.201463656000046 ], [ 34.887007376000042, 0.200675496000025 ], [ 34.886693144000049, 0.199977858000068 ], [ 34.886158944000044, 0.199191829000029 ], [ 34.885286252000071, 0.198430830000071 ], [ 34.884322267000073, 0.198495478000045 ], [ 34.883608522000031, 0.198904149000047 ], [ 34.882699700000046, 0.199567007000044 ], [ 34.881729005000075, 0.199512161000037 ], [ 34.880784965000032, 0.199308818000026 ], [ 34.879835316000026, 0.199487515000048 ], [ 34.878739500000052, 0.199796418000059 ], [ 34.878182179000078, 0.198750699000071 ], [ 34.877447538000069, 0.199540931000053 ], [ 34.876709352000034, 0.200486269000074 ], [ 34.875820846000067, 0.201063130000023 ], [ 34.874653519000056, 0.201378059000033 ], [ 34.873631294000063, 0.201189186000025 ], [ 34.872805293000056, 0.201397216000024 ], [ 34.87181779000008, 0.200825212000043 ], [ 34.870970329000045, 0.200044410000031 ], [ 34.871268087000033, 0.199209922000017 ], [ 34.871260950000078, 0.198291537000051 ], [ 34.871360711000079, 0.197084744000058 ], [ 34.870878985000047, 0.196404207000056 ], [ 34.869914, 0.196311455000064 ], [ 34.868691570000067, 0.196232776000042 ], [ 34.86759816600005, 0.196101053000055 ], [ 34.866991827000049, 0.196856701000066 ], [ 34.866050579000046, 0.19706765200004 ], [ 34.86585122200006, 0.19789916500003 ], [ 34.86468638100007, 0.198022061000076 ], [ 34.863546988000053, 0.198218312000055 ], [ 34.862852679000071, 0.199003856000049 ], [ 34.86249768600004, 0.199971949000027 ], [ 34.861410399000079, 0.200102644000026 ], [ 34.86041066000007, 0.199102480000029 ], [ 34.860283363000065, 0.198019560000032 ], [ 34.860262713000054, 0.196978409000054 ], [ 34.860096580000061, 0.196228249000051 ], [ 34.859285232000047, 0.195472549000038 ], [ 34.859557007000035, 0.194476310000024 ], [ 34.859991902000047, 0.193714562000017 ], [ 34.858829405000051, 0.193168890000037 ], [ 34.857781498000065, 0.193190830000051 ], [ 34.857014990000039, 0.193590959000065 ], [ 34.856151190000048, 0.193877083000072 ], [ 34.855420965000064, 0.193370981000036 ], [ 34.854869012000051, 0.192745596000069 ], [ 34.854245861000038, 0.192110683000073 ], [ 34.853326476000063, 0.191451368000066 ], [ 34.852453526000033, 0.190891447000071 ], [ 34.851858340000035, 0.190241937000058 ], [ 34.851960600000041, 0.189098750000022 ], [ 34.852142846000049, 0.188229812000027 ], [ 34.852728226000067, 0.187323142000022 ], [ 34.85233134300006, 0.186146719000023 ], [ 34.851258164000058, 0.185621325000048 ], [ 34.85018834300007, 0.185699347000028 ], [ 34.849087991000033, 0.185714090000041 ], [ 34.848220139000034, 0.185198904000055 ], [ 34.847130918000062, 0.185084147000055 ], [ 34.846862713000064, 0.183905798000072 ], [ 34.845971278000036, 0.183606235000072 ], [ 34.844940125000051, 0.183322205000025 ], [ 34.843992370000024, 0.183455555000016 ], [ 34.844082194000066, 0.184414307000049 ], [ 34.843332395000061, 0.185119302000035 ], [ 34.842428571000028, 0.185487847000049 ], [ 34.841635306000057, 0.185690199000017 ], [ 34.840845754000043, 0.18555025200005 ], [ 34.839960795000025, 0.185223193000068 ], [ 34.839217405000056, 0.185492344000067 ], [ 34.838494500000024, 0.185940674000052 ], [ 34.837621624000072, 0.185201983000065 ], [ 34.836789408000072, 0.185242526000024 ], [ 34.835687455000027, 0.185651001000055 ], [ 34.834692847000042, 0.184912313000039 ], [ 34.833668058000057, 0.184650875000052 ], [ 34.832821456000033, 0.18505613400004 ], [ 34.831836887000065, 0.185371715000024 ], [ 34.830749905000062, 0.185460513000065 ], [ 34.829783674000055, 0.185992330000033 ], [ 34.82880312900005, 0.186482308000059 ], [ 34.827856445000066, 0.185940327000018 ], [ 34.826842695000039, 0.186465631000033 ], [ 34.826385265000056, 0.187331024000061 ], [ 34.825455740000052, 0.187850015000045 ], [ 34.824585131000049, 0.187683040000021 ], [ 34.82361820400007, 0.187470824000056 ], [ 34.822376715000075, 0.187433162000042 ], [ 34.821463572000027, 0.187239737000021 ], [ 34.820475400000078, 0.187415504000061 ], [ 34.819424502000061, 0.186995429000034 ], [ 34.818172004000076, 0.187346325000013 ], [ 34.816995848000033, 0.186827349000063 ], [ 34.816170910000039, 0.186332046000073 ], [ 34.815347915000075, 0.185955683000027 ], [ 34.814418740000065, 0.185506414000035 ], [ 34.813676064000049, 0.18481429000002 ], [ 34.812242050000066, 0.185062881000025 ], [ 34.811288383000033, 0.184549431000043 ], [ 34.81080137400005, 0.183618340000062 ], [ 34.810092277000024, 0.183207270000021 ], [ 34.80902999500006, 0.182986233000061 ], [ 34.807909529000028, 0.182696601000024 ], [ 34.80709119100004, 0.183021870000064 ], [ 34.806439103000059, 0.183952387000034 ], [ 34.805189565000042, 0.184100801000055 ], [ 34.804565708000041, 0.183231260000066 ], [ 34.804145314000039, 0.182516672000021 ], [ 34.803406875000064, 0.182177176000032 ], [ 34.802641325000025, 0.182595717000031 ], [ 34.801708814000051, 0.182686575000044 ], [ 34.800877064000076, 0.18172525700004 ], [ 34.799639272000036, 0.181289056000031 ], [ 34.798681998000063, 0.181474858000052 ], [ 34.79789439700005, 0.181484580000075 ], [ 34.797208695000052, 0.181067107000041 ], [ 34.796222700000044, 0.180865639000053 ], [ 34.794941688000051, 0.180985796000072 ], [ 34.794314167000039, 0.179873154000071 ], [ 34.793132112000023, 0.180037855000019 ], [ 34.792337744000065, 0.179737842000062 ], [ 34.791237589000048, 0.179343943000051 ], [ 34.790263765000077, 0.17945627600005 ], [ 34.789255001000072, 0.179645534000038 ], [ 34.78858067200008, 0.180065742000073 ], [ 34.787943315000064, 0.180831715000072 ], [ 34.786951799000065, 0.181307521000066 ], [ 34.786174741000025, 0.181500037000033 ], [ 34.785059901000068, 0.180889125000017 ], [ 34.783618913000055, 0.180125401000052 ], [ 34.78255944700004, 0.179753181000026 ], [ 34.782449515000053, 0.178814524000082 ], [ 34.782035079000032, 0.177828504000053 ], [ 34.78088568700008, 0.177531473000049 ], [ 34.780018440000049, 0.176911632000038 ], [ 34.779137467000055, 0.177166347000031 ], [ 34.778361872000062, 0.176931400000055 ], [ 34.777586006000035, 0.17685741500003 ], [ 34.776883353000073, 0.17715652200007 ], [ 34.776027765000038, 0.17726711700004 ], [ 34.774963949000039, 0.177232664000035 ], [ 34.773773057000028, 0.177395978000045 ], [ 34.772749056000066, 0.177650268000044 ], [ 34.771621439000057, 0.177900049000067 ], [ 34.770586791000028, 0.178687755000051 ], [ 34.770198018000031, 0.179573142000031 ], [ 34.770109672000046, 0.180690220000031 ], [ 34.769916400000064, 0.181677759000026 ], [ 34.769214892000036, 0.18261868900004 ], [ 34.768200412000056, 0.182824886000047 ], [ 34.767346090000046, 0.182917389000073 ], [ 34.766562505000024, 0.183608811000054 ], [ 34.766047800000024, 0.184262346000023 ], [ 34.765475004000052, 0.185163247000056 ], [ 34.764689816000043, 0.185810740000026 ], [ 34.764051754000036, 0.186343439000047 ], [ 34.763598080000065, 0.187016230000044 ], [ 34.76273253800008, 0.187860188000056 ], [ 34.761733518000028, 0.188755971000029 ], [ 34.760928843000045, 0.189064466000046 ], [ 34.759743944000036, 0.18907440100003 ], [ 34.759119252000062, 0.18967840900007 ], [ 34.759111960000041, 0.190814883000037 ], [ 34.75842755900004, 0.191567233000063 ], [ 34.757724077000034, 0.192287302000064 ], [ 34.756749768000084, 0.192905095000071 ], [ 34.755989119000049, 0.193775783000027 ], [ 34.755454962000044, 0.19442758800005 ], [ 34.754792512000051, 0.195031415000078 ], [ 34.753678229000059, 0.19523381500005 ], [ 34.752467492000051, 0.196003768000024 ], [ 34.751213918000076, 0.197010611000055 ], [ 34.750297677000049, 0.19730607300005 ], [ 34.749525342000027, 0.197346752000051 ], [ 34.748421154000027, 0.197292072000042 ], [ 34.747229207000032, 0.197114470000029 ], [ 34.745697815000028, 0.196959095000072 ], [ 34.74464405100008, 0.197597960000052 ], [ 34.744227894000062, 0.19831129600004 ], [ 34.743396680000046, 0.199158142000043 ], [ 34.742521611000036, 0.200031410000068 ], [ 34.742010746000062, 0.200771716000021 ], [ 34.741557166000064, 0.201763705000071 ], [ 34.74014031400003, 0.202007701000062 ], [ 34.738513588000046, 0.201911929000067 ], [ 34.737388409000062, 0.201808353000053 ], [ 34.736495929000057, 0.201845335000028 ], [ 34.736143369000047, 0.202658216000036 ], [ 34.736740483000062, 0.203376221000037 ], [ 34.737648302000025, 0.203620032000054 ], [ 34.738339816000071, 0.204344796000052 ], [ 34.737946300000033, 0.205313489000049 ], [ 34.736619291000075, 0.206275452000059 ], [ 34.735589750000031, 0.207142560000029 ], [ 34.734697493000056, 0.207928388000021 ], [ 34.733828087000063, 0.208605822000038 ], [ 34.733126500000026, 0.209283247000035 ], [ 34.732403837000049, 0.209625088000046 ], [ 34.731290198000067, 0.209852360000072 ], [ 34.730170960000073, 0.21049335600003 ], [ 34.729904290000036, 0.211554244000065 ], [ 34.729689483000072, 0.212587832000053 ], [ 34.729331986000034, 0.213474599000046 ], [ 34.728477633000068, 0.214107183000066 ], [ 34.727774473000068, 0.214839452000027 ], [ 34.727002849000037, 0.215138078000056 ], [ 34.726180690000035, 0.215652577000077 ], [ 34.725196167000036, 0.215912512000052 ], [ 34.724057855000069, 0.215897054000039 ], [ 34.723064844000078, 0.216106562000054 ], [ 34.722053565000067, 0.216538175000039 ], [ 34.721161107000057, 0.216650066000065 ], [ 34.720427937000068, 0.216932077000025 ], [ 34.719661424000037, 0.217314059000045 ], [ 34.71877663600003, 0.217565743000016 ], [ 34.717755479000061, 0.21776114900007 ], [ 34.716729951000048, 0.217688079000033 ], [ 34.71584944500006, 0.217911721000071 ], [ 34.714806630000055, 0.218106766000054 ], [ 34.713964668000074, 0.219003026000045 ], [ 34.714441631000057, 0.219694605000035 ], [ 34.715067911000062, 0.22069926900002 ], [ 34.715463532000058, 0.222009924000024 ], [ 34.715996887000074, 0.223158871000071 ], [ 34.716730359000053, 0.223897055000072 ], [ 34.717372538000063, 0.224390340000066 ], [ 34.71767281800004, 0.225202244000058 ], [ 34.717675044000032, 0.226274841000019 ], [ 34.71753807500005, 0.227415447000054 ], [ 34.717397256000027, 0.228435499000048 ], [ 34.717157267000061, 0.229437018000061 ], [ 34.716555129000028, 0.231073005000041 ], [ 34.715876560000027, 0.232202871000025 ], [ 34.715924603000076, 0.23343916800008 ], [ 34.715512980000028, 0.234438432000041 ], [ 34.714906877000033, 0.235563615000047 ], [ 34.714449515000069, 0.236664054000077 ], [ 34.713878083000054, 0.238953494000042 ], [ 34.713588510000079, 0.23995298200003 ], [ 34.713424736000036, 0.240731938000065 ], [ 34.713241968000034, 0.241770543000029 ], [ 34.713009723000027, 0.243166605000048 ], [ 34.712728227000071, 0.244606327000049 ], [ 34.712438157000065, 0.245717327000027 ], [ 34.712874464000038, 0.247039327000034 ], [ 34.71359827200007, 0.248312298000028 ], [ 34.714577791000067, 0.248436430000025 ], [ 34.714769256000068, 0.249182393000073 ], [ 34.71487718700007, 0.250056805000045 ], [ 34.71556378400004, 0.250851164000044 ], [ 34.716458673000034, 0.251089515000039 ], [ 34.717360285000041, 0.251009094000035 ], [ 34.718322044000047, 0.251400850000044 ], [ 34.718325352000079, 0.252278033000037 ], [ 34.719234463000078, 0.252393647000023 ], [ 34.720062212000073, 0.25258955100003 ], [ 34.72083882700008, 0.25306691800006 ], [ 34.721651691000034, 0.253625403000053 ], [ 34.722644120000041, 0.253994644000038 ], [ 34.723700751000024, 0.254320878000045 ], [ 34.724642048000078, 0.254990329000071 ], [ 34.725567803000047, 0.255341127000063 ], [ 34.72664678700005, 0.255608910000031 ], [ 34.727572191000036, 0.255846083000046 ], [ 34.727480526000079, 0.256753376000058 ], [ 34.726946637000026, 0.257592590000059 ], [ 34.727260983000065, 0.258360198000044 ], [ 34.728545942000039, 0.258018302000039 ], [ 34.729936795000071, 0.257611319000032 ], [ 34.73127379400006, 0.258006542000027 ], [ 34.732206308000059, 0.258608304000062 ], [ 34.733289699000068, 0.258040484000042 ], [ 34.734017330000029, 0.258299075000022 ], [ 34.734366216000069, 0.259266548000031 ], [ 34.734896602000049, 0.258689203000069 ], [ 34.735685430000046, 0.257926058000066 ], [ 34.736590363000062, 0.257306707000061 ], [ 34.736906463000025, 0.256546212000048 ], [ 34.737846691000072, 0.256434462000074 ], [ 34.738815536000061, 0.256385003000049 ], [ 34.739690965000079, 0.25657551300003 ], [ 34.740454541000076, 0.257013115000059 ], [ 34.741338816000052, 0.256839548000078 ], [ 34.742164697000078, 0.257297702000068 ], [ 34.74297535200003, 0.257974942000035 ], [ 34.744061583000075, 0.258553655000077 ], [ 34.744979862000037, 0.258331236000059 ], [ 34.74581986100003, 0.25753686400003 ], [ 34.746249801000033, 0.256649802000033 ], [ 34.746973517000072, 0.256226504000035 ], [ 34.748073032000036, 0.25636254500006 ], [ 34.748805428000026, 0.25660125000008 ], [ 34.749025828000072, 0.257404251000019 ], [ 34.749668649000057, 0.258065436000038 ], [ 34.75078336100006, 0.25779203800004 ], [ 34.75162913500003, 0.257355080000022 ], [ 34.752608536000025, 0.257754129000034 ], [ 34.753245607000053, 0.258228652000067 ], [ 34.754138218000037, 0.258539944000069 ], [ 34.755387350000035, 0.258011280000056 ], [ 34.756570621000037, 0.257066125000045 ], [ 34.756764671000042, 0.255952670000064 ], [ 34.757325217000073, 0.254814474000049 ], [ 34.758461545000046, 0.254119148000034 ], [ 34.759051112000066, 0.25319922300003 ], [ 34.760079246000032, 0.252338710000069 ], [ 34.761007231000065, 0.252436212000024 ], [ 34.762020937000045, 0.251999881000068 ], [ 34.762743599000032, 0.253046044000026 ], [ 34.763566682000032, 0.253923259000024 ], [ 34.764171371000032, 0.254666368000076 ], [ 34.764756989000034, 0.255413704000028 ], [ 34.765508444000034, 0.255566345000036 ], [ 34.766308517000027, 0.255612897000046 ], [ 34.767066689000046, 0.256046324000069 ], [ 34.768043162000026, 0.255990961000064 ], [ 34.767536337000024, 0.256702300000023 ], [ 34.767697143000078, 0.257825689000068 ], [ 34.768508197000074, 0.258126342000023 ], [ 34.769552072000067, 0.258173554000059 ], [ 34.770699663000073, 0.257761039000066 ], [ 34.771913168000026, 0.258134679000023 ], [ 34.773091801000078, 0.258066772000059 ], [ 34.773547723000036, 0.258768167000035 ], [ 34.773353333000045, 0.259734840000014 ], [ 34.773109323000028, 0.260484730000033 ], [ 34.772372287000053, 0.26110829200008 ], [ 34.772883112000045, 0.262290281000054 ], [ 34.773620369000071, 0.263160182000037 ], [ 34.773485581000045, 0.26413975400004 ], [ 34.773271867000062, 0.265246890000065 ], [ 34.774279677000038, 0.265683652000063 ], [ 34.774562317000061, 0.267145679000074 ], [ 34.775101543000062, 0.268005351000053 ], [ 34.775710672000059, 0.268677877000076 ], [ 34.775319202000048, 0.269619591000045 ], [ 34.775300945000026, 0.270831966000065 ], [ 34.775423457000045, 0.271736477000048 ], [ 34.775302511000064, 0.272824243000056 ], [ 34.77527301300006, 0.274328687000041 ], [ 34.775402603000032, 0.275803389000038 ], [ 34.775457645000081, 0.277222905000031 ], [ 34.775322390000042, 0.278274739000046 ], [ 34.775708405000046, 0.279135843000057 ], [ 34.77622947000004, 0.278414883000043 ], [ 34.776905956000064, 0.278023475000061 ], [ 34.777243653000028, 0.278863405000039 ], [ 34.777305120000051, 0.279672398000067 ], [ 34.777059259000055, 0.280792332000033 ], [ 34.776575985000079, 0.282142303000049 ], [ 34.776960095000057, 0.283007400000039 ], [ 34.777707031000034, 0.282695899000032 ], [ 34.778679884000042, 0.282109469000028 ], [ 34.779034058000036, 0.283367045000039 ], [ 34.779560824000043, 0.282724935000036 ], [ 34.780171024000026, 0.282044735000058 ], [ 34.78141067100006, 0.281867175000054 ], [ 34.782385465000061, 0.281204913000061 ], [ 34.78285504400003, 0.281830222000049 ], [ 34.782953341000052, 0.28277272800006 ], [ 34.78374909300004, 0.283265184000064 ], [ 34.78429103600007, 0.284223981000028 ], [ 34.785379153000065, 0.28359349400005 ], [ 34.78609726600007, 0.284276534000077 ], [ 34.786744431000045, 0.28520623900004 ], [ 34.787364619000073, 0.286291882000061 ], [ 34.787448687000051, 0.287311029000022 ], [ 34.78728422000006, 0.288150952000023 ], [ 34.788187325000024, 0.288917278000044 ], [ 34.789206974000024, 0.289573182000033 ], [ 34.789649091000058, 0.290428044000061 ], [ 34.790347247000057, 0.291268904000047 ], [ 34.791207531000055, 0.29222089200004 ], [ 34.791705405000073, 0.292881556000062 ], [ 34.792170273000067, 0.293888749000078 ], [ 34.792169155000067, 0.294926652000078 ], [ 34.792024329000071, 0.295740419000027 ], [ 34.792751344000067, 0.296438380000039 ], [ 34.793165864000059, 0.297581961000041 ], [ 34.793410868000024, 0.29839818000005 ], [ 34.793319207000025, 0.299334478000043 ], [ 34.793604190000053, 0.300521225000069 ], [ 34.793943832000025, 0.301618964000048 ], [ 34.794374522000055, 0.302575704000046 ], [ 34.794707503000041, 0.303771521000047 ], [ 34.794714820000024, 0.304885707000045 ], [ 34.794652406000068, 0.305846203000049 ], [ 34.794562514000063, 0.306705484000023 ], [ 34.794921208000062, 0.307667537000036 ], [ 34.795185502000038, 0.308665121000042 ], [ 34.794827026000064, 0.309894814000082 ], [ 34.793800270000077, 0.310972537000062 ], [ 34.792763236000042, 0.312047227000047 ], [ 34.791699785000048, 0.312898595000043 ], [ 34.790951367000048, 0.31393633200003 ], [ 34.79110410100003, 0.315009862000059 ], [ 34.791283504000035, 0.315866468000029 ], [ 34.791486560000067, 0.316750594000045 ], [ 34.79175297200004, 0.317888801000039 ], [ 34.791108505000068, 0.318991865000046 ], [ 34.790524124000058, 0.320157852000019 ], [ 34.789597851000053, 0.321135926000062 ], [ 34.788278311000056, 0.321654001000069 ], [ 34.787155946000041, 0.321765034000072 ], [ 34.786402043000066, 0.322256250000062 ], [ 34.785886348000076, 0.323607116000063 ], [ 34.785846785000047, 0.324751969000029 ], [ 34.785714056000074, 0.325689699000062 ], [ 34.786383605000026, 0.326534105000059 ], [ 34.787146602000064, 0.327358810000023 ], [ 34.788031661000048, 0.328183541000039 ], [ 34.788977740000064, 0.328947145000033 ], [ 34.789424122000071, 0.329619164000065 ], [ 34.789729392000027, 0.330428608000037 ], [ 34.79035509300008, 0.331390795000069 ], [ 34.791556894000053, 0.33322782000004 ], [ 34.791995647000078, 0.333895921000015 ], [ 34.792419180000032, 0.334824704000035 ], [ 34.793222252000078, 0.335803964000032 ], [ 34.794585963000031, 0.33627336100006 ], [ 34.795900496000058, 0.336034987000061 ], [ 34.796740607000061, 0.335982297000046 ], [ 34.797953454000037, 0.335903850000022 ], [ 34.800028250000025, 0.33571961400002 ], [ 34.80143178600008, 0.335588286000072 ], [ 34.803373177000026, 0.335701430000021 ], [ 34.804490756000064, 0.335901076000021 ], [ 34.805909721000035, 0.336350155000052 ], [ 34.807187573000078, 0.336829729000044 ], [ 34.80809160900003, 0.33717583800006 ], [ 34.809388476000038, 0.337465658000046 ], [ 34.810982831000047, 0.33772804400007 ], [ 34.812397877000024, 0.337824466000022 ], [ 34.814816027000063, 0.337942293000033 ], [ 34.81635695500006, 0.338101295000051 ], [ 34.817527983000048, 0.338473050000058 ], [ 34.81835195900004, 0.338944871000032 ], [ 34.81937055700007, 0.339766893000052 ], [ 34.820330083000044, 0.340743879000053 ], [ 34.820889114000067, 0.341658151000051 ], [ 34.821846658000027, 0.342382453000027 ], [ 34.822540987000025, 0.342955761000034 ], [ 34.823544242000025, 0.343486581000041 ], [ 34.824606694000067, 0.344282851000062 ], [ 34.825490095000077, 0.345786976000054 ], [ 34.826493472000038, 0.346730714000051 ], [ 34.827615016000038, 0.347438497000034 ], [ 34.828911972000071, 0.348028282000027 ], [ 34.830151612000066, 0.348264162000021 ], [ 34.831273104000047, 0.348794977000066 ], [ 34.832158176000064, 0.349502773000041 ], [ 34.833005127000035, 0.350276792000043 ], [ 34.833783407000055, 0.350991806000024 ], [ 34.834435823000035, 0.351706828000041 ], [ 34.834695545000045, 0.352941927000076 ], [ 34.834825550000062, 0.354047035000067 ], [ 34.834955613000034, 0.35534714300007 ], [ 34.835865537000075, 0.356257179000062 ], [ 34.836937298000066, 0.356289620000043 ], [ 34.838140721000066, 0.356582082000039 ], [ 34.838789246000033, 0.357037105000068 ], [ 34.839636112000051, 0.357524586000071 ], [ 34.840742200000079, 0.357557025000069 ], [ 34.841261085000042, 0.358142054000043 ], [ 34.841585512000051, 0.358922093000053 ], [ 34.84184517500006, 0.359962194000042 ], [ 34.84243271400004, 0.360547218000022 ], [ 34.843512265000072, 0.361124409000077 ], [ 34.844217977000028, 0.361498811000048 ], [ 34.845072524000045, 0.362164409000054 ], [ 34.845736393000038, 0.362913255000025 ], [ 34.846651940000072, 0.363495639000066 ], [ 34.847777045000043, 0.363349961000037 ], [ 34.848898410000061, 0.363453911000016 ], [ 34.849855808000029, 0.363682684000026 ], [ 34.849980060000064, 0.364681173000066 ], [ 34.849211705000073, 0.365284467000036 ], [ 34.848399512000071, 0.365970988000069 ], [ 34.848609595000028, 0.367011062000069 ], [ 34.849670077000042, 0.367593469000035 ], [ 34.850711395000076, 0.367863841000024 ], [ 34.851436239000066, 0.368446236000066 ], [ 34.852372869000078, 0.369382274000032 ], [ 34.853374263000035, 0.370068680000038 ], [ 34.854079950000028, 0.370359873000039 ], [ 34.854871473000067, 0.370713469000067 ], [ 34.855951796000056, 0.370679256000067 ], [ 34.857047257000033, 0.370242307000069 ], [ 34.857676367000067, 0.369536364000051 ], [ 34.858445655000025, 0.368860943000075 ], [ 34.859361881000041, 0.368515479000048 ], [ 34.860204744000043, 0.368365206000023 ], [ 34.861017054000058, 0.368077317000027 ], [ 34.861939926000048, 0.367633928000039 ], [ 34.862952345000053, 0.366908302000068 ], [ 34.863987832000078, 0.366806454000022 ], [ 34.865145038000037, 0.36687137200005 ], [ 34.866500512000073, 0.366724871000025 ], [ 34.867393671000059, 0.366404690000024 ], [ 34.868240374000038, 0.366340859000039 ], [ 34.869375708000064, 0.366390549000069 ], [ 34.870277147000024, 0.366556179000049 ], [ 34.871473700000024, 0.366725453000065 ], [ 34.872552662000032, 0.366709387000077 ], [ 34.873376098000051, 0.366642358000041 ], [ 34.874281224000072, 0.366808695000032 ], [ 34.875263305000033, 0.367102224000062 ], [ 34.87533086600007, 0.368568529000076 ], [ 34.874875904000078, 0.369616193000076 ], [ 34.874694225000042, 0.370466565000074 ], [ 34.874192673000039, 0.371098909000071 ], [ 34.874382255000064, 0.371964288000078 ], [ 34.873976342000049, 0.372783403000025 ], [ 34.874202860000025, 0.373761073000033 ], [ 34.873890957000079, 0.37509821700007 ], [ 34.873871888000053, 0.37617724600005 ], [ 34.874357966000048, 0.377062792000061 ], [ 34.875606005000066, 0.377831562000031 ], [ 34.876556428000072, 0.378428446000048 ], [ 34.877343512000039, 0.378971486000069 ], [ 34.877728680000075, 0.379869379000065 ], [ 34.879016685000074, 0.380134491000028 ], [ 34.879901656000072, 0.38065275300005 ], [ 34.880031814000063, 0.381416576000043 ], [ 34.880917692000025, 0.382269090000025 ], [ 34.881915549000041, 0.383032579000029 ], [ 34.883367225000029, 0.383215091000069 ], [ 34.884255325000026, 0.382519962000062 ], [ 34.88519212500006, 0.382317467000064 ], [ 34.886150034000025, 0.38261673600004 ], [ 34.88696125000007, 0.382005667000041 ], [ 34.887665412000047, 0.382512377000076 ], [ 34.888810548000038, 0.382389131000022 ], [ 34.88959013300007, 0.381992127000045 ], [ 34.890129863000027, 0.381207440000018 ], [ 34.890966667000043, 0.381203692000044 ], [ 34.891854807000072, 0.381325364000015 ], [ 34.892721579000067, 0.381412709000081 ], [ 34.893582268000046, 0.381841802000061 ], [ 34.894351769000025, 0.382471658000051 ], [ 34.895175351000034, 0.382684062000073 ], [ 34.895373986000038, 0.383708599000047 ], [ 34.896263456000042, 0.38370581500004 ], [ 34.897105450000033, 0.38394805500008 ], [ 34.89768261100005, 0.384750805000071 ], [ 34.89836636800004, 0.385200645000059 ], [ 34.898698954000054, 0.38605860000007 ], [ 34.899083156000074, 0.386913602000045 ], [ 34.899787963000051, 0.387451304000019 ], [ 34.900139097000078, 0.38826078200004 ], [ 34.900815366000074, 0.389027288000021 ], [ 34.901827063000042, 0.389441485000028 ], [ 34.902855897000052, 0.389053085000049 ], [ 34.903871802000026, 0.389723972000075 ], [ 34.904313959000035, 0.390896947000041 ], [ 34.904755323000074, 0.391708346000029 ], [ 34.905343626000047, 0.392297608000033 ], [ 34.905589420000069, 0.393188495000058 ], [ 34.905928209000024, 0.394402785000068 ], [ 34.906252775000041, 0.39574724600004 ], [ 34.907363202000056, 0.396267210000078 ], [ 34.907925865000038, 0.397208332000047 ], [ 34.908638217000032, 0.398323642000034 ], [ 34.909936992000041, 0.398616940000062 ], [ 34.911186325000074, 0.398850099000065 ], [ 34.912003291000076, 0.398876351000073 ], [ 34.912874524000074, 0.398851163000079 ], [ 34.913823682000043, 0.398444383000025 ], [ 34.914861353000049, 0.397845660000026 ], [ 34.916159841000024, 0.397170393000073 ], [ 34.917433011000071, 0.397315299000065 ], [ 34.918769483000062, 0.397534288000035 ], [ 34.919886322000025, 0.397647434000016 ], [ 34.92027674600007, 0.398480833000066 ], [ 34.921067641000036, 0.398966581000029 ], [ 34.921943432000035, 0.399381760000037 ], [ 34.921985434000078, 0.400155859000045 ], [ 34.922892177000051, 0.400203055000018 ], [ 34.924113342000055, 0.399869808000055 ], [ 34.925389064000058, 0.400006671000025 ], [ 34.926547499000037, 0.399948062000015 ], [ 34.927423984000029, 0.399212152000082 ], [ 34.928535005000072, 0.398654715000013 ], [ 34.929470222000077, 0.397579388000059 ], [ 34.929870841000024, 0.396587632000043 ], [ 34.930374608000079, 0.395491413000059 ], [ 34.931354992000024, 0.394774445000058 ], [ 34.931847448000042, 0.393690559000046 ], [ 34.932825193000042, 0.393297534000053 ], [ 34.933659299000055, 0.392553135000069 ], [ 34.934295032000087, 0.39145426500005 ], [ 34.935054760000071, 0.390911963000062 ], [ 34.935806283000034, 0.391427338000032 ], [ 34.936954200000059, 0.391036233000026 ], [ 34.937903694000056, 0.390335866000038 ], [ 34.938530486000047, 0.389525231000045 ], [ 34.938225125000031, 0.388730605000027 ], [ 34.937416871000039, 0.388545079000038 ], [ 34.937099418000059, 0.387701473000049 ], [ 34.937358665000033, 0.386793229000027 ], [ 34.938430280000034, 0.385797677000034 ], [ 34.939343269000062, 0.385086105000035 ], [ 34.939537261000055, 0.383909136000063 ], [ 34.939499612000077, 0.382990289000025 ], [ 34.940170040000055, 0.381741772000059 ], [ 34.940648603000056, 0.380707756000045 ], [ 34.941087795000044, 0.379275850000048 ], [ 34.941093717000058, 0.378113227000031 ], [ 34.940535318000059, 0.37718461600002 ], [ 34.94035122400004, 0.375891400000053 ], [ 34.940644366000072, 0.375136935000065 ], [ 34.940956338000035, 0.37442969100005 ], [ 34.941255098000056, 0.373543316000045 ], [ 34.941949818000069, 0.372860290000054 ], [ 34.942578993000041, 0.372370197000065 ], [ 34.94283069200003, 0.371627982000066 ], [ 34.942814234000025, 0.370788052000017 ], [ 34.94329459800008, 0.370087672000065 ], [ 34.944299193000063, 0.369414584000018 ], [ 34.945165641000074, 0.368766741000057 ], [ 34.945208517000026, 0.367587219000026 ], [ 34.945003224000061, 0.365542035000038 ], [ 34.944477690000042, 0.364833476000058 ], [ 34.944083534000072, 0.363850641000048 ], [ 34.944359173000066, 0.363023140000058 ], [ 34.944974341000034, 0.362457585000073 ], [ 34.944595896000067, 0.360865784000058 ], [ 34.944772864000072, 0.359882979000017 ], [ 34.945743880000066, 0.359413618000073 ], [ 34.946611414000074, 0.358851923000037 ], [ 34.947433170000068, 0.358266366000063 ], [ 34.948528740000029, 0.357742179000073 ], [ 34.949582131000057, 0.357750184000057 ] ] ] } }
]
}
