{
"type": "FeatureCollection",
"name": "KakamegaCounty",
"crs": { "type": "name", "properties": { "name": "urn:ogc:def:crs:OGC:1.3:CRS84" } },
"features": [
{ "type": "Feature", "properties": { "Shape_Leng": 4.1253039229299997, "Shape_Area": 0.24438141009, "ADM1_EN": "Kakamega", "ADM1_PCODE": "KE037", "ADM1_REF": null, "ADM1ALT1EN": null, "ADM1ALT2EN": null, "ADM0_EN": "Kenya", "ADM0_PCODE": "KE", "date": "2017-11-03T00:00:00", "validOn": "2019-10-31T00:00:00", "validTo": null }, "geometry": { "type": "Polygon", "coordinates": [ [ [ 35.056353260000037, 0.900353555000032 ], [ 35.05720559100007, 0.900065477000057 ], [ 35.057971962000067, 0.899760883000055 ], [ 35.059064994000039, 0.900004242000027 ], [ 35.059733608000045, 0.899420040000058 ], [ 35.060512398000071, 0.898703506000068 ], [ 35.061248536000051, 0.89844760200003 ], [ 35.062267170000041, 0.898207815000039 ], [ 35.063429058000054, 0.898239401000061 ], [ 35.064476004000028, 0.898459939000017 ], [ 35.065599062000047, 0.898676082000066 ], [ 35.066807213000061, 0.899085839000071 ], [ 35.067953646000035, 0.898014080000052 ], [ 35.068882968000025, 0.89744472800004 ], [ 35.069323115000032, 0.898119359000027 ], [ 35.070000578000077, 0.898622674000028 ], [ 35.070802730000025, 0.899341763000055 ], [ 35.071731105000026, 0.899621871000015 ], [ 35.072815559000048, 0.900253756000036 ], [ 35.073870304000025, 0.900329557000015 ], [ 35.074854954000045, 0.900004061000063 ], [ 35.075875117000066, 0.899422587000056 ], [ 35.07695622600005, 0.898956912000077 ], [ 35.077983750000044, 0.898615596000065 ], [ 35.078279655000074, 0.897863689000073 ], [ 35.078974321000032, 0.897523080000047 ], [ 35.079506611000056, 0.89655166800003 ], [ 35.080473227000027, 0.896612489000062 ], [ 35.080315266000071, 0.895344789000038 ], [ 35.081222045000061, 0.89514087900006 ], [ 35.08212829100006, 0.895030451000029 ], [ 35.082629299000082, 0.894154242000073 ], [ 35.081697721000069, 0.893718998000055 ], [ 35.081999678000045, 0.892633506000037 ], [ 35.081165187000067, 0.892310879000028 ], [ 35.080862333000027, 0.891592480000047 ], [ 35.080831999000054, 0.890820160000026 ], [ 35.081829615000061, 0.891035851000027 ], [ 35.081927940000071, 0.890278860000016 ], [ 35.081190233000029, 0.889381576000059 ], [ 35.081600989000037, 0.888527878000043 ], [ 35.082412077000072, 0.887608982000074 ], [ 35.083661301000063, 0.887978184000072 ], [ 35.08423706800005, 0.887049394000027 ], [ 35.084661277000066, 0.886092349000022 ], [ 35.084172526000032, 0.885125144000034 ], [ 35.085040245000073, 0.884268557000044 ], [ 35.086175590000039, 0.884766887000065 ], [ 35.08713066200005, 0.883912782000033 ], [ 35.086992104000046, 0.883068396000053 ], [ 35.086227334000057, 0.883061546000026 ], [ 35.086254985000039, 0.882265172000069 ], [ 35.087033204000079, 0.881830084000051 ], [ 35.087976806000029, 0.881272222000067 ], [ 35.088703483000074, 0.881670371000047 ], [ 35.088686831000075, 0.882558821000034 ], [ 35.089623751000033, 0.882334773000021 ], [ 35.090379908000045, 0.882888462000036 ], [ 35.091133180000043, 0.882573348000052 ], [ 35.091919172000075, 0.882204962000059 ], [ 35.092699730000049, 0.882302628000049 ], [ 35.092371347000039, 0.881376830000025 ], [ 35.093130478000035, 0.881125317000056 ], [ 35.093639394000043, 0.880326125000072 ], [ 35.094375178000064, 0.880757733000056 ], [ 35.09537339700006, 0.88034025100007 ], [ 35.096160002000033, 0.880195886000028 ], [ 35.097091052000053, 0.88022313200003 ], [ 35.097407837000048, 0.879330656000034 ], [ 35.098571864000064, 0.879349428000065 ], [ 35.09809574600007, 0.877941681000031 ], [ 35.098868779000043, 0.877102610000067 ], [ 35.099625877000051, 0.87657958200004 ], [ 35.100486097000044, 0.876499340000073 ], [ 35.100977904000047, 0.875721257000061 ], [ 35.102039341000079, 0.875381912000015 ], [ 35.10282649800007, 0.876009529000035 ], [ 35.103489965000051, 0.876760673000041 ], [ 35.104003686000055, 0.875937590000027 ], [ 35.104782604000036, 0.876067076000021 ], [ 35.105258239000079, 0.877138206000048 ], [ 35.10610420200004, 0.877040170000047 ], [ 35.106148719000032, 0.877863175000071 ], [ 35.107013260000031, 0.878233683000068 ], [ 35.108119076000037, 0.878099850000071 ], [ 35.108755275000085, 0.878950411000064 ], [ 35.10888361800005, 0.880162845000024 ], [ 35.10898260700003, 0.881227756000049 ], [ 35.109797379000042, 0.881632380000041 ], [ 35.110537259000068, 0.882008560000029 ], [ 35.111484334000068, 0.882057920000029 ], [ 35.111889394000059, 0.88300116000005 ], [ 35.112317326000039, 0.882170481000058 ], [ 35.113014948000064, 0.882576420000026 ], [ 35.113724617000059, 0.882973972000065 ], [ 35.11609330400006, 0.85349670400007 ], [ 35.116180212000074, 0.85227506000006 ], [ 35.116656798000065, 0.850840949000023 ], [ 35.117190528000037, 0.848928745000026 ], [ 35.12525501500005, 0.821110089000061 ], [ 35.125251702000071, 0.822235328000036 ], [ 35.125510638000037, 0.823120629000076 ], [ 35.12551998400005, 0.823986283000074 ], [ 35.125548116000061, 0.825060306000069 ], [ 35.125212619000024, 0.826199388000019 ], [ 35.125267123000071, 0.827211763000041 ], [ 35.125748811000051, 0.828038427000029 ], [ 35.12587783400005, 0.82924541800002 ], [ 35.126908937000053, 0.829164774000051 ], [ 35.127951233000033, 0.829319227000035 ], [ 35.128681290000031, 0.829813643000028 ], [ 35.128996761000053, 0.830754373000046 ], [ 35.130325885000047, 0.831107922000064 ], [ 35.131401934000053, 0.83158069400002 ], [ 35.132113583000034, 0.831277270000044 ], [ 35.132896874000039, 0.830982776000045 ], [ 35.133946298000069, 0.830641944000038 ], [ 35.134777630000031, 0.830482467000025 ], [ 35.135483968000074, 0.830874838000051 ], [ 35.136405937000063, 0.830877579000058 ], [ 35.137680128000056, 0.830731448000049 ], [ 35.138751941000066, 0.830295135000037 ], [ 35.139569990000041, 0.830295073000052 ], [ 35.140243114000043, 0.829739698000018 ], [ 35.141104220000045, 0.829514694000064 ], [ 35.141990658000054, 0.829387785000059 ], [ 35.14307012200004, 0.829696326000027 ], [ 35.143966061000071, 0.828977787000048 ], [ 35.144796658000075, 0.828453301000018 ], [ 35.144315075000065, 0.749175302000021 ], [ 35.144416057000058, 0.740929895000027 ], [ 35.145690943000034, 0.740976194000049 ], [ 35.146794362000037, 0.740881606000075 ], [ 35.147870699000066, 0.741533877000044 ], [ 35.148814509000033, 0.741472756000057 ], [ 35.149654007000038, 0.74107041700006 ], [ 35.150439891000076, 0.740759540000048 ], [ 35.151530252000043, 0.741281258000066 ], [ 35.152450246000058, 0.741371820000043 ], [ 35.153499957000065, 0.741751687000038 ], [ 35.154595535000055, 0.741784585000068 ], [ 35.155378964000079, 0.741432709000043 ], [ 35.155140765000056, 0.700874941000047 ], [ 35.155169758000056, 0.698741754000031 ], [ 35.155252854000025, 0.685047113000052 ], [ 35.155020719000049, 0.675822149000055 ], [ 35.154072672000048, 0.674651905000073 ], [ 35.153569066000045, 0.673922353000027 ], [ 35.153246628000034, 0.673095521000046 ], [ 35.153023353000037, 0.672190841000025 ], [ 35.152750455000046, 0.671042974000038 ], [ 35.152263989000062, 0.670148078000067 ], [ 35.15153816000003, 0.669180156000043 ], [ 35.153392479000047, 0.666315322000065 ], [ 35.154610854000055, 0.66519978900004 ], [ 35.15489006100006, 0.663777531000044 ], [ 35.15489578200004, 0.662673444000063 ], [ 35.154190064000034, 0.661861181000056 ], [ 35.153314591000026, 0.661433190000025 ], [ 35.152101015000028, 0.661499594000013 ], [ 35.150707245000035, 0.661034361000017 ], [ 35.149696350000056, 0.660635502000052 ], [ 35.14870262200003, 0.660431236000027 ], [ 35.147846222000055, 0.66037285300007 ], [ 35.146776199000044, 0.660353422000074 ], [ 35.145726268000033, 0.660477811000027 ], [ 35.14481311600008, 0.660751307000054 ], [ 35.143961410000031, 0.661025814000024 ], [ 35.142982308000057, 0.661393424000031 ], [ 35.142261442000063, 0.661743623000062 ], [ 35.141307503000064, 0.661978364000047 ], [ 35.140453339000032, 0.661296994000056 ], [ 35.139520646000051, 0.660596609000039 ], [ 35.138509750000026, 0.660081029000021 ], [ 35.137554169000055, 0.659400105000034 ], [ 35.136680603000066, 0.659011006000067 ], [ 35.135798136000062, 0.658446809000046 ], [ 35.135166168000069, 0.657606351000029 ], [ 35.134619395000072, 0.656825562000045 ], [ 35.133909226000071, 0.656199724000031 ], [ 35.132794380000064, 0.655907900000039 ], [ 35.131641214000069, 0.655620391000062 ], [ 35.130888299000048, 0.656018336000038 ], [ 35.129801375000056, 0.655417074000074 ], [ 35.128744853000057, 0.655708547000081 ], [ 35.127527491000023, 0.655177025000058 ], [ 35.126297610000051, 0.655501499000018 ], [ 35.125006358000064, 0.655327499000061 ], [ 35.12398147600004, 0.654711411000043 ], [ 35.123276710000027, 0.653840810000014 ], [ 35.122260730000058, 0.653174460000055 ], [ 35.121567973000026, 0.652166812000083 ], [ 35.120664978000036, 0.651664734000063 ], [ 35.120260239000061, 0.650732845000055 ], [ 35.119592571000055, 0.650128659000079 ], [ 35.118685592000077, 0.650275037000029 ], [ 35.117641449000075, 0.650263953000028 ], [ 35.117220878000069, 0.649239630000067 ], [ 35.11685466800003, 0.648135558000041 ], [ 35.116334915000039, 0.647264928000021 ], [ 35.116369248000069, 0.646277607000063 ], [ 35.116608302000031, 0.645171881000064 ], [ 35.11663945500004, 0.643547371000069 ], [ 35.115988512000058, 0.642435148000057 ], [ 35.114810351000074, 0.642726789000045 ], [ 35.113707705000024, 0.643036867000031 ], [ 35.112757814000076, 0.642800040000047 ], [ 35.11174047600008, 0.643198481000069 ], [ 35.11073272200008, 0.643594466000022 ], [ 35.109681516000087, 0.644306067000062 ], [ 35.108675240000025, 0.644876793000037 ], [ 35.107887651000055, 0.645421575000059 ], [ 35.107185920000063, 0.646199783000044 ], [ 35.106481512000073, 0.647014336000032 ], [ 35.105788137000047, 0.647464350000071 ], [ 35.104863372000068, 0.647735758000066 ], [ 35.103791354000066, 0.64776604400004 ], [ 35.102913597000054, 0.646875971000047 ], [ 35.101962110000045, 0.646088063000042 ], [ 35.101388851000031, 0.645086118000047 ], [ 35.10072692600005, 0.644200926000055 ], [ 35.099780579000026, 0.64378104000003 ], [ 35.099493344000052, 0.642838100000059 ], [ 35.099189392000028, 0.641910093000041 ], [ 35.098619371000041, 0.641310244000075 ], [ 35.098035694000032, 0.640791437000068 ], [ 35.097276555000064, 0.64026619900006 ], [ 35.096661085000051, 0.639702004000078 ], [ 35.096477112000059, 0.638892662000054 ], [ 35.096314654000025, 0.637839162000035 ], [ 35.095756721000043, 0.637299289000059 ], [ 35.095026211000061, 0.636915065000042 ], [ 35.094220877000055, 0.636114484000073 ], [ 35.093441204000044, 0.636025027000074 ], [ 35.092575332000024, 0.635971540000074 ], [ 35.09160262000006, 0.635668401000039 ], [ 35.090998883000054, 0.634916127000054 ], [ 35.089956758000028, 0.633807204000054 ], [ 35.089507404000074, 0.632387001000034 ], [ 35.08843994700004, 0.631939551000069 ], [ 35.087673167000048, 0.631329956000066 ], [ 35.08700940500006, 0.630921422000024 ], [ 35.086148109000078, 0.630339761000077 ], [ 35.085336809000069, 0.630986328000066 ], [ 35.084603001000062, 0.63143819000004 ], [ 35.08361870300007, 0.631727386000021 ], [ 35.082443663000049, 0.631399813000036 ], [ 35.081291691000047, 0.631200451000046 ], [ 35.08048683100003, 0.631025374000051 ], [ 35.079361778000077, 0.630598767000033 ], [ 35.078258008000034, 0.631108472000049 ], [ 35.077368884000066, 0.63104089400003 ], [ 35.076557646000026, 0.631343686000032 ], [ 35.075459552000041, 0.63152647200007 ], [ 35.074197582000068, 0.631215215000055 ], [ 35.072848424000028, 0.63027655200006 ], [ 35.071555311000054, 0.630013923000035 ], [ 35.070573085000035, 0.629858321000023 ], [ 35.069529984000042, 0.630012215000026 ], [ 35.069283078000069, 0.631254277000032 ], [ 35.069156387000078, 0.632188128000059 ], [ 35.068372621000037, 0.632786390000032 ], [ 35.06748011600007, 0.633185263000038 ], [ 35.066476986000062, 0.633535470000026 ], [ 35.065596111000048, 0.633735237000047 ], [ 35.064497431000063, 0.633935887000064 ], [ 35.063586851000025, 0.634137095000029 ], [ 35.062780951000036, 0.634206813000052 ], [ 35.061698917000058, 0.634065773000024 ], [ 35.061443852000025, 0.633131918000062 ], [ 35.060804357000052, 0.632591612000049 ], [ 35.059775026000068, 0.632900145000059 ], [ 35.058906562000061, 0.632511047000044 ], [ 35.058067317000059, 0.632174763000016 ], [ 35.056979014000035, 0.632552769000021 ], [ 35.055604911000046, 0.632577304000047 ], [ 35.05463592600006, 0.632901431000054 ], [ 35.053765459000033, 0.632968762000079 ], [ 35.052477465000038, 0.636838587000057 ], [ 35.049204597000028, 0.637464150000027 ], [ 35.047981678000042, 0.637715605000032 ], [ 35.046082174000048, 0.638108037000055 ], [ 35.044388656000024, 0.638555538000043 ], [ 35.043534290000025, 0.63892523200002 ], [ 35.04275621000005, 0.639294924000064 ], [ 35.041195477000031, 0.640505086000069 ], [ 35.039615105000053, 0.641178977000042 ], [ 35.040127467000048, 0.634995386000074 ], [ 35.040848198000049, 0.633730726000063 ], [ 35.040625551000062, 0.632964581000066 ], [ 35.039593935000028, 0.631805740000057 ], [ 35.038718043000074, 0.630628093000036 ], [ 35.037704595000037, 0.62998866800006 ], [ 35.036831810000024, 0.62999692100005 ], [ 35.035894579000058, 0.629363078000033 ], [ 35.035184382000068, 0.628783463000045 ], [ 35.035384161000025, 0.627713895000058 ], [ 35.034706020000044, 0.626796144000022 ], [ 35.034991911000084, 0.625533359000038 ], [ 35.034757160000026, 0.62440860400006 ], [ 35.03431459400008, 0.623746165000053 ], [ 35.033803373000069, 0.623111355000045 ], [ 35.033057531000054, 0.62222811800007 ], [ 35.03242423800004, 0.621510491000036 ], [ 35.032132328000053, 0.620765257000076 ], [ 35.032092142000067, 0.619854403000042 ], [ 35.031870767000044, 0.618902159000076 ], [ 35.031567393000046, 0.618018880000016 ], [ 35.030965428000059, 0.61713827200004 ], [ 35.029905907000057, 0.617246 ], [ 35.028992440000025, 0.616349070000068 ], [ 35.028144530000077, 0.615245014000045 ], [ 35.027268995000043, 0.614421380000073 ], [ 35.000797917000057, 0.638507981000035 ], [ 35.000391342000057, 0.639165634000046 ], [ 34.999349747000053, 0.638656994000022 ], [ 34.998703731000035, 0.637885285000031 ], [ 34.998121279000031, 0.637051824000025 ], [ 34.99775745900007, 0.635820771000062 ], [ 34.997019249000068, 0.634958246000054 ], [ 34.99679470500007, 0.634068826000027 ], [ 34.99633433200006, 0.633366989000019 ], [ 34.99582498500007, 0.632506068000049 ], [ 34.995050542000058, 0.631667118000047 ], [ 34.994082738000031, 0.631015715000041 ], [ 34.993009190000066, 0.630806178000051 ], [ 34.992059942000026, 0.631181177000033 ], [ 34.990856578000034, 0.631305342000082 ], [ 34.989687419000063, 0.630959903000082 ], [ 34.988848202000042, 0.630598004000039 ], [ 34.988050928000064, 0.630129172000066 ], [ 34.987179228000059, 0.629356059000033 ], [ 34.986233184000071, 0.628837878000076 ], [ 34.985411169000031, 0.628722744000075 ], [ 34.984226815000056, 0.628796807000072 ], [ 34.98274167000006, 0.628534729000027 ], [ 34.981550334000076, 0.628410282000058 ], [ 34.980542010000079, 0.628026453000069 ], [ 34.97975105900008, 0.62733559200007 ], [ 34.979183834000025, 0.626296454000063 ], [ 34.977948219000041, 0.625789308000041 ], [ 34.976871513000049, 0.625136782000027 ], [ 34.976321769000037, 0.624083963000035 ], [ 34.975629672000025, 0.623376619000061 ], [ 34.974949371000037, 0.622899559000071 ], [ 34.974175904000049, 0.622216894000077 ], [ 34.973762843000031, 0.621172296000054 ], [ 34.973568158000035, 0.620152400000054 ], [ 34.973253323000051, 0.61914889800005 ], [ 34.972249998000052, 0.618178376000064 ], [ 34.971164637000072, 0.617026836000044 ], [ 34.97093373000007, 0.616105647000034 ], [ 34.970834403000026, 0.615069237000059 ], [ 34.968433169000036, 0.614509999000062 ], [ 34.967216135000058, 0.612848512000027 ], [ 34.966361558000074, 0.611795731000036 ], [ 34.965835082000069, 0.611170608000062 ], [ 34.963859121000041, 0.610413976000075 ], [ 34.962942570000052, 0.610231704000057 ], [ 34.961787927000046, 0.61051273900005 ], [ 34.960273706000066, 0.611104956000024 ], [ 34.958981562000076, 0.61153104900006 ], [ 34.957805871000062, 0.611565653000072 ], [ 34.956688216000032, 0.611286016000063 ], [ 34.955242472000066, 0.610644527000042 ], [ 34.95431930400008, 0.610052316000069 ], [ 34.953298828000072, 0.609180471000067 ], [ 34.951858377000065, 0.608951883000026 ], [ 34.949765048000074, 0.609227207000068 ], [ 34.947804231000077, 0.609295750000051 ], [ 34.945767348000061, 0.609262904000049 ], [ 34.944581047000042, 0.609065584000061 ], [ 34.943497714000046, 0.608736594000058 ], [ 34.937901615000044, 0.606005942000029 ], [ 34.935601358000042, 0.60475579000007 ], [ 34.934186063000027, 0.60367006300004 ], [ 34.924248406000061, 0.595576745000076 ], [ 34.920464116000062, 0.592697984000036 ], [ 34.918976253000039, 0.592533910000038 ], [ 34.917733046000023, 0.592879021000048 ], [ 34.909971280000043, 0.59623511800004 ], [ 34.908129072000065, 0.597156424000041 ], [ 34.907339572000069, 0.597682878000049 ], [ 34.901252792000037, 0.604230303000072 ], [ 34.900266931000033, 0.60529128600006 ], [ 34.898951103000059, 0.606187975000072 ], [ 34.897667625000054, 0.606599285000077 ], [ 34.893788543000028, 0.607553491000026 ], [ 34.890778577000049, 0.607946082000065 ], [ 34.895624717000032, 0.603223958000063 ], [ 34.897472298000025, 0.601236564000026 ], [ 34.896556687000043, 0.600154997000066 ], [ 34.860550283000066, 0.557671292000073 ], [ 34.859875021000057, 0.556875106000065 ], [ 34.859215017000054, 0.556094715000036 ], [ 34.858284146000074, 0.55499851400003 ], [ 34.856891655000027, 0.553356105000036 ], [ 34.856010379000054, 0.552314651000079 ], [ 34.855438122000066, 0.551639461000033 ], [ 34.85436990900007, 0.550378187000035 ], [ 34.853345569000055, 0.549168680000035 ], [ 34.852725624000072, 0.548438922000067 ], [ 34.852139774000079, 0.547814196000041 ], [ 34.856805699000063, 0.544263197000024 ], [ 34.864009223000039, 0.539131247000052 ], [ 34.870735836000051, 0.53413260900004 ], [ 34.873329572000046, 0.531147166000038 ], [ 34.873853593000035, 0.530533902000052 ], [ 34.874472751000042, 0.529867662000067 ], [ 34.875928585000061, 0.528634147000044 ], [ 34.880316053000058, 0.526276550000041 ], [ 34.883632078000062, 0.524451886000062 ], [ 34.888302569000075, 0.521964409000024 ], [ 34.891703218000032, 0.51913661500004 ], [ 34.895093628000041, 0.51625514600005 ], [ 34.896059894000075, 0.515433632000062 ], [ 34.897118166000041, 0.514521825000023 ], [ 34.899824428000045, 0.512248422000026 ], [ 34.900489274000051, 0.511667373000017 ], [ 34.901259940000045, 0.510998021000037 ], [ 34.903143435000061, 0.509384135000054 ], [ 34.903884266000034, 0.508762390000066 ], [ 34.904696181000077, 0.50827735500008 ], [ 34.906548301000043, 0.506342418000026 ], [ 34.907222405000027, 0.505649389000037 ], [ 34.907291165000061, 0.503750419000023 ], [ 34.907529833000069, 0.501104283000077 ], [ 34.907610305000048, 0.500054628000046 ], [ 34.907713, 0.498845057000031 ], [ 34.90799663100006, 0.495971842000078 ], [ 34.908411513000033, 0.491851658000024 ], [ 34.910494828000026, 0.489852226000045 ], [ 34.915473549000069, 0.485293215000066 ], [ 34.916366852000067, 0.484474330000061 ], [ 34.918381766000039, 0.482549475000034 ], [ 34.922980016000054, 0.478287938000049 ], [ 34.924022043000036, 0.477308079000065 ], [ 34.924624747000053, 0.476329231000022 ], [ 34.927704205000062, 0.47112654200003 ], [ 34.92972681100008, 0.467944210000036 ], [ 34.930214998000054, 0.46718741400003 ], [ 34.931954548000078, 0.464004132000066 ], [ 34.932355836000056, 0.463241109000017 ], [ 34.93281087500003, 0.462398018000052 ], [ 34.935308667000072, 0.457763753000045 ], [ 34.937990956000078, 0.452862792000075 ], [ 34.939685306000058, 0.449742291000068 ], [ 34.942190799000059, 0.445917247000061 ], [ 34.94349892300005, 0.442720530000023 ], [ 34.945676760000026, 0.438744640000044 ], [ 34.94630047000004, 0.437564940000074 ], [ 34.946911257000068, 0.436366098000062 ], [ 34.949276895000033, 0.431564248000025 ], [ 34.950444540000035, 0.429089648000066 ], [ 34.952247138000075, 0.425473557000027 ], [ 34.952690965000045, 0.424419741000068 ], [ 34.953429034000074, 0.422840002000049 ], [ 34.953789684000071, 0.422058684000031 ], [ 34.954233635000037, 0.421124846000058 ], [ 34.955533655000067, 0.418371991000078 ], [ 34.956071703000077, 0.417207497000048 ], [ 34.956457287000035, 0.412061122000075 ], [ 34.956477606000078, 0.411052091000048 ], [ 34.956445665000047, 0.409970452000036 ], [ 34.956304836000072, 0.405353042000062 ], [ 34.956206670000029, 0.402049306000033 ], [ 34.956097017000047, 0.398440894000026 ], [ 34.956014376000041, 0.395550658000047 ], [ 34.95598074600008, 0.394251996000034 ], [ 34.955948554000031, 0.392933030000052 ], [ 34.955899526000053, 0.390458416000052 ], [ 34.95587626400004, 0.389452122000023 ], [ 34.955848338000067, 0.388483485000056 ], [ 34.955667834000053, 0.38325031500005 ], [ 34.955496456000049, 0.377740108000069 ], [ 34.955137085000047, 0.371864844000078 ], [ 34.954877608000061, 0.370751439000056 ], [ 34.95445214800003, 0.369610752000028 ], [ 34.953098154000031, 0.365874595000039 ], [ 34.952756722000061, 0.364959463000051 ], [ 34.952358007000043, 0.363946699000045 ], [ 34.950717661000056, 0.359815327000032 ], [ 34.950306408000074, 0.358740721000068 ], [ 34.949582131000057, 0.357750184000057 ], [ 34.948679405000064, 0.354333186000013 ], [ 34.94356106400005, 0.357234825000042 ], [ 34.937075364000066, 0.360831512000063 ], [ 34.937367969000036, 0.357953804000028 ], [ 34.937993176000077, 0.353600088000066 ], [ 34.938196188000063, 0.352187509000033 ], [ 34.93838885100007, 0.350862507000046 ], [ 34.938888749000057, 0.347359396000056 ], [ 34.93930191100003, 0.34446979300003 ], [ 34.939801221000039, 0.341044648000042 ], [ 34.940558965000037, 0.335765282000061 ], [ 34.941167259000053, 0.331438026000063 ], [ 34.941583010000045, 0.328452506000074 ], [ 34.941747295000027, 0.327248428000075 ], [ 34.941992643000049, 0.325927647000065 ], [ 34.942474249000043, 0.323836015000044 ], [ 34.943137647000071, 0.322817139000043 ], [ 34.943957842000032, 0.320953070000022 ], [ 34.945284349000076, 0.317649279000016 ], [ 34.946392192000076, 0.314925103000064 ], [ 34.947297108000043, 0.31269988600008 ], [ 34.947763615000042, 0.311547265000064 ], [ 34.948308361000045, 0.310206620000024 ], [ 34.949296031000074, 0.307846358000066 ], [ 34.94966155700007, 0.306946447000023 ], [ 34.950007612000036, 0.306061 ], [ 34.95099853500006, 0.303567718000072 ], [ 34.952376952000066, 0.300325833000051 ], [ 34.954474997000034, 0.296116813000032 ], [ 34.95638576500005, 0.292230582000051 ], [ 34.958384472000034, 0.288329342000056 ], [ 34.959938899000065, 0.285142715000063 ], [ 34.960361631000069, 0.284245690000035 ], [ 34.960778594000033, 0.283371990000042 ], [ 34.961968372000058, 0.281026725000066 ], [ 34.963076766000036, 0.278539345000077 ], [ 34.96395056700004, 0.276787369000028 ], [ 34.964340765000031, 0.27597115800006 ], [ 34.965084493000063, 0.274345180000073 ], [ 34.965427075000036, 0.273593405000049 ], [ 34.965898296000034, 0.272354138000019 ], [ 34.966902516000061, 0.270530835000042 ], [ 34.967348347000041, 0.269736032000019 ], [ 34.967828258000054, 0.268900662000019 ], [ 34.968973510000069, 0.266872956000035 ], [ 34.969524948000071, 0.265717573000075 ], [ 34.970186425000065, 0.26398737500006 ], [ 34.970474902000042, 0.263251785000021 ], [ 34.970780113000046, 0.262464156000026 ], [ 34.971473407000076, 0.260666026000023 ], [ 34.973040772000047, 0.257385056000031 ], [ 34.973640715000045, 0.256135593000071 ], [ 34.97423139700004, 0.254862515000073 ], [ 34.975775089000024, 0.251535377000032 ], [ 34.977347060000056, 0.248962303000049 ], [ 34.97761300500008, 0.247264341000054 ], [ 34.977742837000051, 0.246446937000022 ], [ 34.977873742000043, 0.245622778000046 ], [ 34.978150604000064, 0.24394001600006 ], [ 34.978474304000031, 0.24191325600004 ], [ 34.97480523400003, 0.241546796000014 ], [ 34.973476355000059, 0.241642826000031 ], [ 34.97205988200006, 0.241556173000044 ], [ 34.968642185000078, 0.24136725400007 ], [ 34.965059079000071, 0.241160271000061 ], [ 34.96242168200007, 0.241062935000065 ], [ 34.961575889000073, 0.241045228000069 ], [ 34.96065010500007, 0.24109775600005 ], [ 34.958764057000053, 0.241385648000067 ], [ 34.95767476900005, 0.241550239000045 ], [ 34.956458042000065, 0.24176292100003 ], [ 34.95474431100007, 0.237625938000068 ], [ 34.952378255000042, 0.231823014000043 ], [ 34.95007507300005, 0.226248366000042 ], [ 34.949776378000024, 0.225516875000033 ], [ 34.947975960000065, 0.221131174000044 ], [ 34.946023836000052, 0.21618549000004 ], [ 34.94557272600008, 0.215053374000031 ], [ 34.945102323000071, 0.213873578000064 ], [ 34.944462745000067, 0.212254908000039 ], [ 34.944171649000054, 0.211506452000037 ], [ 34.943348970000045, 0.209440152000066 ], [ 34.940953036000053, 0.209128047000041 ], [ 34.939775190000034, 0.209139386000063 ], [ 34.938456649000052, 0.209193549000025 ], [ 34.933956346000059, 0.209354209000025 ], [ 34.928973116000066, 0.209613455000069 ], [ 34.92828006600007, 0.207443855000059 ], [ 34.928045201000032, 0.206661322000058 ], [ 34.927770520000024, 0.20578056400006 ], [ 34.926957949000048, 0.203258651000057 ], [ 34.926441358000034, 0.201473633000037 ], [ 34.925667599000064, 0.200349541000034 ], [ 34.924130878000028, 0.200553685000045 ], [ 34.923021458000051, 0.200430759000023 ], [ 34.92212022800004, 0.200541303000019 ], [ 34.921069557000067, 0.200889274000068 ], [ 34.919591654000044, 0.201045792000066 ], [ 34.918272058000071, 0.201280302000037 ], [ 34.917202081000028, 0.200833064000048 ], [ 34.916269991000036, 0.200199620000043 ], [ 34.915501948000042, 0.199711171000049 ], [ 34.914332793000028, 0.199220784000034 ], [ 34.913472861000059, 0.199690420000024 ], [ 34.912336723000067, 0.199069825000042 ], [ 34.911834900000031, 0.19814589500004 ], [ 34.911628696000037, 0.197319650000058 ], [ 34.911077403000036, 0.196773400000038 ], [ 34.910240191000078, 0.196686989000057 ], [ 34.909331079000026, 0.196371823000048 ], [ 34.908299217000035, 0.195838752000035 ], [ 34.907518278000055, 0.196877713000052 ], [ 34.906832593000047, 0.19758836900008 ], [ 34.90593057500007, 0.197613977000067 ], [ 34.90514943900007, 0.196915643000069 ], [ 34.904244530000028, 0.196839927000037 ], [ 34.903301403000057, 0.197577450000036 ], [ 34.902970980000077, 0.198549446000071 ], [ 34.902351602000067, 0.199385535000026 ], [ 34.901696371000071, 0.199900477000035 ], [ 34.901020846000051, 0.200576012000056 ], [ 34.900565907000043, 0.201576821000056 ], [ 34.899618348000047, 0.202067722000037 ], [ 34.899111821000076, 0.202856840000032 ], [ 34.89914026100007, 0.204015541000053 ], [ 34.898140888000057, 0.20425605300005 ], [ 34.897030736000033, 0.20498755300002 ], [ 34.896323582000036, 0.206185625000053 ], [ 34.896970467000074, 0.207541328000049 ], [ 34.896105987000055, 0.207678529000014 ], [ 34.895223731000044, 0.207894483000068 ], [ 34.894344663000027, 0.208140156000078 ], [ 34.893368754000051, 0.208512160000046 ], [ 34.892644006000069, 0.208254415000055 ], [ 34.89190166000003, 0.207816275000033 ], [ 34.891225579000043, 0.206611529000035 ], [ 34.890397519000032, 0.205663465000048 ], [ 34.889469012000063, 0.205968053000043 ], [ 34.888777494000067, 0.206298229000025 ], [ 34.887742599000035, 0.206257250000018 ], [ 34.886874061000071, 0.20557150300004 ], [ 34.887039612000024, 0.204353029000053 ], [ 34.886354701000073, 0.203383257000046 ], [ 34.88507308700008, 0.203081563000061 ], [ 34.885250197000062, 0.202257117000045 ], [ 34.886344762000078, 0.202019835000039 ], [ 34.886963620000074, 0.201463656000046 ], [ 34.887007376000042, 0.200675496000025 ], [ 34.886693144000049, 0.199977858000068 ], [ 34.886158944000044, 0.199191829000029 ], [ 34.885286252000071, 0.198430830000071 ], [ 34.884322267000073, 0.198495478000045 ], [ 34.883608522000031, 0.198904149000047 ], [ 34.882699700000046, 0.199567007000044 ], [ 34.881729005000075, 0.199512161000037 ], [ 34.880784965000032, 0.199308818000026 ], [ 34.879835316000026, 0.199487515000048 ], [ 34.878739500000052, 0.199796418000059 ], [ 34.878182179000078, 0.198750699000071 ], [ 34.877447538000069, 0.199540931000053 ], [ 34.876709352000034, 0.200486269000074 ], [ 34.875820846000067, 0.201063130000023 ], [ 34.874653519000056, 0.201378059000033 ], [ 34.873631294000063, 0.201189186000025 ], [ 34.872805293000056, 0.201397216000024 ], [ 34.87181779000008, 0.200825212000043 ], [ 34.870970329000045, 0.200044410000031 ], [ 34.871268087000033, 0.199209922000017 ], [ 34.871260950000078, 0.198291537000051 ], [ 34.871360711000079, 0.197084744000058 ], [ 34.870878985000047, 0.196404207000056 ], [ 34.869914, 0.196311455000064 ], [ 34.868691570000067, 0.196232776000042 ], [ 34.86759816600005, 0.196101053000055 ], [ 34.866991827000049, 0.196856701000066 ], [ 34.866050579000046, 0.19706765200004 ], [ 34.86585122200006, 0.19789916500003 ], [ 34.86468638100007, 0.198022061000076 ], [ 34.863546988000053, 0.198218312000055 ], [ 34.862852679000071, 0.199003856000049 ], [ 34.86249768600004, 0.199971949000027 ], [ 34.861410399000079, 0.200102644000026 ], [ 34.86041066000007, 0.199102480000029 ], [ 34.860283363000065, 0.198019560000032 ], [ 34.860262713000054, 0.196978409000054 ], [ 34.860096580000061, 0.196228249000051 ], [ 34.859285232000047, 0.195472549000038 ], [ 34.859557007000035, 0.194476310000024 ], [ 34.859991902000047, 0.193714562000017 ], [ 34.858829405000051, 0.193168890000037 ], [ 34.857781498000065, 0.193190830000051 ], [ 34.857014990000039, 0.193590959000065 ], [ 34.856151190000048, 0.193877083000072 ], [ 34.855420965000064, 0.193370981000036 ], [ 34.854869012000051, 0.192745596000069 ], [ 34.854245861000038, 0.192110683000073 ], [ 34.853326476000063, 0.191451368000066 ], [ 34.852453526000033, 0.190891447000071 ], [ 34.851858340000035, 0.190241937000058 ], [ 34.851960600000041, 0.189098750000022 ], [ 34.852142846000049, 0.188229812000027 ], [ 34.852728226000067, 0.187323142000022 ], [ 34.85233134300006, 0.186146719000023 ], [ 34.851258164000058, 0.185621325000048 ], [ 34.85018834300007, 0.185699347000028 ], [ 34.849087991000033, 0.185714090000041 ], [ 34.848220139000034, 0.185198904000055 ], [ 34.847130918000062, 0.185084147000055 ], [ 34.846862713000064, 0.183905798000072 ], [ 34.845971278000036, 0.183606235000072 ], [ 34.844940125000051, 0.183322205000025 ], [ 34.843992370000024, 0.183455555000016 ], [ 34.844082194000066, 0.184414307000049 ], [ 34.843332395000061, 0.185119302000035 ], [ 34.842428571000028, 0.185487847000049 ], [ 34.841635306000057, 0.185690199000017 ], [ 34.840845754000043, 0.18555025200005 ], [ 34.839960795000025, 0.185223193000068 ], [ 34.839217405000056, 0.185492344000067 ], [ 34.838494500000024, 0.185940674000052 ], [ 34.837621624000072, 0.185201983000065 ], [ 34.836789408000072, 0.185242526000024 ], [ 34.835687455000027, 0.185651001000055 ], [ 34.834692847000042, 0.184912313000039 ], [ 34.833668058000057, 0.184650875000052 ], [ 34.832821456000033, 0.18505613400004 ], [ 34.831836887000065, 0.185371715000024 ], [ 34.830749905000062, 0.185460513000065 ], [ 34.829783674000055, 0.185992330000033 ], [ 34.82880312900005, 0.186482308000059 ], [ 34.827856445000066, 0.185940327000018 ], [ 34.826842695000039, 0.186465631000033 ], [ 34.826385265000056, 0.187331024000061 ], [ 34.825455740000052, 0.187850015000045 ], [ 34.824585131000049, 0.187683040000021 ], [ 34.82361820400007, 0.187470824000056 ], [ 34.822376715000075, 0.187433162000042 ], [ 34.821463572000027, 0.187239737000021 ], [ 34.820475400000078, 0.187415504000061 ], [ 34.819424502000061, 0.186995429000034 ], [ 34.818172004000076, 0.187346325000013 ], [ 34.816995848000033, 0.186827349000063 ], [ 34.816170910000039, 0.186332046000073 ], [ 34.815347915000075, 0.185955683000027 ], [ 34.814418740000065, 0.185506414000035 ], [ 34.813676064000049, 0.18481429000002 ], [ 34.812242050000066, 0.185062881000025 ], [ 34.811288383000033, 0.184549431000043 ], [ 34.81080137400005, 0.183618340000062 ], [ 34.811502334000068, 0.183200763000055 ], [ 34.812587206000046, 0.182857748000053 ], [ 34.813099277000049, 0.181897059000048 ], [ 34.813504328000079, 0.181244416000019 ], [ 34.813820300000032, 0.180306088000072 ], [ 34.814655607000077, 0.179325375000068 ], [ 34.815112753000051, 0.178142585000042 ], [ 34.815468705000058, 0.177189492000024 ], [ 34.815503941000031, 0.175108830000051 ], [ 34.815684881000038, 0.174339146000019 ], [ 34.815548683000031, 0.173251326000076 ], [ 34.815148349000033, 0.17212260900004 ], [ 34.81497895900003, 0.171106998000025 ], [ 34.815035195000064, 0.169962310000067 ], [ 34.815276277000066, 0.168783957000072 ], [ 34.815356681000026, 0.167252724000032 ], [ 34.815401904000055, 0.165407821000026 ], [ 34.815558044000056, 0.164607884000026 ], [ 34.816061045000026, 0.163069850000051 ], [ 34.816469748000031, 0.161869608000075 ], [ 34.816565050000065, 0.160630853000046 ], [ 34.817335978000074, 0.159734303000053 ], [ 34.817247071000054, 0.158818961000062 ], [ 34.817271308000045, 0.157696330000026 ], [ 34.817050727000037, 0.156072355000046 ], [ 34.816966613000034, 0.155036541000079 ], [ 34.816434789000027, 0.154266405000046 ], [ 34.815286296000068, 0.153864683000049 ], [ 34.814502428000026, 0.153699517000064 ], [ 34.813702578000061, 0.153610346000055 ], [ 34.812871711000071, 0.153263525000055 ], [ 34.811698697000054, 0.153003882000065 ], [ 34.810241738000059, 0.153521931000061 ], [ 34.809047919000079, 0.154091265000038 ], [ 34.808226029000025, 0.154844808000069 ], [ 34.807615838000061, 0.155523786000053 ], [ 34.807095551000032, 0.156460642000075 ], [ 34.806762954000078, 0.157544525000044 ], [ 34.806837921000067, 0.158834468000065 ], [ 34.806722580000041, 0.159643978000022 ], [ 34.806281971000033, 0.160425376000032 ], [ 34.805847736000032, 0.16122771300007 ], [ 34.804991596000036, 0.16186405700006 ], [ 34.804350947000046, 0.162312455000057 ], [ 34.803785890000029, 0.162851565000047 ], [ 34.802671563000047, 0.162583065000029 ], [ 34.801538986000025, 0.16242805100007 ], [ 34.800635150000062, 0.162429362000062 ], [ 34.799856064000039, 0.162403190000027 ], [ 34.799126693000062, 0.162743766000068 ], [ 34.798078353000051, 0.163305199000032 ], [ 34.796655451000049, 0.16334784200006 ], [ 34.795811258000072, 0.162891981000038 ], [ 34.795487294000054, 0.161901466000072 ], [ 34.794999319000055, 0.160747037000019 ], [ 34.794363545000067, 0.159882375000053 ], [ 34.793688574000043, 0.159144474000079 ], [ 34.792655462000027, 0.158919522000073 ], [ 34.791735852000045, 0.158405210000069 ], [ 34.79102384600003, 0.158020772000037 ], [ 34.790221649000046, 0.157592539000056 ], [ 34.789136549000034, 0.157901995000039 ], [ 34.788306472000045, 0.158358322000026 ], [ 34.787734113000056, 0.159162500000042 ], [ 34.78818300700005, 0.15991962100003 ], [ 34.786856417000031, 0.160006556000035 ], [ 34.78588936400007, 0.159881882000028 ], [ 34.785034478000064, 0.15983590100007 ], [ 34.784277939000049, 0.15917733500004 ], [ 34.783417333000045, 0.158599611000064 ], [ 34.782543109000073, 0.157940286000043 ], [ 34.781510277000052, 0.157123043000068 ], [ 34.781332188000079, 0.156103738000074 ], [ 34.781434038000043, 0.155181751000042 ], [ 34.781026404000045, 0.154074996000024 ], [ 34.780444892000048, 0.153155054000022 ], [ 34.779813507000028, 0.152375938000027 ], [ 34.77905099000003, 0.151643672000039 ], [ 34.778330262000054, 0.150987278000062 ], [ 34.777571656000077, 0.150188122000035 ], [ 34.776912056000072, 0.149593472000054 ], [ 34.776011019000066, 0.149331192000036 ], [ 34.774823115000061, 0.149589780000035 ], [ 34.774049792000028, 0.150570646000063 ], [ 34.773309108000035, 0.15130843600003 ], [ 34.77214041700006, 0.151840208000068 ], [ 34.77111345600008, 0.15265302400008 ], [ 34.77030338700007, 0.153211312000051 ], [ 34.769497026000067, 0.153054349000055 ], [ 34.768823161000057, 0.152309749000047 ], [ 34.76816283200003, 0.151635438000034 ], [ 34.76739568600005, 0.151129295000032 ], [ 34.766612176000024, 0.151007419000059 ], [ 34.765838355000028, 0.15072266500004 ], [ 34.765827223000031, 0.14993324200003 ], [ 34.766004538000061, 0.149156735000028 ], [ 34.766199605000054, 0.148242565000036 ], [ 34.766480685000033, 0.14753217100002 ], [ 34.766767729000037, 0.14673451700003 ], [ 34.766316485000061, 0.145667275000044 ], [ 34.765725908000036, 0.144710911000053 ], [ 34.765109367000036, 0.143932866000061 ], [ 34.764513808000061, 0.143137984000029 ], [ 34.763984518000029, 0.142555962000069 ], [ 34.763543270000071, 0.141758968000034 ], [ 34.763124761000029, 0.140972036000045 ], [ 34.762563904000046, 0.14024261400005 ], [ 34.761611462000076, 0.13952258600005 ], [ 34.760399932000041, 0.139105763000024 ], [ 34.75946992400003, 0.139026442000038 ], [ 34.758260384000039, 0.13920714000005 ], [ 34.757063638000034, 0.139534945000044 ], [ 34.756424172000038, 0.140036987000034 ], [ 34.756002955000042, 0.140728573000039 ], [ 34.75510175200003, 0.141066501000067 ], [ 34.754147866000039, 0.140367369000054 ], [ 34.753414961000033, 0.140040432000031 ], [ 34.752622492000064, 0.13972603400004 ], [ 34.751453139000041, 0.139464795000046 ], [ 34.750263458000063, 0.139940670000048 ], [ 34.749250649000032, 0.13973592300004 ], [ 34.747912608000036, 0.139678407000027 ], [ 34.746793471000046, 0.139673603000065 ], [ 34.745625440000026, 0.139680335000043 ], [ 34.744166281000048, 0.140125594000033 ], [ 34.742903394000052, 0.140623246000075 ], [ 34.742112983000027, 0.141379152000063 ], [ 34.741378939000072, 0.14215787000007 ], [ 34.74010846300007, 0.142867576000069 ], [ 34.739000480000072, 0.142472628000066 ], [ 34.738088782000034, 0.14296257900002 ], [ 34.737146056000029, 0.143725459000048 ], [ 34.736801869000033, 0.144839079000067 ], [ 34.737374699000043, 0.145740373000024 ], [ 34.738144777000059, 0.146168669000079 ], [ 34.737992714000029, 0.147088197000079 ], [ 34.737592770000049, 0.147816436000031 ], [ 34.738066081000056, 0.14872146700003 ], [ 34.737566590000029, 0.149831406000028 ], [ 34.736506761000044, 0.14931577700002 ], [ 34.735512646000075, 0.149031596000051 ], [ 34.734755365000069, 0.148646554000032 ], [ 34.734082695000041, 0.148129444000062 ], [ 34.733396360000029, 0.147299332000044 ], [ 34.73218251000003, 0.14677671400006 ], [ 34.731079395000052, 0.146849389000064 ], [ 34.730144227000039, 0.146236729000068 ], [ 34.729263674000038, 0.145303224000027 ], [ 34.728253173000041, 0.144980342000057 ], [ 34.727454239000053, 0.144804155000038 ], [ 34.726465484000073, 0.145123825000041 ], [ 34.725351520000061, 0.14498853000003 ], [ 34.724688209000078, 0.143844070000056 ], [ 34.724391212000057, 0.142482316000041 ], [ 34.723735543000032, 0.14208290200003 ], [ 34.722687001000054, 0.141541369000035 ], [ 34.721695319000048, 0.141858626000046 ], [ 34.720772693000072, 0.142222955000022 ], [ 34.72001866800008, 0.142621348000031 ], [ 34.718918360000032, 0.143198650000039 ], [ 34.717882281000072, 0.143670081000045 ], [ 34.717033436000065, 0.14342598900003 ], [ 34.716009770000028, 0.142817453000018 ], [ 34.714933892000033, 0.142137757000059 ], [ 34.714161826000066, 0.141836259000066 ], [ 34.713217169000075, 0.141631830000043 ], [ 34.712583248000044, 0.140961331000029 ], [ 34.711273795000068, 0.140368141000059 ], [ 34.710145440000076, 0.139678799000019 ], [ 34.709261737000077, 0.139373548000045 ], [ 34.708152135000034, 0.139733964000069 ], [ 34.706780058000049, 0.139937933000056 ], [ 34.705791114000078, 0.140206111000062 ], [ 34.704796896000062, 0.140329933000031 ], [ 34.703561842000056, 0.139600652000065 ], [ 34.704119442000035, 0.138384187000051 ], [ 34.704506862000073, 0.137256439000057 ], [ 34.70472009100007, 0.136154362000064 ], [ 34.70479257900007, 0.135094367000028 ], [ 34.70481527000004, 0.134242331000046 ], [ 34.704818881000051, 0.133313867000025 ], [ 34.704427735000024, 0.132531174000068 ], [ 34.703774754000051, 0.132010424000044 ], [ 34.702535165000029, 0.132110426000049 ], [ 34.701833466000039, 0.132756896000041 ], [ 34.701086875000044, 0.133164836000048 ], [ 34.70008639200006, 0.133389868000052 ], [ 34.699300661000052, 0.133386164000064 ], [ 34.698395531000074, 0.133257563000032 ], [ 34.697363357000029, 0.133211299000036 ], [ 34.696291518000066, 0.133397547000069 ], [ 34.695356992000029, 0.134423903000021 ], [ 34.694288887000027, 0.133856485000031 ], [ 34.693568533000075, 0.13321026400007 ], [ 34.692960754000069, 0.132466730000029 ], [ 34.692404990000057, 0.131741899000071 ], [ 34.691821793000031, 0.130878519000018 ], [ 34.691059005000056, 0.129656105000033 ], [ 34.690197496000053, 0.128684681000033 ], [ 34.689392301000055, 0.128061827000061 ], [ 34.688936905000048, 0.126981419000058 ], [ 34.688273283000058, 0.126114897000041 ], [ 34.687366851000036, 0.125358546000027 ], [ 34.686442455000076, 0.125055363000058 ], [ 34.685714660000031, 0.124795713000025 ], [ 34.684607512000071, 0.124541527000023 ], [ 34.683487792000051, 0.124489940000041 ], [ 34.682407443000045, 0.124686761000028 ], [ 34.68143148200005, 0.124734166000054 ], [ 34.680869647000065, 0.125398221000064 ], [ 34.680312260000051, 0.126136836000065 ], [ 34.679880680000053, 0.126866554000067 ], [ 34.679448544000024, 0.127655945000074 ], [ 34.678861933000064, 0.128758745000032 ], [ 34.678306335000059, 0.129778532000047 ], [ 34.678136252000058, 0.130532383000052 ], [ 34.676768204000041, 0.130479703000043 ], [ 34.67562822900004, 0.130212750000048 ], [ 34.674576209000065, 0.129869099000073 ], [ 34.673735123000029, 0.129580923000052 ], [ 34.672724285000072, 0.129201881000035 ], [ 34.671713071000056, 0.128844290000078 ], [ 34.670502393000049, 0.128526228000057 ], [ 34.669264678000047, 0.128349296000074 ], [ 34.667828670000063, 0.128303796000074 ], [ 34.666968604000033, 0.128317749000076 ], [ 34.665805317000036, 0.128329106000032 ], [ 34.664577439000027, 0.127885369000072 ], [ 34.664157837000062, 0.126839852000053 ], [ 34.66337336600003, 0.126683297000057 ], [ 34.662412216000064, 0.126663620000041 ], [ 34.66134556600008, 0.12671775100005 ], [ 34.660234458000048, 0.126902520000049 ], [ 34.659342060000036, 0.127216118000043 ], [ 34.658369508000078, 0.127329919000031 ], [ 34.657517063000057, 0.12732396100006 ], [ 34.656185991000029, 0.127443632000046 ], [ 34.655131410000031, 0.127470036000027 ], [ 34.654273258000046, 0.127509662000027 ], [ 34.653228229000035, 0.127589896000073 ], [ 34.651847546000056, 0.127616011000039 ], [ 34.650951268000028, 0.127709626000061 ], [ 34.649810912000078, 0.127872089000051 ], [ 34.649009992000067, 0.127981192000048 ], [ 34.647688451000079, 0.128086796000049 ], [ 34.646441915000025, 0.128178572000026 ], [ 34.645195718000025, 0.128341511000026 ], [ 34.643854130000086, 0.128369328000023 ], [ 34.642899015000069, 0.128332936000044 ], [ 34.641701643000033, 0.128191973000075 ], [ 34.640595527000073, 0.127955023000029 ], [ 34.639351885000053, 0.128158744000067 ], [ 34.638152275000046, 0.128506192000039 ], [ 34.637320141000032, 0.128824135000067 ], [ 34.63589911300005, 0.128920308000035 ], [ 34.634570204000056, 0.128832462000052 ], [ 34.633754945000078, 0.128823158000048 ], [ 34.632747106000068, 0.128911579000038 ], [ 34.631906690000051, 0.128738422000022 ], [ 34.630968696000025, 0.128562973000045 ], [ 34.629760996000073, 0.128317189000026 ], [ 34.628485743000056, 0.127923404000061 ], [ 34.627609193000069, 0.127655158000041 ], [ 34.626613635000069, 0.127360537000072 ], [ 34.625584414000059, 0.12715841300008 ], [ 34.623895554000057, 0.126750645000076 ], [ 34.62277036100005, 0.126600141000034 ], [ 34.621928965000052, 0.126554622000066 ], [ 34.620785966000028, 0.126487119000048 ], [ 34.619503904000055, 0.126284123000057 ], [ 34.617995038000061, 0.125837046000066 ], [ 34.616479527000024, 0.125260987000053 ], [ 34.615157974000056, 0.124788731000026 ], [ 34.614364578000057, 0.12455142100004 ], [ 34.613225345000046, 0.124211540000035 ], [ 34.612281909000053, 0.12390459700004 ], [ 34.610790716000054, 0.123400984000052 ], [ 34.609127999000066, 0.122836020000021 ], [ 34.608101458000078, 0.122483083000021 ], [ 34.607113978000029, 0.122172482000053 ], [ 34.606087280000054, 0.12190441800005 ], [ 34.605291999000031, 0.121739924000052 ], [ 34.603917109000065, 0.121622857000028 ], [ 34.602747394000062, 0.121771573000049 ], [ 34.601877711000043, 0.121514752000046 ], [ 34.601118617000054, 0.121190635000068 ], [ 34.600308267000059, 0.120736535000046 ], [ 34.599355450000076, 0.120151 ], [ 34.598644721000028, 0.119577213000069 ], [ 34.598012082000025, 0.11910817800004 ], [ 34.59734667400005, 0.118523146000024 ], [ 34.596272300000066, 0.117719054000021 ], [ 34.595268566000072, 0.117180852000051 ], [ 34.594367218000059, 0.116893330000042 ], [ 34.593270053000026, 0.116654221000026 ], [ 34.592174199000056, 0.116474545000073 ], [ 34.591079817000036, 0.116259528000057 ], [ 34.590075399000057, 0.116096842000042 ], [ 34.589260111000044, 0.115986044000059 ], [ 34.588384749000056, 0.115870550000068 ], [ 34.587598071000059, 0.115776028000026 ], [ 34.586702678000051, 0.11563523300004 ], [ 34.585845737000056, 0.114934394000039 ], [ 34.585509315000024, 0.113894632000039 ], [ 34.585374512000044, 0.112688039000032 ], [ 34.58544287400008, 0.111704428000054 ], [ 34.58530816800004, 0.110824923000051 ], [ 34.585097861000065, 0.109942971000059 ], [ 34.584792611000069, 0.108600015000035 ], [ 34.584881900000028, 0.107444111000062 ], [ 34.585413004000031, 0.106360920000038 ], [ 34.585969818000024, 0.105366747000069 ], [ 34.586104528000078, 0.104615235000037 ], [ 34.585215893000054, 0.104467388000053 ], [ 34.584433778000061, 0.104785994000052 ], [ 34.583370085000077, 0.104631814000076 ], [ 34.582324158000063, 0.103902188000057 ], [ 34.58153739200003, 0.103724421000043 ], [ 34.581002346000048, 0.103092054000056 ], [ 34.580126070000063, 0.102956521000075 ], [ 34.578909838000072, 0.102983690000035 ], [ 34.577859789000058, 0.102796920000059 ], [ 34.577408582000032, 0.102142853000028 ], [ 34.577024623000064, 0.10124906200003 ], [ 34.576568402000078, 0.100310888000019 ], [ 34.576288820000059, 0.099254910000076 ], [ 34.575721656000042, 0.098392321000059 ], [ 34.574859122000078, 0.098660712000028 ], [ 34.574115146000054, 0.098943064000018 ], [ 34.574003323000056, 0.098057447000031 ], [ 34.573345363000044, 0.097207300000036 ], [ 34.572356653000043, 0.09644428800004 ], [ 34.571274581000068, 0.096225418000078 ], [ 34.571039062000068, 0.097416289000028 ], [ 34.570061261000035, 0.097285267000068 ], [ 34.569512263000036, 0.098052769000056 ], [ 34.568224604000079, 0.098269896000041 ], [ 34.567246234000038, 0.098591435000063 ], [ 34.566237328000057, 0.098300400000027 ], [ 34.565131500000064, 0.097916652000043 ], [ 34.563976368000056, 0.097493991000023 ], [ 34.562853762000032, 0.09724817500006 ], [ 34.56175279200005, 0.096711020000045 ], [ 34.561235532000069, 0.095483164000031 ], [ 34.560307280000075, 0.095050827000027 ], [ 34.560280097000032, 0.09405911900006 ], [ 34.559443588000079, 0.093714660000052 ], [ 34.559405651000077, 0.092895927000024 ], [ 34.558465946000069, 0.092343318000081 ], [ 34.557710937000024, 0.091670147000065 ], [ 34.556575384000041, 0.091259924000049 ], [ 34.55691149900008, 0.092495343000059 ], [ 34.556446665000067, 0.093520032000068 ], [ 34.556131617000062, 0.09457081400007 ], [ 34.556266292000032, 0.095975807000066 ], [ 34.555859435000059, 0.096891403000023 ], [ 34.555538814000045, 0.097693191000068 ], [ 34.555187158000024, 0.098768842000029 ], [ 34.555123251000055, 0.099906484000024 ], [ 34.554983555000035, 0.10130128700007 ], [ 34.555227064000064, 0.102525256000037 ], [ 34.55638133900004, 0.10338021000007 ], [ 34.557833267000035, 0.105828980000071 ], [ 34.55803757700005, 0.10709753300006 ], [ 34.558000315000072, 0.108413805000052 ], [ 34.557192669000074, 0.108571824000028 ], [ 34.556097708000038, 0.108513504000022 ], [ 34.554812790000028, 0.108646447000071 ], [ 34.553327087000071, 0.109892696000031 ], [ 34.552628652000067, 0.111026544000018 ], [ 34.552102736000052, 0.111828907000071 ], [ 34.551605857000027, 0.113017072000051 ], [ 34.550474791000056, 0.113667756000039 ], [ 34.549326439000026, 0.113872310000041 ], [ 34.548476392000055, 0.113930802000026 ], [ 34.547444614000028, 0.113997658000082 ], [ 34.546199642000033, 0.114177289000058 ], [ 34.545008046000078, 0.11424060700005 ], [ 34.544025451000039, 0.114451008000056 ], [ 34.544759330000034, 0.115277266000018 ], [ 34.546240204000071, 0.116070444000067 ], [ 34.547022841000057, 0.116761716000046 ], [ 34.547197930000038, 0.117827475000069 ], [ 34.548759346000054, 0.11785808500002 ], [ 34.54967313800006, 0.118056462000035 ], [ 34.550502402000063, 0.118387527000047 ], [ 34.551395731000071, 0.118267767000028 ], [ 34.552216147000024, 0.118311552000016 ], [ 34.552711577000025, 0.119326550000034 ], [ 34.55228612600007, 0.120379512000051 ], [ 34.551942010000062, 0.121571884000049 ], [ 34.551824525000036, 0.122725721000053 ], [ 34.552648519000059, 0.12358296400003 ], [ 34.553647111000032, 0.12407621700004 ], [ 34.553856457000052, 0.12488463700003 ], [ 34.553852929000072, 0.125814050000032 ], [ 34.554240221000043, 0.126933785000067 ], [ 34.554745334000074, 0.127603959000047 ], [ 34.554412549000062, 0.128592650000037 ], [ 34.553657029000078, 0.129666003000073 ], [ 34.552396681000062, 0.129972965000031 ], [ 34.551378019000026, 0.130464197000039 ], [ 34.550527757000054, 0.130808490000056 ], [ 34.549540667000031, 0.131669011000041 ], [ 34.54876868100007, 0.132293620000042 ], [ 34.548269948000041, 0.133299349000034 ], [ 34.54773300800008, 0.134367146000037 ], [ 34.54735323500006, 0.13511362800006 ], [ 34.546862189000024, 0.136167871000058 ], [ 34.546303789000035, 0.137123355000021 ], [ 34.54569813300003, 0.137886678000037 ], [ 34.544976848000033, 0.138707939000031 ], [ 34.543647758000077, 0.139057139000049 ], [ 34.542212728000038, 0.138993108000023 ], [ 34.540896912000051, 0.138763778000048 ], [ 34.539765483000053, 0.138241449000021 ], [ 34.538295957000059, 0.137589913000056 ], [ 34.536946531000076, 0.13735133700004 ], [ 34.535799475000033, 0.137141319000021 ], [ 34.535028375000024, 0.136908989000062 ], [ 34.534070692000057, 0.136529893000044 ], [ 34.533250105000036, 0.135778410000055 ], [ 34.532658538000078, 0.134981677000037 ], [ 34.53233218400004, 0.134088187000027 ], [ 34.532008360000077, 0.133073798000047 ], [ 34.531484593000073, 0.131779889000031 ], [ 34.530784650000044, 0.13090062900006 ], [ 34.530340150000029, 0.129935966000056 ], [ 34.529876036000076, 0.128792893000032 ], [ 34.529252349000046, 0.127929128000055 ], [ 34.528289369000049, 0.12693276300007 ], [ 34.527108127000076, 0.126144120000042 ], [ 34.526101332000053, 0.125650003000041 ], [ 34.525112390000061, 0.125193823000067 ], [ 34.523927007000054, 0.125089300000076 ], [ 34.52284501400004, 0.125145817000027 ], [ 34.521561658000053, 0.125283264000073 ], [ 34.520116166000037, 0.125627141000056 ], [ 34.518950283000038, 0.125958056000056 ], [ 34.518197912000062, 0.126203661000042 ], [ 34.517256452000026, 0.126672812000031 ], [ 34.516343674000041, 0.127198806000032 ], [ 34.515366363000055, 0.127498015000075 ], [ 34.514178624000067, 0.12777714900005 ], [ 34.513033509000024, 0.128129927000023 ], [ 34.512752996000074, 0.127144396000071 ], [ 34.512560433000033, 0.125767149000062 ], [ 34.512363141000044, 0.124316550000066 ], [ 34.51221660300007, 0.123174484000068 ], [ 34.51199139400007, 0.122023988000017 ], [ 34.511449723000055, 0.121059464000041 ], [ 34.510932294000042, 0.120369426000029 ], [ 34.50994161400007, 0.118992170000066 ], [ 34.508936981000033, 0.118267790000061 ], [ 34.507910005000042, 0.117946824000059 ], [ 34.506651389000069, 0.118820017000068 ], [ 34.505934176000039, 0.119191582000044 ], [ 34.505232349000039, 0.119667061000027 ], [ 34.504483179000033, 0.120735003000042 ], [ 34.504003223000041, 0.12159868200007 ], [ 34.503503520000038, 0.122453303000042 ], [ 34.502512043000024, 0.123576208000025 ], [ 34.501449378000075, 0.124403231000028 ], [ 34.50075724900006, 0.125236474000073 ], [ 34.500223450000078, 0.126095921000066 ], [ 34.499402677000035, 0.125528116000059 ], [ 34.49988460000003, 0.124103048000055 ], [ 34.500027243000034, 0.12266953300003 ], [ 34.499012667000045, 0.122231966000079 ], [ 34.498177460000079, 0.122801150000041 ], [ 34.497324430000049, 0.123294470000082 ], [ 34.496803170000078, 0.122615865000063 ], [ 34.496521933000054, 0.121719537000045 ], [ 34.497739237000076, 0.120883921000027 ], [ 34.49826712600003, 0.120246111000033 ], [ 34.499049810000031, 0.119627144000055 ], [ 34.500684532000037, 0.118475054000042 ], [ 34.501416117000076, 0.11775028500005 ], [ 34.502073802000041, 0.117050281000055 ], [ 34.503358545000026, 0.115888062000061 ], [ 34.502510396000048, 0.114841406000044 ], [ 34.502040257000033, 0.114118365000019 ], [ 34.501173970000025, 0.113239892000029 ], [ 34.499365943000043, 0.112436526000075 ], [ 34.498012462000077, 0.111887222000061 ], [ 34.496928720000028, 0.111481991000059 ], [ 34.496093793000057, 0.109901199000033 ], [ 34.496198949000075, 0.108791179000034 ], [ 34.496197925000047, 0.10742278600003 ], [ 34.495897304000039, 0.106128582000054 ], [ 34.49540888100006, 0.104752134000018 ], [ 34.495026970000026, 0.103640661000043 ], [ 34.494589470000051, 0.102791264000074 ], [ 34.494091807000075, 0.101872890000034 ], [ 34.493159201000026, 0.102290689000034 ], [ 34.491483435000077, 0.102959222000045 ], [ 34.489923775000079, 0.103642689000024 ], [ 34.489087755000071, 0.104057714000022 ], [ 34.488382423000076, 0.10440159400003 ], [ 34.487470554000026, 0.104737188000054 ], [ 34.486524159000055, 0.104879990000026 ], [ 34.485662151000042, 0.104778263000071 ], [ 34.484636083000055, 0.104634705000025 ], [ 34.483824303000063, 0.104587582000028 ], [ 34.482348684000051, 0.104758928000026 ], [ 34.481122422000055, 0.105088260000064 ], [ 34.480293331000041, 0.105152060000022 ], [ 34.479517304000069, 0.105225786000058 ], [ 34.478695322000078, 0.10516438400003 ], [ 34.477698472000043, 0.104985107000067 ], [ 34.476503537000042, 0.10441600200005 ], [ 34.475686229000075, 0.104081145000071 ], [ 34.474935698000024, 0.103736984000014 ], [ 34.474235293000056, 0.103358007000047 ], [ 34.474137949000067, 0.104189271000052 ], [ 34.473965878000065, 0.105234276000029 ], [ 34.473877224000034, 0.106266632000034 ], [ 34.474010802000066, 0.107218010000047 ], [ 34.474136967000049, 0.108161051000029 ], [ 34.474283581000066, 0.109059312000058 ], [ 34.474320830000067, 0.110253938000025 ], [ 34.474280474000068, 0.111728585000037 ], [ 34.474184678000029, 0.112913965000073 ], [ 34.47520299200005, 0.113063282000042 ], [ 34.476785219000078, 0.113222030000026 ], [ 34.477715961000058, 0.113262621000045 ], [ 34.478496115000041, 0.113423486000048 ], [ 34.478809018000049, 0.114731417000038 ], [ 34.478428619000056, 0.116132219000058 ], [ 34.477749495000076, 0.11683752900006 ], [ 34.477003988000035, 0.117445743000071 ], [ 34.476413552000054, 0.117955988000064 ], [ 34.475619163000033, 0.118516091000065 ], [ 34.474187136000069, 0.11898583300006 ], [ 34.472746166000036, 0.119489309000072 ], [ 34.47132681800008, 0.119917784000052 ], [ 34.470086155000047, 0.120247542000081 ], [ 34.468858530000034, 0.120618129000033 ], [ 34.468122899000036, 0.120890638000052 ], [ 34.466824077000069, 0.121503950000025 ], [ 34.465223670000057, 0.122340600000029 ], [ 34.464133312000058, 0.123053644000032 ], [ 34.463191287000029, 0.123217804000042 ], [ 34.462463545000048, 0.122947407000032 ], [ 34.461526193000054, 0.122921386000028 ], [ 34.458906887000069, 0.123245351000043 ], [ 34.457837149000056, 0.123571998000048 ], [ 34.457437513000059, 0.12437062700007 ], [ 34.457236421000061, 0.125633779000057 ], [ 34.45698212700006, 0.126773735000028 ], [ 34.45681699000005, 0.128139225000046 ], [ 34.456595935000053, 0.129561791000076 ], [ 34.456487749000075, 0.130588715000053 ], [ 34.457318175000076, 0.130620156000028 ], [ 34.458280804000026, 0.13066094600004 ], [ 34.459122345000026, 0.130638055000023 ], [ 34.460403755000073, 0.130548996000068 ], [ 34.461224481000045, 0.130476356000026 ], [ 34.462501769000028, 0.130393546000054 ], [ 34.463631557000049, 0.130257012000075 ], [ 34.46460490700008, 0.130326399000073 ], [ 34.465937755000027, 0.13022659400002 ], [ 34.467252663000068, 0.130229915000028 ], [ 34.468233487000077, 0.130500789000049 ], [ 34.469085363000033, 0.130712635000061 ], [ 34.470097886000076, 0.130908468000025 ], [ 34.471317776000035, 0.131161965000054 ], [ 34.47243362200004, 0.131286978000051 ], [ 34.473561103000065, 0.132101493000048 ], [ 34.474385684000026, 0.132909592000029 ], [ 34.475775336000027, 0.134224440000028 ], [ 34.477044792000072, 0.135375450000025 ], [ 34.477837837000038, 0.136085638000048 ], [ 34.478956183000037, 0.137013698000039 ], [ 34.479792477000046, 0.13752174400002 ], [ 34.480623798000067, 0.137826996000055 ], [ 34.481683030000056, 0.138148345000051 ], [ 34.482844316000069, 0.138758852000019 ], [ 34.48370821900005, 0.13968986100003 ], [ 34.484288302000046, 0.140810929000056 ], [ 34.484065094000073, 0.142330861000059 ], [ 34.483320496000033, 0.143702237000071 ], [ 34.482946840000068, 0.144584410000047 ], [ 34.482639025000026, 0.145312227000032 ], [ 34.482350266000026, 0.146621120000018 ], [ 34.481981620000056, 0.148025065000074 ], [ 34.48190050900007, 0.148889995000041 ], [ 34.481945315000075, 0.149697717000036 ], [ 34.48188904400007, 0.150581784000061 ], [ 34.481911998000044, 0.151538057000039 ], [ 34.481027171000051, 0.152022483000048 ], [ 34.480391291000046, 0.152595523000064 ], [ 34.47958335900006, 0.153463516000051 ], [ 34.478737079000041, 0.154235080000043 ], [ 34.477793297000062, 0.155030796000057 ], [ 34.476584524000032, 0.155574096000069 ], [ 34.475556812000036, 0.156283106000051 ], [ 34.474310666000065, 0.156577763000025 ], [ 34.472959313000047, 0.15677054300005 ], [ 34.472040154000069, 0.157008817000078 ], [ 34.471035133000044, 0.157159843000042 ], [ 34.469841717000065, 0.157277435000021 ], [ 34.46844186900006, 0.157434702000052 ], [ 34.467253927000058, 0.157696378000029 ], [ 34.465973750000046, 0.156880793000023 ], [ 34.465191855000057, 0.156257095000053 ], [ 34.464352594000047, 0.156114614000039 ], [ 34.463466353000058, 0.155895908000054 ], [ 34.462985264000054, 0.155263481000017 ], [ 34.46237082500005, 0.154725227000027 ], [ 34.461396023000077, 0.154797859000039 ], [ 34.460639053000079, 0.154512573000034 ], [ 34.459473630000048, 0.154322449000062 ], [ 34.458270439000046, 0.154256478000035 ], [ 34.457310504000077, 0.154247613000054 ], [ 34.456238369000062, 0.154140449000071 ], [ 34.45502921800005, 0.153880601000029 ], [ 34.454132379000043, 0.153787939000047 ], [ 34.453136946000029, 0.153707505000059 ], [ 34.452349576000074, 0.153291567000048 ], [ 34.451594787000033, 0.152875802000042 ], [ 34.450940767000077, 0.152479783000049 ], [ 34.450133471000072, 0.152059247000073 ], [ 34.448746417000052, 0.151110828000066 ], [ 34.447714216000065, 0.150691392000052 ], [ 34.446602367000025, 0.150525893000061 ], [ 34.445774216000075, 0.150366633000041 ], [ 34.444543661000068, 0.149256736000048 ], [ 34.443372426000053, 0.14810970600007 ], [ 34.442267511000068, 0.148036052000057 ], [ 34.441286128000058, 0.148047651000076 ], [ 34.439968152000063, 0.14714012800005 ], [ 34.438839621000056, 0.146831068000047 ], [ 34.437982845000079, 0.146420270000029 ], [ 34.436829507000027, 0.146346432000024 ], [ 34.435864038000034, 0.146270083000046 ], [ 34.435012133000043, 0.146390780000039 ], [ 34.434184932000051, 0.145856645000043 ], [ 34.433016405000046, 0.146005823000047 ], [ 34.432444790000034, 0.146897047000045 ], [ 34.431751546000044, 0.147342186000063 ], [ 34.430978756000059, 0.147444462000068 ], [ 34.430089296000062, 0.14808149200008 ], [ 34.428705197000056, 0.148683614000057 ], [ 34.427238696000074, 0.149769935000058 ], [ 34.426630271000079, 0.150299411000041 ], [ 34.425734538000029, 0.150969975000069 ], [ 34.424789813000075, 0.152108308000037 ], [ 34.42570052800005, 0.152605595000068 ], [ 34.426859975000077, 0.152992996000015 ], [ 34.427931886000067, 0.153142320000033 ], [ 34.429234957000062, 0.153641664000014 ], [ 34.430221545000052, 0.154196166000016 ], [ 34.431207547000042, 0.154291919000061 ], [ 34.43188456300004, 0.154830449000023 ], [ 34.432734778000054, 0.155508410000042 ], [ 34.433576007000056, 0.156190067000068 ], [ 34.43419152000007, 0.156661878000021 ], [ 34.434910538000054, 0.15719430100006 ], [ 34.435655915000041, 0.158064062000046 ], [ 34.436554169000033, 0.159158838000046 ], [ 34.437239907000048, 0.15996218400005 ], [ 34.437761722000062, 0.160609787000061 ], [ 34.438338185000084, 0.161300513000072 ], [ 34.438922055000035, 0.162197963000046 ], [ 34.439355755000065, 0.163063619000065 ], [ 34.439891514000067, 0.163858609000049 ], [ 34.440571335000072, 0.164549337000047 ], [ 34.440922992000026, 0.165399389000079 ], [ 34.441210364000028, 0.166369181000057 ], [ 34.441116287000057, 0.167575047000069 ], [ 34.440068030000077, 0.168486295000034 ], [ 34.439306259000034, 0.169611981000065 ], [ 34.438466298000037, 0.170541381000024 ], [ 34.438084247000063, 0.171334702000031 ], [ 34.437697336000042, 0.172558339000035 ], [ 34.43678030500007, 0.172818650000072 ], [ 34.435926980000033, 0.173095889000031 ], [ 34.435183739000024, 0.173616041000062 ], [ 34.434506461000069, 0.174238463000054 ], [ 34.429553825000028, 0.178274697000056 ], [ 34.429754568000078, 0.179362621000052 ], [ 34.429596615000037, 0.180258846000078 ], [ 34.429433570000072, 0.181652017000035 ], [ 34.429159784000035, 0.182770491000045 ], [ 34.428460534000067, 0.18310085000007 ], [ 34.427663386000063, 0.18351781800004 ], [ 34.42706688800007, 0.184052892000076 ], [ 34.42641151600003, 0.184706666000066 ], [ 34.426008931000069, 0.185875395000034 ], [ 34.426815146000024, 0.187107869000047 ], [ 34.426756639000075, 0.188096377000023 ], [ 34.427824944000065, 0.188834772000059 ], [ 34.429076328000065, 0.189243735000042 ], [ 34.429387963000067, 0.190038101000034 ], [ 34.429934520000074, 0.190689365000033 ], [ 34.430566905000035, 0.191378596000044 ], [ 34.430667223000057, 0.19312551900004 ], [ 34.430916808000063, 0.194473171000035 ], [ 34.431445368000027, 0.195530214000036 ], [ 34.431811781000079, 0.196418007000036 ], [ 34.432428120000054, 0.197659238000036 ], [ 34.433194361000062, 0.198503373000052 ], [ 34.434332884000071, 0.199021699000072 ], [ 34.434739207000064, 0.200087899000032 ], [ 34.435106526000027, 0.20081525900003 ], [ 34.435440463000077, 0.201513288000053 ], [ 34.436216760000036, 0.201971272000039 ], [ 34.437373466000054, 0.202283162000069 ], [ 34.438316874000066, 0.202754168000065 ], [ 34.439515789000041, 0.202947721000035 ], [ 34.440489452000065, 0.203008405000049 ], [ 34.441351928000074, 0.202893235000038 ], [ 34.442231316000061, 0.202728521000035 ], [ 34.44310116500003, 0.202953683000028 ], [ 34.444313070000078, 0.203078340000039 ], [ 34.44565881300008, 0.203159238000068 ], [ 34.446626731000038, 0.203623550000028 ], [ 34.447542800000065, 0.204199573000042 ], [ 34.448129035000079, 0.205003843000042 ], [ 34.448906057000045, 0.205451270000026 ], [ 34.450163596000039, 0.205768437000077 ], [ 34.450714423000079, 0.206585376000013 ], [ 34.451485408000053, 0.207352054000074 ], [ 34.450411153000069, 0.207484398000014 ], [ 34.449844283000061, 0.208005111000037 ], [ 34.449257223000075, 0.209036280000024 ], [ 34.448605581000038, 0.21094059100005 ], [ 34.448247328000036, 0.211845616000055 ], [ 34.447477306000053, 0.213259738000033 ], [ 34.447210533000032, 0.213976211000038 ], [ 34.446703612000078, 0.215154639000051 ], [ 34.446345339000068, 0.215993680000055 ], [ 34.44566184100006, 0.216576868000059 ], [ 34.444610146000059, 0.216689483000041 ], [ 34.443957199000067, 0.217402311000049 ], [ 34.44327566700008, 0.218184949000035 ], [ 34.442278025000064, 0.218158350000074 ], [ 34.441286467000054, 0.217948753000022 ], [ 34.440472213000078, 0.217784022000051 ], [ 34.439600590000055, 0.217412691000055 ], [ 34.438961591000073, 0.216927471000022 ], [ 34.438045825000074, 0.216630732000056 ], [ 34.437042011000074, 0.216395993000047 ], [ 34.435866567000062, 0.215938311000056 ], [ 34.434707481000032, 0.215318431000065 ], [ 34.433708892000027, 0.214444527000063 ], [ 34.432644007000079, 0.214042295000067 ], [ 34.431535496000038, 0.213872686000057 ], [ 34.430565800000068, 0.213417238000039 ], [ 34.429615358000035, 0.213062101000053 ], [ 34.428245463000053, 0.212650992000025 ], [ 34.427306195000028, 0.211763581000067 ], [ 34.42649738700004, 0.21099612400007 ], [ 34.425701971000024, 0.210372262000018 ], [ 34.425083939000054, 0.209855651000047 ], [ 34.424368550000054, 0.20900262500004 ], [ 34.423756163000064, 0.208223637000064 ], [ 34.423099876000038, 0.207321127000057 ], [ 34.422279562000028, 0.20633657900003 ], [ 34.421821678000072, 0.205673963000036 ], [ 34.421531598000058, 0.204960375000041 ], [ 34.420995510000068, 0.204241548000023 ], [ 34.419962664000025, 0.203608669000064 ], [ 34.418623761000049, 0.203301666000066 ], [ 34.417596122000077, 0.203171763000054 ], [ 34.416788116000077, 0.202608623000058 ], [ 34.415435801000058, 0.201831289000041 ], [ 34.414623261000031, 0.201346086000056 ], [ 34.413880003000031, 0.201090553000027 ], [ 34.412960096000063, 0.200553917000044 ], [ 34.411901453000041, 0.199741910000052 ], [ 34.410976303000041, 0.198929896000046 ], [ 34.410409639000079, 0.197996546000071 ], [ 34.410186255000042, 0.197117650000045 ], [ 34.409964817000059, 0.196365009000031 ], [ 34.409776653000051, 0.195275074000051 ], [ 34.409066588000037, 0.194159944000029 ], [ 34.408690056000076, 0.193443636000036 ], [ 34.40837706700006, 0.192646438000049 ], [ 34.408031638000068, 0.191779920000052 ], [ 34.407237862000045, 0.191348585000074 ], [ 34.406174297000064, 0.189997278000027 ], [ 34.405650993000052, 0.188972328000037 ], [ 34.404864146000079, 0.188250436000037 ], [ 34.403844421000031, 0.187403979000068 ], [ 34.403013226000041, 0.187264971000044 ], [ 34.400607861000026, 0.186428110000058 ], [ 34.400023784000041, 0.185802901000045 ], [ 34.398111778000043, 0.184822473000052 ], [ 34.396560528000066, 0.18386488200003 ], [ 34.39552334900003, 0.183566107000046 ], [ 34.394396337000046, 0.182470535000056 ], [ 34.393098912000028, 0.182413941000057 ], [ 34.392131655000071, 0.182084256000061 ], [ 34.39115785100006, 0.181782805000066 ], [ 34.390626865000058, 0.181219760000034 ], [ 34.38994187600008, 0.180778311000039 ], [ 34.388711061000038, 0.180465408000027 ], [ 34.38749428400007, 0.179981447000043 ], [ 34.38642542000008, 0.17994785400003 ], [ 34.384879353000031, 0.179916958000038 ], [ 34.384593317000054, 0.181069525000048 ], [ 34.385068048000051, 0.181965173000041 ], [ 34.38547181000007, 0.182825848000043 ], [ 34.385991511000043, 0.184046933000055 ], [ 34.386479031000079, 0.185240783000035 ], [ 34.386827255000071, 0.186198192000064 ], [ 34.387191311000038, 0.187204 ], [ 34.387647208000033, 0.187989190000061 ], [ 34.388173478000056, 0.188998479000019 ], [ 34.388511314000027, 0.190095351000026 ], [ 34.388836775000073, 0.190891295000036 ], [ 34.389476079000076, 0.191693429000057 ], [ 34.390074717000061, 0.192671251000034 ], [ 34.390449154000066, 0.194017400000068 ], [ 34.390701405000073, 0.195229929000051 ], [ 34.390864176000036, 0.196113717000057 ], [ 34.390660331000049, 0.197131513000048 ], [ 34.390314055000033, 0.198314471000052 ], [ 34.390026557000056, 0.199952871000046 ], [ 34.390226788000064, 0.200872728000041 ], [ 34.390441404000057, 0.20160945500003 ], [ 34.390700309000067, 0.202458622000046 ], [ 34.390926358000058, 0.203207321000043 ], [ 34.391220990000079, 0.204013940000045 ], [ 34.391424276000066, 0.204945058000013 ], [ 34.391614225000069, 0.206092156000071 ], [ 34.391912413000057, 0.20757717700007 ], [ 34.391533684000024, 0.209042793000044 ], [ 34.391169493000064, 0.21015964800005 ], [ 34.390854433000072, 0.211319919000068 ], [ 34.390623183000059, 0.212423559000054 ], [ 34.390494515000057, 0.21336897000003 ], [ 34.390538876000051, 0.214579352000041 ], [ 34.390633083000068, 0.215700300000036 ], [ 34.390624679000041, 0.216630771000034 ], [ 34.390186978000031, 0.217417240000035 ], [ 34.38937042200007, 0.218597089000074 ], [ 34.388377690000027, 0.220172114000037 ], [ 34.387904103000039, 0.221148688000035 ], [ 34.387496287000033, 0.222047203000048 ], [ 34.387201294000079, 0.222881533000026 ], [ 34.386714070000039, 0.223639678000041 ], [ 34.386262499000054, 0.224439299000036 ], [ 34.385759294000025, 0.22533715100007 ], [ 34.385237007000057, 0.226375987000039 ], [ 34.384789907000027, 0.227242534000022 ], [ 34.384455264000053, 0.227991154000056 ], [ 34.383945784000048, 0.228891187000051 ], [ 34.384959866000031, 0.229347695000053 ], [ 34.386007531000075, 0.229846653000034 ], [ 34.386986698000051, 0.230357529000056 ], [ 34.387832142000036, 0.230747904000053 ], [ 34.388661139000078, 0.231128787000049 ], [ 34.389424582000061, 0.231464240000042 ], [ 34.390323809000051, 0.231886021000033 ], [ 34.391153353000057, 0.232230551000043 ], [ 34.392161911000073, 0.232614619000061 ], [ 34.393014872000037, 0.232908601000025 ], [ 34.394121313000028, 0.23305037200004 ], [ 34.395291780000036, 0.233214463000024 ], [ 34.396430044000056, 0.23325851500004 ], [ 34.397581101000071, 0.23363440400005 ], [ 34.397735629000067, 0.234915571000038 ], [ 34.398035815000071, 0.236074026000041 ], [ 34.39850419600004, 0.236982644000016 ], [ 34.399058241000034, 0.238138942000041 ], [ 34.399512525000034, 0.239115644000041 ], [ 34.399680219000061, 0.240075962000053 ], [ 34.398925954000049, 0.241420966000016 ], [ 34.398203422000051, 0.242622713000061 ], [ 34.397850558000073, 0.243678230000052 ], [ 34.397798493000039, 0.244614764000066 ], [ 34.397747572000071, 0.245757269000023 ], [ 34.397698860000048, 0.247178443000049 ], [ 34.397752768000032, 0.247991288000033 ], [ 34.397675382000045, 0.249411481000046 ], [ 34.397743293000076, 0.250452958000043 ], [ 34.39804493500003, 0.251393678000056 ], [ 34.398265911000067, 0.252527832000061 ], [ 34.398318523000057, 0.253291075000056 ], [ 34.398423244000071, 0.254207943000038 ], [ 34.398717418000047, 0.255896319000052 ], [ 34.399239197000043, 0.257200327000029 ], [ 34.399703206000027, 0.25820462100006 ], [ 34.400085686000068, 0.259055137000083 ], [ 34.40039382100008, 0.26000403700005 ], [ 34.400609951000035, 0.261057838000048 ], [ 34.400768093000067, 0.262335775000049 ], [ 34.400095990000068, 0.262944125000054 ], [ 34.399030749000076, 0.263691913000067 ], [ 34.397103093000055, 0.265057528000055 ], [ 34.396402776000059, 0.265714863000032 ], [ 34.395044658000074, 0.266995076000062 ], [ 34.394295623000062, 0.267633434000062 ], [ 34.393671004000055, 0.268149273000065 ], [ 34.392197026000076, 0.269379382000069 ], [ 34.390753735000033, 0.270618292000054 ], [ 34.389868797000076, 0.271548992000028 ], [ 34.389433908000058, 0.27230935600005 ], [ 34.389083376000031, 0.273038810000067 ], [ 34.388214720000065, 0.274965865000075 ], [ 34.388972004000038, 0.275394163000041 ], [ 34.389794699000049, 0.276191101000047 ], [ 34.390840243000071, 0.27746406600005 ], [ 34.391683494000063, 0.27866924500006 ], [ 34.392126415000071, 0.279575752000021 ], [ 34.392613675000064, 0.280209760000043 ], [ 34.393289706000076, 0.280738440000045 ], [ 34.394189600000061, 0.281345128000051 ], [ 34.394835201000035, 0.28180956800003 ], [ 34.396234434000064, 0.282219066000039 ], [ 34.395852365000053, 0.28297144700003 ], [ 34.39552850900003, 0.283768422000044 ], [ 34.395021703000054, 0.284940330000047 ], [ 34.394802059000028, 0.28648074200003 ], [ 34.394706330000076, 0.287782640000042 ], [ 34.394507510000039, 0.288744363000026 ], [ 34.393631077000066, 0.289698384000073 ], [ 34.392124982000041, 0.291204838000057 ], [ 34.388623402000064, 0.294526380000044 ], [ 34.384604411000055, 0.298303154000047 ], [ 34.38301616800004, 0.299282589000029 ], [ 34.382268857000042, 0.300259413000055 ], [ 34.381853918000047, 0.301347328000025 ], [ 34.381257235000078, 0.302950102000076 ], [ 34.380745257000058, 0.303906903000046 ], [ 34.380130633000078, 0.304907603000065 ], [ 34.379508962000045, 0.305854898000068 ], [ 34.377965060000065, 0.306526280000072 ], [ 34.376942083000074, 0.306950823000029 ], [ 34.374681834000057, 0.307740553000034 ], [ 34.373667587000057, 0.308035780000063 ], [ 34.371950841000057, 0.308795325000059 ], [ 34.372662392000052, 0.309298948000049 ], [ 34.373528339000075, 0.309822976000028 ], [ 34.374548498000024, 0.310762453000059 ], [ 34.375608742000054, 0.31139982400004 ], [ 34.376362777000054, 0.311814 ], [ 34.377090137000039, 0.312305309000064 ], [ 34.378050190000067, 0.312916073000045 ], [ 34.378908791000072, 0.313532228000038 ], [ 34.379400727000075, 0.314128264000037 ], [ 34.380026759000032, 0.314832913000027 ], [ 34.380836213000066, 0.315988478000058 ], [ 34.381490384000081, 0.316905029000049 ], [ 34.382293047000076, 0.318386772000046 ], [ 34.382715490000066, 0.319582499000038 ], [ 34.383042153000076, 0.321474641000058 ], [ 34.383340051000062, 0.322832512000041 ], [ 34.383550183000068, 0.32404384100005 ], [ 34.383697421000079, 0.325385067000062 ], [ 34.383712936000052, 0.326257213000022 ], [ 34.383694541000068, 0.328539358000055 ], [ 34.383694939000073, 0.329884058000063 ], [ 34.383735260000037, 0.330803768000065 ], [ 34.383912928000029, 0.331868579000064 ], [ 34.384180895000043, 0.333039877000031 ], [ 34.384681310000076, 0.334578903000019 ], [ 34.385036077000052, 0.335852393000037 ], [ 34.385056062000046, 0.336791809000025 ], [ 34.385020723000025, 0.337668011000063 ], [ 34.38488290500004, 0.338516270000078 ], [ 34.384427211000059, 0.339450017000042 ], [ 34.384414174000028, 0.340507411000026 ], [ 34.384415371000046, 0.341330264000024 ], [ 34.384389965000025, 0.342473350000029 ], [ 34.384367289000068, 0.343823647000016 ], [ 34.384522408000066, 0.344727788000053 ], [ 34.384506940000051, 0.345730862000045 ], [ 34.384507553000049, 0.346729457000036 ], [ 34.384474484000066, 0.347756982000013 ], [ 34.384455651000053, 0.348558150000029 ], [ 34.384513907000041, 0.349939329000052 ], [ 34.384581145000027, 0.351602296000065 ], [ 34.385096811000039, 0.353121745000067 ], [ 34.385774390000051, 0.354018544000037 ], [ 34.386419827000054, 0.354774636000065 ], [ 34.387398331000043, 0.355441851000021 ], [ 34.388706058000025, 0.35591333100006 ], [ 34.389952919000052, 0.356490938000028 ], [ 34.391381585000033, 0.356860815000064 ], [ 34.392465885000043, 0.357374679000025 ], [ 34.396639435000054, 0.360638276000032 ], [ 34.39890742800003, 0.362440680000017 ], [ 34.399973618000047, 0.362981293000072 ], [ 34.401432456000066, 0.362839675000024 ], [ 34.402307771000039, 0.362799825000025 ], [ 34.403111951000028, 0.362965582000071 ], [ 34.404159665000066, 0.363364633000055 ], [ 34.407186470000056, 0.364535014000065 ], [ 34.40811147900007, 0.364871183000055 ], [ 34.413398331000053, 0.36676776100006 ], [ 34.414909839000074, 0.367392962000054 ], [ 34.416038019000041, 0.367972972000069 ], [ 34.416877242000055, 0.368410833000048 ], [ 34.417865237000058, 0.368928288000065 ], [ 34.419639074000031, 0.369936238000041 ], [ 34.420567391000077, 0.370707312000028 ], [ 34.421349251000038, 0.371704295000037 ], [ 34.421969004000061, 0.372670550000062 ], [ 34.421455593000076, 0.373397353000034 ], [ 34.42075974800008, 0.374143979000049 ], [ 34.419879612000045, 0.375081905000057 ], [ 34.41854776200006, 0.376331279000056 ], [ 34.417786629000034, 0.37717166100004 ], [ 34.416718281000044, 0.377716712000047 ], [ 34.415545340000051, 0.378073876000028 ], [ 34.414445697000076, 0.378877836000065 ], [ 34.413454784000066, 0.379668567000063 ], [ 34.412294468000027, 0.380692590000029 ], [ 34.411812268000062, 0.381633616000051 ], [ 34.410985630000027, 0.382375102000024 ], [ 34.410374896000064, 0.383425219000053 ], [ 34.40966241700005, 0.384118047000064 ], [ 34.409014778000028, 0.384818430000051 ], [ 34.408198631000062, 0.385485960000031 ], [ 34.407446847000074, 0.386452653000053 ], [ 34.406628634000072, 0.386983983000053 ], [ 34.40555388000007, 0.387579260000058 ], [ 34.404380611000079, 0.388222098000029 ], [ 34.403589331000035, 0.388688927000029 ], [ 34.402514917000076, 0.389358981000048 ], [ 34.401267501000063, 0.38969729600007 ], [ 34.400521335000064, 0.390096202000054 ], [ 34.399899782000034, 0.390567402000044 ], [ 34.398909571000047, 0.391156443000053 ], [ 34.397820526000032, 0.39179052400004 ], [ 34.396771504000071, 0.392341006000037 ], [ 34.39600690900005, 0.393068543000027 ], [ 34.395409509000046, 0.394140414000045 ], [ 34.394592806000048, 0.394773970000082 ], [ 34.393808087000025, 0.394857151000049 ], [ 34.392998758000033, 0.395551522000062 ], [ 34.392465913000024, 0.396124740000061 ], [ 34.391546617000074, 0.396685316000057 ], [ 34.390549530000044, 0.396744365000076 ], [ 34.389649520000034, 0.397113219000062 ], [ 34.388572120000049, 0.397356940000059 ], [ 34.387420710000072, 0.397760281000047 ], [ 34.386421470000073, 0.397694067000038 ], [ 34.385375735000025, 0.397965807000043 ], [ 34.384416977000058, 0.398295907000037 ], [ 34.383485207000035, 0.399279060000032 ], [ 34.383003836000064, 0.400339024000067 ], [ 34.38247182200007, 0.40092765500003 ], [ 34.381897816000048, 0.40160769100004 ], [ 34.381452078000052, 0.402246152000024 ], [ 34.380946775000041, 0.402881749000068 ], [ 34.380005371000038, 0.403640921000041 ], [ 34.378888367000059, 0.404307688000079 ], [ 34.37820013400006, 0.405003581000076 ], [ 34.377310155000032, 0.404899364000077 ], [ 34.376164215000074, 0.404449840000036 ], [ 34.374527743000044, 0.40471494400004 ], [ 34.373511638000025, 0.404800919000022 ], [ 34.372608600000035, 0.404601082000051 ], [ 34.371744697000054, 0.404541316000056 ], [ 34.37064375500006, 0.404709764000068 ], [ 34.369483113000058, 0.405063066000028 ], [ 34.36838843400006, 0.404918742000055 ], [ 34.367883830000039, 0.404260197000045 ], [ 34.367217185000072, 0.403796444000017 ], [ 34.366262119000055, 0.403713761000062 ], [ 34.365498330000037, 0.403848500000031 ], [ 34.364589736000035, 0.404422027000074 ], [ 34.363397473000077, 0.404957209000036 ], [ 34.362273272000039, 0.405089941000031 ], [ 34.361141867000072, 0.405428210000032 ], [ 34.360278608000051, 0.406468899000062 ], [ 34.359161137000065, 0.407278017000073 ], [ 34.358803765000062, 0.408371210000033 ], [ 34.358204707000027, 0.409137042000048 ], [ 34.357238506000044, 0.409769569000055 ], [ 34.356732513000054, 0.410863253000057 ], [ 34.355836719000024, 0.411668821000032 ], [ 34.35513977100004, 0.41283162100006 ], [ 34.354457349000029, 0.413828784000038 ], [ 34.354017046000024, 0.414573519000045 ], [ 34.353432744000031, 0.41526220000003 ], [ 34.352502347000041, 0.416049016000042 ], [ 34.351767994000056, 0.41684780200006 ], [ 34.351218442000061, 0.417674700000021 ], [ 34.350530260000028, 0.418539128000027 ], [ 34.349600838000072, 0.419403578000074 ], [ 34.348569461000068, 0.420508593000017 ], [ 34.347745223000061, 0.421304064000022 ], [ 34.347052395000048, 0.422041558000038 ], [ 34.34634559400007, 0.422821483000063 ], [ 34.345770775000062, 0.423332847000044 ], [ 34.345000759000072, 0.42384693900004 ], [ 34.34404263600004, 0.424232794000037 ], [ 34.343409235000024, 0.425173767000053 ], [ 34.344063306000074, 0.426202993000053 ], [ 34.344934309000053, 0.42705582000002 ], [ 34.345667957000046, 0.427745673000062 ], [ 34.346558555000058, 0.428220246000019 ], [ 34.347419463000051, 0.428902467000054 ], [ 34.348364319000041, 0.429711361000049 ], [ 34.349221721000049, 0.430359710000069 ], [ 34.350439660000063, 0.431373495000066 ], [ 34.353228484000056, 0.433887380000037 ], [ 34.354388267000054, 0.434929100000039 ], [ 34.355017754000073, 0.435489581000075 ], [ 34.356376834000059, 0.436572939000035 ], [ 34.357542268000032, 0.437376410000077 ], [ 34.358226058000071, 0.437779357000073 ], [ 34.359128246000068, 0.438327723000044 ], [ 34.360054550000029, 0.438743479000044 ], [ 34.36121096100004, 0.439127468000033 ], [ 34.362526324000044, 0.439627381000045 ], [ 34.36331978000004, 0.440070633000062 ], [ 34.364370154000028, 0.44086439200004 ], [ 34.364932352000039, 0.441743370000033 ], [ 34.365149452000026, 0.442873763000029 ], [ 34.365203863000033, 0.444150008000057 ], [ 34.365213747000041, 0.445327282000049 ], [ 34.365235101000053, 0.446598469000043 ], [ 34.36538407300003, 0.447356936000061 ], [ 34.36568567300003, 0.448331796000052 ], [ 34.366044463000037, 0.449239255000068 ], [ 34.366412841000063, 0.450322996000076 ], [ 34.366964723000024, 0.452856035000019 ], [ 34.367251174000046, 0.454198408000028 ], [ 34.367451695000057, 0.455152368000024 ], [ 34.367748979000055, 0.456581263000033 ], [ 34.368274270000029, 0.457329810000034 ], [ 34.369331730000056, 0.458010716000046 ], [ 34.370582164000041, 0.458634004000037 ], [ 34.371538119000043, 0.45914542300005 ], [ 34.372819449000076, 0.459774581000027 ], [ 34.373641495000072, 0.460165026000024 ], [ 34.374569673000053, 0.460467840000027 ], [ 34.375468597000065, 0.460726155000024 ], [ 34.376560435000044, 0.460936935000067 ], [ 34.377500693000059, 0.460604755000011 ], [ 34.378394319000051, 0.46002371200006 ], [ 34.379282317000047, 0.459571442000029 ], [ 34.379986770000073, 0.458910831000032 ], [ 34.380806788000029, 0.45889295600005 ], [ 34.38200157600005, 0.459006734000064 ], [ 34.383193428000027, 0.459577710000083 ], [ 34.383927296000024, 0.460294185000058 ], [ 34.385010651000073, 0.460410238000066 ], [ 34.386273884000047, 0.460891286000048 ], [ 34.386785174000067, 0.461587269000065 ], [ 34.387347797000075, 0.462289663000039 ], [ 34.388467891000062, 0.461856796000057 ], [ 34.389411414000051, 0.461742974000054 ], [ 34.389971419000062, 0.462370229000046 ], [ 34.389995807000048, 0.463154164000059 ], [ 34.390358664000075, 0.463839394000052 ], [ 34.390790879000065, 0.464758784000017 ], [ 34.390725334000024, 0.466135933000035 ], [ 34.391057837000062, 0.467247831000062 ], [ 34.391261039000028, 0.468261175000062 ], [ 34.392155873000036, 0.468583015000034 ], [ 34.392651644000068, 0.469204432000027 ], [ 34.393682919000071, 0.469591458000029 ], [ 34.394853478000073, 0.46944330800005 ], [ 34.395617796000067, 0.469814320000071 ], [ 34.395834406000063, 0.470785817000027 ], [ 34.396575412000061, 0.471207793000072 ], [ 34.397478084000056, 0.471475627000071 ], [ 34.398132426000075, 0.471915424000029 ], [ 34.398579050000023, 0.472943004000051 ], [ 34.399724603000038, 0.472539570000041 ], [ 34.400387260000059, 0.473045193000076 ], [ 34.401340834000052, 0.473292963000068 ], [ 34.402080732000059, 0.473961922000059 ], [ 34.403157022000073, 0.474811224000066 ], [ 34.404010264000078, 0.475442647000031 ], [ 34.405070193000029, 0.476187613000033 ], [ 34.406216979000078, 0.476044635000045 ], [ 34.407612739000058, 0.476147515000044 ], [ 34.408890463000034, 0.47591265100004 ], [ 34.409785821000071, 0.476181395000027 ], [ 34.410814642000048, 0.476498758000054 ], [ 34.411858738000035, 0.476733455000046 ], [ 34.412653815000056, 0.476563178000054 ], [ 34.413577813000074, 0.476327601000042 ], [ 34.414661995000074, 0.475948199000075 ], [ 34.415454193000073, 0.47562087300003 ], [ 34.416094873000077, 0.476251545000024 ], [ 34.417314946000033, 0.476210957000037 ], [ 34.418257349000044, 0.475825981000078 ], [ 34.419429911000066, 0.475552984000046 ], [ 34.420491489000028, 0.474857248000036 ], [ 34.421294970000076, 0.474430148000073 ], [ 34.421620425000071, 0.473509541000051 ], [ 34.422274996000056, 0.472568353000042 ], [ 34.423345017000031, 0.47183361400005 ], [ 34.424236441000062, 0.470742215000036 ], [ 34.425138316000073, 0.47043977300007 ], [ 34.425654138000027, 0.46987465100005 ], [ 34.426389695000069, 0.469555331000039 ], [ 34.427151758000036, 0.469397912000029 ], [ 34.427585925000074, 0.468544900000048 ], [ 34.428259645000026, 0.467545153000052 ], [ 34.42920163000008, 0.467137531000053 ], [ 34.429672065000034, 0.466350282000073 ], [ 34.430632751000076, 0.466079476000066 ], [ 34.431542296000032, 0.466010554000041 ], [ 34.431907133000038, 0.465278219000024 ], [ 34.432715739000059, 0.464990080000057 ], [ 34.433453489000044, 0.465319342000049 ], [ 34.434064099000068, 0.464834325000031 ], [ 34.434828180000068, 0.463905457000072 ], [ 34.435750201000076, 0.463765812000021 ], [ 34.436892321000073, 0.46388046200002 ], [ 34.437787462000074, 0.464108551000037 ], [ 34.438676237000038, 0.464270037000063 ], [ 34.439662750000025, 0.464185713000058 ], [ 34.440835634000052, 0.464772706000078 ], [ 34.441990110000063, 0.464939992000039 ], [ 34.44267910700006, 0.466101584000064 ], [ 34.443711379000035, 0.466533489000035 ], [ 34.444460752000055, 0.466751815000072 ], [ 34.444829457000026, 0.467545373000059 ], [ 34.44580202700007, 0.467841685000049 ], [ 34.446663206000039, 0.468831224000034 ], [ 34.447798761000065, 0.468571270000033 ], [ 34.448970652000071, 0.468835898000066 ], [ 34.450093712000069, 0.469126909000064 ], [ 34.451132206000068, 0.469321848000043 ], [ 34.452073409000036, 0.469359001000045 ], [ 34.45305339600003, 0.469423789000072 ], [ 34.453896625000027, 0.468972039000055 ], [ 34.455028932000062, 0.469025229000067 ], [ 34.456381445000034, 0.469435763000027 ], [ 34.457458311000039, 0.469029073000059 ], [ 34.458321136000052, 0.468661697000067 ], [ 34.459184774000057, 0.468800383000032 ], [ 34.460339345000079, 0.46925611700005 ], [ 34.460565175000056, 0.470090771000055 ], [ 34.461628707000045, 0.469911058000032 ], [ 34.462447085000065, 0.470571501000056 ], [ 34.463253245000033, 0.471405896000027 ], [ 34.463960550000024, 0.472268125000024 ], [ 34.46418404700006, 0.473106857000061 ], [ 34.46468789100004, 0.473725136000036 ], [ 34.465433033000068, 0.474207098000019 ], [ 34.466493463000063, 0.474392087000076 ], [ 34.467203027000039, 0.474994600000056 ], [ 34.467848395000033, 0.475683895000036 ], [ 34.468010054000047, 0.476928628000056 ], [ 34.468931333000057, 0.47764167000002 ], [ 34.469196588000045, 0.478886574000059 ], [ 34.470072198000025, 0.479234121000047 ], [ 34.47116494100004, 0.479785355000041 ], [ 34.471884134000049, 0.48082517200004 ], [ 34.472671855000044, 0.481173482000035 ], [ 34.473611456000071, 0.481350338000029 ], [ 34.474407152000026, 0.481612532000035 ], [ 34.47534638500008, 0.481678123000047 ], [ 34.476244168000058, 0.482163968000066 ], [ 34.477232375000035, 0.482799708000081 ], [ 34.478427285000066, 0.483071041000082 ], [ 34.479208157000073, 0.483623085000031 ], [ 34.47992860800008, 0.483906721000032 ], [ 34.480798820000075, 0.484021779000043 ], [ 34.481567229000063, 0.484605033000029 ], [ 34.482405587000073, 0.485090602000074 ], [ 34.483174485000063, 0.484541409000026 ], [ 34.484179826000059, 0.484824237000056 ], [ 34.485064821000037, 0.484069249000068 ], [ 34.485799340000028, 0.483181550000045 ], [ 34.486543032000043, 0.482429406000047 ], [ 34.487085542000045, 0.481847517000066 ], [ 34.487320202000035, 0.481071911000074 ], [ 34.48754017300007, 0.480271814000053 ], [ 34.487886351000043, 0.479506425000074 ], [ 34.48849487800004, 0.478565773000076 ], [ 34.488786438000034, 0.47755620400006 ], [ 34.489274808000062, 0.476715789000017 ], [ 34.489986454000075, 0.475923804000052 ], [ 34.490350700000086, 0.474878141000033 ], [ 34.490855119000059, 0.473759389000066 ], [ 34.491706841000052, 0.472885141000067 ], [ 34.492308251000054, 0.471826627000046 ], [ 34.492907908000063, 0.470734216000039 ], [ 34.493853722000047, 0.469675138000067 ], [ 34.494033401000024, 0.468733006000029 ], [ 34.494313445000046, 0.467910827000033 ], [ 34.494596194000053, 0.467093926000083 ], [ 34.49535822200005, 0.466815633000066 ], [ 34.495015176000038, 0.465863541000025 ], [ 34.494819260000043, 0.464806220000077 ], [ 34.49463245000004, 0.463599724000066 ], [ 34.494633114000067, 0.463589735000026 ], [ 34.49463245000004, 0.463585447000068 ], [ 34.494740283000056, 0.461962995000014 ], [ 34.494860247000076, 0.460681895000043 ], [ 34.495284768000033, 0.45969337300005 ], [ 34.49582378000008, 0.459104878000054 ], [ 34.496924148000062, 0.458557688000049 ], [ 34.498486110000044, 0.45837581200005 ], [ 34.499594202000026, 0.458477192000027 ], [ 34.500717360000067, 0.458356606000057 ], [ 34.502239461000045, 0.458385725000035 ], [ 34.503302698000027, 0.458246165000044 ], [ 34.504579622000051, 0.458654626000053 ], [ 34.505880390000073, 0.459088299000037 ], [ 34.507383274000063, 0.459214345000025 ], [ 34.508548450000035, 0.458422526000042 ], [ 34.509238720000042, 0.457524856000018 ], [ 34.509764997000048, 0.45679861300004 ], [ 34.510508678000065, 0.455971542000043 ], [ 34.511637577000052, 0.454902375000066 ], [ 34.512484246000042, 0.454075272000064 ], [ 34.513433908000025, 0.453268343000042 ], [ 34.514391187000058, 0.452390826000057 ], [ 34.515047140000036, 0.451573816000065 ], [ 34.516191324000033, 0.450701345000021 ], [ 34.517558729000029, 0.450363421000012 ], [ 34.519040577000055, 0.450101134000016 ], [ 34.520200126000077, 0.449949809000037 ], [ 34.521088856000063, 0.449808566000051 ], [ 34.522146664000047, 0.449495878000054 ], [ 34.52338753500004, 0.44899993700005 ], [ 34.524479663000079, 0.448614940000023 ], [ 34.525273034000065, 0.448487155000073 ], [ 34.526131242000076, 0.448295501000067 ], [ 34.527038999000069, 0.447861775000044 ], [ 34.527904774000035, 0.447256566000027 ], [ 34.528438704000052, 0.446691734000074 ], [ 34.529120425000031, 0.446020994000037 ], [ 34.529821237000078, 0.445481356000079 ], [ 34.530505836000032, 0.444926608000062 ], [ 34.531568074000063, 0.444470164000044 ], [ 34.532446805000063, 0.445498097000047 ], [ 34.532795192000037, 0.446840719000026 ], [ 34.533405230000028, 0.448070049000023 ], [ 34.534052362000068, 0.448865160000017 ], [ 34.534444779000069, 0.45002254100006 ], [ 34.535565316000032, 0.450665502000042 ], [ 34.535877447000075, 0.451438764000041 ], [ 34.536316710000051, 0.452332227000057 ], [ 34.536685506000026, 0.453900616000061 ], [ 34.537249896000048, 0.455110105000077 ], [ 34.537246738000078, 0.455117615000066 ], [ 34.537249896000048, 0.45512438100007 ], [ 34.536911806000035, 0.455928599000054 ], [ 34.536517758000059, 0.456647404000021 ], [ 34.536513693000074, 0.456654820000044 ], [ 34.537020691000066, 0.45751042100005 ], [ 34.537023294000051, 0.457514814000029 ], [ 34.536801518000061, 0.458356886000045 ], [ 34.536800596000035, 0.458360387000028 ], [ 34.536916817000076, 0.459718654000027 ], [ 34.537223052000058, 0.461033880000066 ], [ 34.537912051000035, 0.461885478000053 ], [ 34.537911732000055, 0.462907561000067 ], [ 34.538866924000047, 0.463111776000066 ], [ 34.539663156000074, 0.463898474000071 ], [ 34.540468388000079, 0.463728111000026 ], [ 34.541424213000028, 0.464475368000027 ], [ 34.542410965000045, 0.465142368000048 ], [ 34.543005067000024, 0.465859086000015 ], [ 34.543623886000034, 0.466510264000026 ], [ 34.544055470000046, 0.467496609000027 ], [ 34.544605354000055, 0.468422003000052 ], [ 34.545738844000027, 0.468498887000073 ], [ 34.547156659000052, 0.469030628000033 ], [ 34.547851584000057, 0.469723025000065 ], [ 34.549052768000024, 0.469871378000059 ], [ 34.549889551000035, 0.470630732000081 ], [ 34.550706467000055, 0.471100110000072 ], [ 34.563523256000053, 0.458914162000035 ], [ 34.564834359000031, 0.458979648000023 ], [ 34.565751671000044, 0.459080465000051 ], [ 34.56713269100004, 0.459119053000047 ], [ 34.568192578000037, 0.458767656000018 ], [ 34.569126022000034, 0.458606222000072 ], [ 34.570202134000056, 0.458840662000063 ], [ 34.571351329000038, 0.45857987300008 ], [ 34.572196415000064, 0.458853170000057 ], [ 34.572983600000043, 0.458511868000067 ], [ 34.57404039000005, 0.45843196300007 ], [ 34.574775370000054, 0.457822546000042 ], [ 34.575729340000066, 0.457517983000061 ], [ 34.576984670000058, 0.457837550000029 ], [ 34.577611883000031, 0.457163415000031 ], [ 34.578140916000052, 0.456593513000036 ], [ 34.578908024000043, 0.45607403600007 ], [ 34.579833739000037, 0.455355161000064 ], [ 34.580220237000049, 0.454211603000035 ], [ 34.581115646000057, 0.453211418000031 ], [ 34.580493855000043, 0.452231075000036 ], [ 34.580758875000072, 0.451395919000054 ], [ 34.580280779000077, 0.450740339000055 ], [ 34.580594552000036, 0.449583279000018 ], [ 34.579924782000042, 0.448532806000052 ], [ 34.580338336000068, 0.447614938000078 ], [ 34.580845990000064, 0.446764303000073 ], [ 34.580983704000062, 0.445994374000064 ], [ 34.580647210000052, 0.445246326000079 ], [ 34.580317077000075, 0.444515093000061 ], [ 34.580121066000061, 0.443761998000066 ], [ 34.579959341000063, 0.442874412000034 ], [ 34.579869988000041, 0.441664059000056 ], [ 34.580718399000034, 0.440929397000041 ], [ 34.581492070000024, 0.440566253000035 ], [ 34.581165188000057, 0.439542517000064 ], [ 34.581276492000029, 0.438675095000064 ], [ 34.580806452000047, 0.437748854000058 ], [ 34.580721901000061, 0.43665282300003 ], [ 34.581005120000043, 0.435662669000073 ], [ 34.581098884000028, 0.434595207000037 ], [ 34.581093888000055, 0.43382360700003 ], [ 34.580868250000037, 0.433057064000032 ], [ 34.581483764000041, 0.432065693000018 ], [ 34.582235319000063, 0.430848101000041 ], [ 34.583204883000064, 0.430303386000052 ], [ 34.584005997000077, 0.429775490000061 ], [ 34.585146354000074, 0.428756043000013 ], [ 34.585817126000052, 0.427916058000053 ], [ 34.586582333000024, 0.427413482000022 ], [ 34.587436533000073, 0.42690811200003 ], [ 34.587951124000028, 0.425868520000046 ], [ 34.588465165000066, 0.424581661000049 ], [ 34.587902792000079, 0.423651239000031 ], [ 34.588263009000059, 0.422936761000079 ], [ 34.588486833000047, 0.422082786000025 ], [ 34.589405918000068, 0.421280704000023 ], [ 34.589904785000044, 0.422077090000071 ], [ 34.590114594000056, 0.423071563000058 ], [ 34.590242386000057, 0.424177900000082 ], [ 34.590290070000037, 0.425246954000039 ], [ 34.590240479000045, 0.426030099000059 ], [ 34.590082804000076, 0.426842233000058 ], [ 34.590340932000061, 0.427679241000026 ], [ 34.591060638000044, 0.428267628000067 ], [ 34.59189415000003, 0.42900106300005 ], [ 34.592466354000067, 0.429722056000067 ], [ 34.592715263000059, 0.430915415000067 ], [ 34.592676163000078, 0.432170913000051 ], [ 34.592825572000038, 0.433389147000074 ], [ 34.592813492000062, 0.434209585000068 ], [ 34.592353821000074, 0.434905708000027 ], [ 34.591720581000061, 0.435452670000081 ], [ 34.590892792000034, 0.436105274000053 ], [ 34.590066274000037, 0.43739187700004 ], [ 34.590558052000063, 0.438336626000025 ], [ 34.590515137000068, 0.43920677900008 ], [ 34.590228081000078, 0.44047472600004 ], [ 34.590812683000024, 0.441531345000052 ], [ 34.591259003000062, 0.442215055000018 ], [ 34.59155845600003, 0.442985743000057 ], [ 34.591794968000045, 0.444154248000072 ], [ 34.591807048000078, 0.445438772000043 ], [ 34.591960907000043, 0.446665275000043 ], [ 34.592726390000053, 0.446458111000019 ], [ 34.593852043000027, 0.446379373000071 ], [ 34.594703674000073, 0.445857272000069 ], [ 34.595250130000068, 0.445229523000018 ], [ 34.596314748000054, 0.445480208000047 ], [ 34.597263336000026, 0.445857272000067 ], [ 34.598220825000055, 0.446118325000039 ], [ 34.598886490000041, 0.446944974000071 ], [ 34.599099477000038, 0.448074112000037 ], [ 34.600746155000024, 0.449412495000041 ], [ 34.601951599000074, 0.450282663000049 ], [ 34.602746964000062, 0.451165244000039 ], [ 34.603330612000036, 0.451674908000026 ], [ 34.604071299000054, 0.452068557000079 ], [ 34.60500907900007, 0.452022985000046 ], [ 34.605928421000044, 0.451401427000065 ], [ 34.606698990000041, 0.450593427000054 ], [ 34.607469559000037, 0.449723274000072 ], [ 34.608264923000036, 0.449076861000041 ], [ 34.609062195000035, 0.448405594000064 ], [ 34.609905243000071, 0.447684616000061 ], [ 34.610404968000068, 0.44703820300004 ], [ 34.610935211000026, 0.446331292000031 ], [ 34.611808777000078, 0.445350111000046 ], [ 34.612737656000036, 0.444302589000076 ], [ 34.61366526300003, 0.444085022000031 ], [ 34.614602407000064, 0.444510321000049 ], [ 34.615667343000041, 0.44431585100006 ], [ 34.616668701000037, 0.444581047000049 ], [ 34.616847992000032, 0.445482686000043 ], [ 34.616039276000038, 0.446052849000067 ], [ 34.61542892500006, 0.447047323000045 ], [ 34.615043640000067, 0.44800201100003 ], [ 34.61507034300007, 0.448824108000051 ], [ 34.615230560000043, 0.449672729000038 ], [ 34.615495682000073, 0.450746745000064 ], [ 34.615800858000057, 0.451993138000038 ], [ 34.616250992000062, 0.452841744000065 ], [ 34.61652755700004, 0.454101413000046 ], [ 34.616687775000059, 0.45492351100006 ], [ 34.617034912000065, 0.45561298700006 ], [ 34.61748504600007, 0.456421837000055 ], [ 34.617828369000051, 0.457389787000064 ], [ 34.618267059000061, 0.458264917000067 ], [ 34.619419098000037, 0.459087014000032 ], [ 34.62032318100006, 0.459617376000045 ], [ 34.621383667000032, 0.460094720000025 ], [ 34.622669220000034, 0.460452735000043 ], [ 34.623504639000032, 0.460810751000061 ], [ 34.62438011200004, 0.460916817000049 ], [ 34.625730515000043, 0.461062670000055 ], [ 34.627124786000024, 0.461380899000056 ], [ 34.627078056000073, 0.462501332000048 ], [ 34.626474380000047, 0.463409618000066 ], [ 34.626605988000051, 0.464298010000044 ], [ 34.627293587000054, 0.464740600000033 ], [ 34.628343360000031, 0.464489739000039 ], [ 34.629479819000039, 0.463432907000019 ], [ 34.630359287000033, 0.46248812400006 ], [ 34.630969639000057, 0.461984256000056 ], [ 34.631646493000062, 0.461584765000054 ], [ 34.631618500000059, 0.460545555000072 ], [ 34.631248474000074, 0.459829539000052 ], [ 34.630702972000051, 0.459113523000045 ], [ 34.630268097000055, 0.45806601600004 ], [ 34.63031959500006, 0.457058296000079 ], [ 34.630769730000054, 0.455997527000018 ], [ 34.631465912000067, 0.45465830000007 ], [ 34.632175446000076, 0.453677118000026 ], [ 34.632946014000026, 0.453464955000074 ], [ 34.634033203000065, 0.453305840000035 ], [ 34.635173798000039, 0.453199744000068 ], [ 34.636127472000055, 0.453385383000072 ], [ 34.637321472000053, 0.453332365000046 ], [ 34.638700485000072, 0.453067169000063 ], [ 34.639678955000079, 0.452483743000078 ], [ 34.64054107700008, 0.451887056000025 ], [ 34.641723633000026, 0.451582104000065 ], [ 34.642784119000055, 0.451449484000024 ], [ 34.643913269000052, 0.451435521000062 ], [ 34.644889832000047, 0.451674908000025 ], [ 34.645648956000059, 0.452218562000045 ], [ 34.646282196000072, 0.452881515000055 ], [ 34.647979736000025, 0.454499185000034 ], [ 34.649147034000066, 0.455639511000077 ], [ 34.65028858200003, 0.456554420000039 ], [ 34.651401520000036, 0.456355542000038 ], [ 34.652317047000054, 0.455798626000041 ], [ 34.653125763000048, 0.454817429000052 ], [ 34.654411316000051, 0.454446152000061 ], [ 34.655540466000048, 0.454843938000075 ], [ 34.656414032000043, 0.455215216000059 ], [ 34.657131195000034, 0.455586463000024 ], [ 34.657899857000075, 0.456501380000015 ], [ 34.658481598000044, 0.457708001000078 ], [ 34.658880234000037, 0.458556622000058 ], [ 34.659091949000072, 0.459511310000038 ], [ 34.65930557300004, 0.460386425000031 ], [ 34.659755707000045, 0.461447194000072 ], [ 34.660575867000034, 0.461951077000039 ], [ 34.661424637000039, 0.461884767000078 ], [ 34.662435532000075, 0.461062685000063 ], [ 34.663414001000035, 0.460572064000068 ], [ 34.66452789300007, 0.460572064000076 ], [ 34.665485382000043, 0.460969865000042 ], [ 34.666477203000056, 0.461424768000029 ], [ 34.667339325000057, 0.462083668000052 ], [ 34.668056488000047, 0.462879241000047 ], [ 34.668825150000032, 0.464072585000055 ], [ 34.669050217000063, 0.465318993000041 ], [ 34.669277191000049, 0.466194123000028 ], [ 34.67001915000003, 0.466830581000067 ], [ 34.671051025000054, 0.467360973000045 ], [ 34.671663284000033, 0.468090236000022 ], [ 34.671928406000063, 0.469190791000078 ], [ 34.672166824000044, 0.470384136000058 ], [ 34.672948837000035, 0.471179724000023 ], [ 34.673597336000057, 0.472200707000078 ], [ 34.674606323000035, 0.472823903000063 ], [ 34.67564010600006, 0.472956508000039 ], [ 34.676567078000062, 0.473062575000027 ], [ 34.677789688000075, 0.473221704000027 ], [ 34.678544998000064, 0.473884672000055 ], [ 34.678718567000033, 0.47495868800008 ], [ 34.678691864000029, 0.476191849000031 ], [ 34.678531647000057, 0.477119997000051 ], [ 34.678161621000072, 0.478233814000027 ], [ 34.67789459200003, 0.479241520000071 ], [ 34.677654266000047, 0.480037123000041 ], [ 34.677471161000028, 0.480806172000025 ], [ 34.677297592000059, 0.481919959000032 ], [ 34.676925659000062, 0.482768580000033 ], [ 34.676210403000034, 0.483298957000043 ], [ 34.675800323000033, 0.48417408800004 ], [ 34.676085472000068, 0.485287890000047 ], [ 34.677337646000069, 0.485592857000034 ], [ 34.67843818700004, 0.486096725000047 ], [ 34.679273605000049, 0.486136511000045 ], [ 34.680068970000043, 0.485897824000063 ], [ 34.680988312000068, 0.485623797000078 ], [ 34.681943258000047, 0.485243698000036 ], [ 34.683175564000067, 0.48504589900006 ], [ 34.683224678000045, 0.486454733000079 ], [ 34.683860779000042, 0.487197280000027 ], [ 34.684631348000039, 0.487250298000046 ], [ 34.685947418000069, 0.487115055000056 ], [ 34.687347412000065, 0.487030208000028 ], [ 34.688412545000062, 0.486573754000062 ], [ 34.689365818000056, 0.48766178000006 ], [ 34.689405394000069, 0.488746331000068 ], [ 34.689125792000027, 0.48954844300005 ], [ 34.68918793000006, 0.490592506000039 ], [ 34.689505636000035, 0.49166758600007 ], [ 34.690138961000059, 0.492596126000023 ], [ 34.690837133000059, 0.493547538000034 ], [ 34.691277797000055, 0.494243743000031 ], [ 34.691950207000048, 0.495096956000047 ], [ 34.692921983000076, 0.495517651000053 ], [ 34.693757369000025, 0.495769914000048 ], [ 34.69405503400003, 0.496736320000024 ], [ 34.693908315000044, 0.497644541000049 ], [ 34.693748300000038, 0.498922381000051 ], [ 34.694064408000031, 0.499940250000066 ], [ 34.694858580000073, 0.500916877000058 ], [ 34.695364096000048, 0.501665443000037 ], [ 34.695596898000076, 0.502511113000027 ], [ 34.695970850000037, 0.503475542000049 ], [ 34.696935994000057, 0.504189942000036 ], [ 34.69787057800005, 0.504603725000037 ], [ 34.698309339000048, 0.505326215000033 ], [ 34.69864704400004, 0.506221891000046 ], [ 34.699438642000075, 0.506997152000057 ], [ 34.700519179000032, 0.507763867000046 ], [ 34.701501246000078, 0.508455090000037 ], [ 34.702584338000065, 0.508501169000061 ], [ 34.703562566000073, 0.508233994000017 ], [ 34.70447211700008, 0.507888024000059 ], [ 34.705398763000062, 0.507309234000046 ], [ 34.705991568000059, 0.506357659000061 ], [ 34.706568167000057, 0.505499150000045 ], [ 34.707733938000047, 0.505515700000053 ], [ 34.708549842000025, 0.505223728000039 ], [ 34.709399655000027, 0.505378422000038 ], [ 34.710223686000063, 0.506219129000049 ], [ 34.710832166000046, 0.506801483000068 ], [ 34.711629466000034, 0.50744513600005 ], [ 34.712388654000058, 0.50829725900007 ], [ 34.713112614000067, 0.509524716000039 ], [ 34.714036779000033, 0.510409468000037 ], [ 34.714830249000045, 0.510944431000047 ], [ 34.715755454000032, 0.511150224000069 ], [ 34.716539164000039, 0.511439464000027 ], [ 34.717339723000066, 0.511822904000043 ], [ 34.718144704000053, 0.511540282000063 ], [ 34.719281103000071, 0.51089105600005 ], [ 34.719629871000052, 0.510151004000024 ], [ 34.719919512000047, 0.509384701000049 ], [ 34.720658484000069, 0.508782648000022 ], [ 34.721680639000056, 0.509349122000053 ], [ 34.722579039000038, 0.510116274000039 ], [ 34.72368335200008, 0.510457780000021 ], [ 34.724413844000026, 0.510715731000065 ], [ 34.724936515000024, 0.511399595000064 ], [ 34.725503037000067, 0.511985527000042 ], [ 34.726252610000074, 0.512300758000029 ], [ 34.727192933000026, 0.512830561000037 ], [ 34.727821156000061, 0.51365521900005 ], [ 34.72797896000003, 0.514621493000056 ], [ 34.728059209000037, 0.515617789000038 ], [ 34.728440848000048, 0.516972423000019 ], [ 34.729221006000046, 0.517765655000068 ], [ 34.730305295000051, 0.518115879000056 ], [ 34.731555526000079, 0.518575415000038 ], [ 34.732913506000052, 0.518982569000053 ], [ 34.733693645000081, 0.519650750000036 ], [ 34.734251637000057, 0.520592684000067 ], [ 34.734235586000068, 0.521672857000048 ], [ 34.734613349000028, 0.522612530000062 ], [ 34.734808027000042, 0.523588319000057 ], [ 34.734747128000038, 0.52447289000003 ], [ 34.734918885000077, 0.525218127000066 ], [ 34.735357681000039, 0.526182525000025 ], [ 34.735930065000048, 0.527716862000029 ], [ 34.736323154000047, 0.529119656000038 ], [ 34.736590344000035, 0.530358480000075 ], [ 34.736849856000049, 0.531267749000053 ], [ 34.737172292000025, 0.532083733000042 ], [ 34.737788482000042, 0.533217791000028 ], [ 34.738541974000043, 0.534242412000034 ], [ 34.739312553000048, 0.534742775000041 ], [ 34.740297435000059, 0.534810491000028 ], [ 34.741233177000026, 0.53531147300004 ], [ 34.741519432000075, 0.536506249000067 ], [ 34.741734501000053, 0.53780412300006 ], [ 34.742484733000026, 0.538281618000034 ], [ 34.743737793000037, 0.538523640000057 ], [ 34.744665421000036, 0.538718101000033 ], [ 34.745680698000058, 0.538567044000043 ], [ 34.74648521000006, 0.537705224000036 ], [ 34.747127626000065, 0.53684695900005 ], [ 34.748127117000024, 0.536760841000042 ], [ 34.748854595000068, 0.537250335000064 ], [ 34.749005392000072, 0.538124976000062 ], [ 34.749502061000044, 0.539231252000044 ], [ 34.749787181000045, 0.54048251500006 ], [ 34.750498666000055, 0.54129644100005 ], [ 34.751412317000074, 0.541914156000078 ], [ 34.752527934000057, 0.541926061000025 ], [ 34.753463326000038, 0.541904134000049 ], [ 34.75433973500003, 0.542337596000045 ], [ 34.754660358000024, 0.54315637900004 ], [ 34.754584338000029, 0.544036517000054 ], [ 34.754599883000026, 0.54501422600004 ], [ 34.755288552000025, 0.545791473000057 ], [ 34.75615263800006, 0.546471076000053 ], [ 34.756686804000026, 0.547136602000027 ], [ 34.757434571000033, 0.54784842800006 ], [ 34.758628459000079, 0.548143619000029 ], [ 34.759482846000026, 0.548266150000083 ], [ 34.760068468000043, 0.548817856000027 ], [ 34.760156496000036, 0.549846284000066 ], [ 34.759775481000077, 0.551169307000069 ], [ 34.759491615000059, 0.552119464000038 ], [ 34.759793176000073, 0.55296459400006 ], [ 34.760445535000031, 0.553485628000027 ], [ 34.761094080000078, 0.554011075000061 ], [ 34.762574326000049, 0.555324638000055 ], [ 34.764474226000061, 0.557006361000053 ], [ 34.765535814000032, 0.558105234000032 ], [ 34.76568386200006, 0.558958821000036 ], [ 34.764734406000059, 0.559789892000024 ], [ 34.763903311000036, 0.561038852000019 ], [ 34.763247583000066, 0.562024116000028 ], [ 34.763632225000038, 0.563287379000026 ], [ 34.763652560000025, 0.564339608000064 ], [ 34.764375549000079, 0.565097958000022 ], [ 34.765332971000078, 0.565408807000046 ], [ 34.766747960000032, 0.565314583000033 ], [ 34.768145809000032, 0.565299187000051 ], [ 34.769248091000065, 0.565360401000022 ], [ 34.770066272000065, 0.565578065000075 ], [ 34.770903599000064, 0.566052210000063 ], [ 34.771658998000085, 0.566778997000031 ], [ 34.772559386000069, 0.567689779000041 ], [ 34.773007094000036, 0.568334864000069 ], [ 34.773099615000035, 0.569511292000077 ], [ 34.77366814800007, 0.570312597000049 ], [ 34.774562701000036, 0.570840444000051 ], [ 34.775524004000033, 0.571377019000066 ], [ 34.776300392000053, 0.572138376000048 ], [ 34.777000546000068, 0.573066663000018 ], [ 34.77744701000006, 0.57380473300003 ], [ 34.778316841000048, 0.574564118000061 ], [ 34.779075950000049, 0.574940664000055 ], [ 34.780166896000026, 0.575356591000062 ], [ 34.78104799700003, 0.575536074000077 ], [ 34.781989249000048, 0.575980470000054 ], [ 34.782410033000076, 0.576937979000032 ], [ 34.782968394000079, 0.577739979000062 ], [ 34.784146662000069, 0.57787714600004 ], [ 34.785541557000045, 0.577547094000065 ], [ 34.786632298000029, 0.577269749000043 ], [ 34.787435118000076, 0.577133983000075 ], [ 34.788344867000035, 0.577457949000071 ], [ 34.789184281000075, 0.578539503000051 ], [ 34.789619289000029, 0.579231320000027 ], [ 34.790416710000045, 0.580185857000058 ], [ 34.791374315000041, 0.581115471000034 ], [ 34.792549290000068, 0.581939035000067 ], [ 34.793573491000075, 0.582361910000037 ], [ 34.794437538000068, 0.582909248000023 ], [ 34.795181498000034, 0.583644798000022 ], [ 34.795898771000054, 0.584422849000028 ], [ 34.796574030000045, 0.58499341400006 ], [ 34.797993058000031, 0.585658891000032 ], [ 34.800075891000063, 0.586859767000019 ], [ 34.801197394000042, 0.587427746000059 ], [ 34.802440938000075, 0.587970683000044 ], [ 34.803669199000069, 0.588417239000021 ], [ 34.804893587000038, 0.588671150000033 ], [ 34.80581279200004, 0.588724983000025 ], [ 34.806758632000026, 0.588561582000067 ], [ 34.808238279000079, 0.587856517000034 ], [ 34.809383382000078, 0.587622160000024 ], [ 34.810286536000035, 0.588213819000038 ], [ 34.810573808000072, 0.589104318000074 ], [ 34.810346219000053, 0.590120217000041 ], [ 34.809303313000044, 0.590930343000023 ], [ 34.808220336000034, 0.591666022000027 ], [ 34.806874242000049, 0.592576928000036 ], [ 34.805551047000051, 0.59354028500008 ], [ 34.803758880000032, 0.595029208000036 ], [ 34.802706538000052, 0.596176493000023 ], [ 34.801631359000055, 0.597481435000021 ], [ 34.800876463000066, 0.598453582000046 ], [ 34.800098613000046, 0.59919797800007 ], [ 34.79946065200005, 0.600070876000066 ], [ 34.800106755000058, 0.600932020000081 ], [ 34.800896504000036, 0.60173766400004 ], [ 34.80178920700007, 0.602455741000029 ], [ 34.802504629000055, 0.603419016000029 ], [ 34.802894047000052, 0.604715116000019 ], [ 34.803314583000031, 0.605906138000021 ], [ 34.803076483000041, 0.606851683000066 ], [ 34.804398582000033, 0.607554681000064 ], [ 34.805479020000064, 0.607911525000015 ], [ 34.806430633000048, 0.607924586000016 ], [ 34.807572875000062, 0.607688068000066 ], [ 34.808789565000041, 0.607703319000045 ], [ 34.809689955000067, 0.608620598000075 ], [ 34.810575116000052, 0.609627703000058 ], [ 34.811252405000062, 0.610617265000024 ], [ 34.811822906000032, 0.611627368000033 ], [ 34.81233714800004, 0.612630842000052 ], [ 34.813037608000059, 0.614591451000024 ], [ 34.813959834000059, 0.615184177000061 ], [ 34.814253816000075, 0.616195695000048 ], [ 34.815053084000056, 0.616944415000026 ], [ 34.815836985000033, 0.617325340000031 ], [ 34.816634296000075, 0.617903290000066 ], [ 34.817282827000042, 0.618376164000048 ], [ 34.81799996400008, 0.618691378000046 ], [ 34.818728545000056, 0.619015353000065 ], [ 34.819611677000069, 0.619610912000038 ], [ 34.820349757000031, 0.61981224900007 ], [ 34.821297485000059, 0.619584474000028 ], [ 34.822412971000062, 0.619155314000063 ], [ 34.823351290000062, 0.619356668000025 ], [ 34.824541540000041, 0.620245499000021 ], [ 34.825754633000031, 0.620989815000025 ], [ 34.826670273000047, 0.621887423000038 ], [ 34.827349404000074, 0.622657369000017 ], [ 34.827914134000025, 0.623498729000062 ], [ 34.828532153000026, 0.623973988000042 ], [ 34.829394276000073, 0.624461991000035 ], [ 34.830023754000024, 0.624996200000062 ], [ 34.830748571000072, 0.625486564000032 ], [ 34.831591638000077, 0.626026811000029 ], [ 34.832215446000077, 0.62673006200004 ], [ 34.832736338000075, 0.627649567000041 ], [ 34.832990270000039, 0.628653518000024 ], [ 34.833169879000025, 0.629830180000063 ], [ 34.833021543000029, 0.631221737000032 ], [ 34.832985807000057, 0.632903059000058 ], [ 34.83300480500003, 0.63409432600002 ], [ 34.833222883000076, 0.63494459400004 ], [ 34.833810534000065, 0.635907905000059 ], [ 34.834813832000066, 0.636582196000067 ], [ 34.835756088000039, 0.637200700000056 ], [ 34.835940554000047, 0.638679561000063 ], [ 34.835859805000041, 0.639692143000054 ], [ 34.835494009000058, 0.640886478000024 ], [ 34.835004136000066, 0.641679079000027 ], [ 34.834059567000054, 0.642910148000047 ], [ 34.83390834000005, 0.644201344000062 ], [ 34.833809445000043, 0.64511650200006 ], [ 34.833313841000063, 0.645874085000052 ], [ 34.83275911100003, 0.646600975000069 ], [ 34.833112807000077, 0.647478889000075 ], [ 34.834332706000055, 0.647599250000041 ], [ 34.835031750000049, 0.647994560000032 ], [ 34.835477307000076, 0.648888364000068 ], [ 34.836522584000079, 0.649645519000051 ], [ 34.837646044000053, 0.650383984000027 ], [ 34.838170699000045, 0.651131259000066 ], [ 34.837778200000059, 0.652313137000022 ], [ 34.837594468000077, 0.653312493000038 ], [ 34.838287982000054, 0.654355491000039 ], [ 34.838522768000075, 0.655099891000023 ], [ 34.83828273000006, 0.655940609000022 ], [ 34.837430583000071, 0.656939048000029 ], [ 34.837145441000075, 0.657877561000023 ], [ 34.837757243000055, 0.658821907000058 ], [ 34.83863463800003, 0.659364835000014 ], [ 34.839944808000041, 0.659500484000035 ], [ 34.841104452000025, 0.66007403300005 ], [ 34.841550072000082, 0.661181851000031 ], [ 34.841286962000027, 0.662456563000028 ], [ 34.841891185000065, 0.664000540000073 ], [ 34.842618236000078, 0.66516649200002 ], [ 34.843011384000079, 0.66617885400007 ], [ 34.843166031000067, 0.667365015000028 ], [ 34.843862384000033, 0.667749903000078 ], [ 34.844449981000025, 0.668529272000063 ], [ 34.845213045000037, 0.669378728000024 ], [ 34.845876870000041, 0.669982136000043 ], [ 34.846922155000073, 0.670765474000061 ], [ 34.847887265000054, 0.671279577000061 ], [ 34.848977199000046, 0.671503857000054 ], [ 34.84986867300006, 0.67128906500005 ], [ 34.850707730000067, 0.671164980000071 ], [ 34.851714690000051, 0.671326962000017 ], [ 34.852586353000049, 0.671830461000073 ], [ 34.853139552000073, 0.672373406000026 ], [ 34.854213433000041, 0.673123571000076 ], [ 34.855709268000055, 0.673417672000024 ], [ 34.856479148000062, 0.674747243000063 ], [ 34.857970490000071, 0.675108984000074 ], [ 34.858313834000057, 0.676232277000045 ], [ 34.858480727000028, 0.677399939000052 ], [ 34.85856113400007, 0.678450819000036 ], [ 34.857939765000026, 0.679543834000066 ], [ 34.85785364000003, 0.680649048000023 ], [ 34.857993002000057, 0.681582589000076 ], [ 34.858867306000036, 0.681988914000051 ], [ 34.859996337000041, 0.682218719000054 ], [ 34.860646941000027, 0.683256445000034 ], [ 34.861471173000041, 0.684587553000027 ], [ 34.86261561200007, 0.685334093000046 ], [ 34.863844445000041, 0.685568285000039 ], [ 34.864894271000026, 0.684513290000046 ], [ 34.86564760300007, 0.683409003000071 ], [ 34.866518672000041, 0.683196387000071 ], [ 34.867331006000029, 0.682988561000061 ], [ 34.867909074000067, 0.683790259000036 ], [ 34.868484568000042, 0.684490115000067 ], [ 34.869306284000061, 0.684839209000081 ], [ 34.870453260000033, 0.684488546000062 ], [ 34.871380109000029, 0.684597990000034 ], [ 34.872137332000079, 0.685040161000075 ], [ 34.873279763000028, 0.685445163000058 ], [ 34.874745301000075, 0.685392524000063 ], [ 34.876090599000065, 0.685013702000045 ], [ 34.877330076000078, 0.684698336000055 ], [ 34.878197745000087, 0.684594685000043 ], [ 34.878834561000076, 0.684150509000055 ], [ 34.879686259000039, 0.683780133000031 ], [ 34.880465672000071, 0.684028228000051 ], [ 34.881394756000077, 0.684170470000021 ], [ 34.882099517000029, 0.684550421000039 ], [ 34.882879698000067, 0.685246853000025 ], [ 34.883843029000047, 0.686191164000041 ], [ 34.884432488000073, 0.686821689000059 ], [ 34.885524343000043, 0.687090926000054 ], [ 34.886536138000054, 0.687478395000021 ], [ 34.887430647000031, 0.687854903000071 ], [ 34.888252660000035, 0.688135092000042 ], [ 34.889059061000069, 0.688821428000046 ], [ 34.88912024800004, 0.689905884000036 ], [ 34.889977291000037, 0.69041416200002 ], [ 34.891291178000074, 0.69021923900005 ], [ 34.891907399000047, 0.691064312000036 ], [ 34.892784806000066, 0.691648839000041 ], [ 34.893459747000065, 0.691147416000027 ], [ 34.893800903000056, 0.690464289000041 ], [ 34.894355675000043, 0.689877502000062 ], [ 34.895232762000035, 0.689378287000065 ], [ 34.896086945000036, 0.688813389000068 ], [ 34.896887635000041, 0.687924448000048 ], [ 34.897841960000051, 0.687439893000034 ], [ 34.898892332000067, 0.687153659000044 ], [ 34.899793592000037, 0.686715728000027 ], [ 34.901070437000044, 0.687012875000049 ], [ 34.902543260000073, 0.686874078000069 ], [ 34.903664906000074, 0.686852727000037 ], [ 34.90467925400003, 0.686200960000063 ], [ 34.906049469000038, 0.686246870000055 ], [ 34.907166140000072, 0.686598556000034 ], [ 34.907868080000071, 0.687113746000028 ], [ 34.908929328000056, 0.687065542000034 ], [ 34.91001157200003, 0.68708007000004 ], [ 34.910398903000043, 0.68776709100007 ], [ 34.910744286000067, 0.68847542400005 ], [ 34.911251733000029, 0.689074968000052 ], [ 34.911582894000048, 0.690057635000081 ], [ 34.91211050600004, 0.691131071000025 ], [ 34.912238552000076, 0.692061535000048 ], [ 34.912673562000066, 0.692758717000063 ], [ 34.913470831000041, 0.693196176000064 ], [ 34.914432626000064, 0.693251 ], [ 34.915076716000044, 0.693755992000033 ], [ 34.91600549900005, 0.693954437000064 ], [ 34.917231748000063, 0.694049261000036 ], [ 34.918138869000074, 0.695156894000037 ], [ 34.918086721000066, 0.696152920000034 ], [ 34.918229972000063, 0.696908560000052 ], [ 34.918861432000028, 0.697694497000047 ], [ 34.919032730000026, 0.698712554000057 ], [ 34.919339745000059, 0.699728419000057 ], [ 34.920067542000027, 0.700620837000025 ], [ 34.920922036000036, 0.701107677000038 ], [ 34.922040761000062, 0.700884273000036 ], [ 34.922996759000057, 0.700678432000069 ], [ 34.92375011300004, 0.700941102000059 ], [ 34.924612110000055, 0.701002360000079 ], [ 34.925348359000054, 0.701462086000041 ], [ 34.926424213000075, 0.702434132000063 ], [ 34.926958365000075, 0.703055906000029 ], [ 34.927528836000079, 0.703957885000019 ], [ 34.927979332000064, 0.705437208000031 ], [ 34.928153178000059, 0.706471293000043 ], [ 34.928195376000076, 0.707294473000053 ], [ 34.92865805200006, 0.708038845000028 ], [ 34.92944213100003, 0.70901527300004 ], [ 34.929301118000069, 0.710452697000053 ], [ 34.929329386000063, 0.711458716000045 ], [ 34.929165642000044, 0.712341721000028 ], [ 34.928433665000057, 0.713428994000018 ], [ 34.927225208000038, 0.714386991000033 ], [ 34.926900972000055, 0.715325099000048 ], [ 34.926805869000077, 0.716163078000023 ], [ 34.926281122000034, 0.717251939000043 ], [ 34.926341104000073, 0.718025416000039 ], [ 34.925868392000041, 0.718808201000053 ], [ 34.925408078000032, 0.71959685200005 ], [ 34.924625564000053, 0.720685008000024 ], [ 34.923657072000026, 0.721630880000019 ], [ 34.923024101000067, 0.722182623000031 ], [ 34.922456003000036, 0.722848269000056 ], [ 34.922048228000051, 0.723962675000045 ], [ 34.922128601000054, 0.724901337000057 ], [ 34.922262404000037, 0.725952509000023 ], [ 34.921986195000045, 0.726999756000053 ], [ 34.922253435000073, 0.72786232200002 ], [ 34.922820161000061, 0.729005449000053 ], [ 34.923077281000076, 0.730037846000066 ], [ 34.923889563000046, 0.730729985000044 ], [ 34.924771174000057, 0.731559004000067 ], [ 34.92484421000006, 0.732621586000048 ], [ 34.925579035000055, 0.733418471000058 ], [ 34.925419095000052, 0.734267699000046 ], [ 34.925472752000076, 0.735146221000038 ], [ 34.926182400000073, 0.735931852000022 ], [ 34.926943563000066, 0.736798830000048 ], [ 34.927382489000024, 0.737845031000058 ], [ 34.928335743000048, 0.73910893200003 ], [ 34.928367956000045, 0.740557900000058 ], [ 34.929153905000078, 0.741408089000059 ], [ 34.929750133000027, 0.742359826000048 ], [ 34.930597143000057, 0.74225750700004 ], [ 34.931144233000055, 0.741488269000054 ], [ 34.932002262000026, 0.741032924000024 ], [ 34.933083446000069, 0.740682385000065 ], [ 34.934106995000036, 0.740195691000062 ], [ 34.934757906000073, 0.740979277000069 ], [ 34.935021291000055, 0.741706210000079 ], [ 34.935603241000024, 0.74273598300005 ], [ 34.936666851000041, 0.743148980000058 ], [ 34.937732577000077, 0.743192339000076 ], [ 34.93843386900005, 0.742592793000035 ], [ 34.939031741000065, 0.741581995000041 ], [ 34.940150978000077, 0.740936442000024 ], [ 34.940872068000033, 0.74172394900006 ], [ 34.941375795000056, 0.742639343000057 ], [ 34.941788056000064, 0.743795308000072 ], [ 34.942226962000063, 0.744767389000055 ], [ 34.942724987000076, 0.745750316000062 ], [ 34.943567272000053, 0.746867663000052 ], [ 34.944865176000064, 0.747438284000054 ], [ 34.945582436000052, 0.748169514000044 ], [ 34.945895428000028, 0.748975214000048 ], [ 34.946552693000058, 0.749963928000063 ], [ 34.947849413000029, 0.750832403000061 ], [ 34.948198112000057, 0.752009587000031 ], [ 34.948254371000075, 0.753089649000055 ], [ 34.948928350000074, 0.753631466000052 ], [ 34.949777623000045, 0.753660487000055 ], [ 34.950376282000036, 0.753159212000076 ], [ 34.951178925000079, 0.752425961000023 ], [ 34.952231440000048, 0.751864494000072 ], [ 34.953243472000054, 0.75198154800006 ], [ 34.953410935000079, 0.752923583000042 ], [ 34.953982564000064, 0.753449858000062 ], [ 34.95477031300004, 0.753940278000069 ], [ 34.955664750000039, 0.754075951000057 ], [ 34.956336254000064, 0.75355920600004 ], [ 34.956085737000024, 0.752496631000039 ], [ 34.956197990000078, 0.751610669000058 ], [ 34.956296366000061, 0.750556429000031 ], [ 34.95657594000005, 0.749600782000073 ], [ 34.957330669000044, 0.749993075000023 ], [ 34.958367476000035, 0.750805935000081 ], [ 34.959126506000075, 0.751450735000052 ], [ 34.959916913000029, 0.752328591000036 ], [ 34.960728423000035, 0.753203405000027 ], [ 34.961579938000057, 0.753568911000056 ], [ 34.962530876000073, 0.754247213000037 ], [ 34.96361511300006, 0.75390444500004 ], [ 34.964444911000044, 0.753427389000031 ], [ 34.965386445000036, 0.753813075000037 ], [ 34.966263739000055, 0.75309670500008 ], [ 34.967114329000026, 0.75327690500006 ], [ 34.967987745000073, 0.753262999000068 ], [ 34.969074756000055, 0.753273892000037 ], [ 34.969883555000024, 0.754009483000057 ], [ 34.97099683600004, 0.754723535000037 ], [ 34.972127243000045, 0.755306930000077 ], [ 34.972909303000051, 0.755905307000033 ], [ 34.973763061000056, 0.756054154000024 ], [ 34.974874398000054, 0.756103357000024 ], [ 34.976055548000033, 0.756848778000069 ], [ 34.977213621000033, 0.757266184000055 ], [ 34.978350382000031, 0.756556590000057 ], [ 34.979168020000031, 0.756229013000051 ], [ 34.979942544000046, 0.755664735000038 ], [ 34.980582183000024, 0.754631483000028 ], [ 34.980984926000076, 0.753699281000023 ], [ 34.981799270000067, 0.75384097800003 ], [ 34.982653105000054, 0.754245235000033 ], [ 34.983345457000041, 0.754582356000067 ], [ 34.984058794000077, 0.754945760000052 ], [ 34.984914520000075, 0.755300386000038 ], [ 34.985854578000044, 0.75536514100002 ], [ 34.986951068000053, 0.754755867000025 ], [ 34.988038620000054, 0.754448536000038 ], [ 34.98874124200006, 0.754045668000059 ], [ 34.989239952000048, 0.75319831900004 ], [ 34.989889649000077, 0.75208899700004 ], [ 34.990546378000033, 0.751265019000076 ], [ 34.990916420000076, 0.750454210000039 ], [ 34.990856395000037, 0.749539130000075 ], [ 34.991208323000023, 0.748738769000053 ], [ 34.991713513000043, 0.74815323600006 ], [ 34.992476722000049, 0.74734587800003 ], [ 34.99328268000005, 0.747075245000077 ], [ 34.994210398000064, 0.74689384400006 ], [ 34.995195218000049, 0.746349592000062 ], [ 34.995907663000025, 0.745846075000026 ], [ 34.996810139000047, 0.745223019000035 ], [ 34.997918079000044, 0.745066464000039 ], [ 34.998816258000033, 0.744956919000055 ], [ 34.999540847000048, 0.744678959000061 ], [ 35.000493360000064, 0.744513511000033 ], [ 35.00103357100005, 0.745198517000063 ], [ 35.00123470300008, 0.746071677000031 ], [ 35.001718332000053, 0.746736445000073 ], [ 35.002840577000029, 0.746591765000056 ], [ 35.003732945000024, 0.746174329000048 ], [ 35.00447292900003, 0.74636660500005 ], [ 35.005203448000032, 0.746791314000056 ], [ 35.006069395000054, 0.747316688000065 ], [ 35.006931524000045, 0.747825940000033 ], [ 35.007771551000076, 0.74883131800004 ], [ 35.008750526000028, 0.750015312000079 ], [ 35.009455414000058, 0.750824402000032 ], [ 35.009957219000057, 0.751689727000035 ], [ 35.010687861000065, 0.75253027300004 ], [ 35.011412826000026, 0.753522217000074 ], [ 35.012304163000067, 0.754456402000081 ], [ 35.013495361000025, 0.753714479000058 ], [ 35.014213106000057, 0.752862782000028 ], [ 35.015099897000027, 0.75186023400005 ], [ 35.016361099000058, 0.751924488000041 ], [ 35.017539674000034, 0.75202423300004 ], [ 35.018289945000049, 0.75153180500007 ], [ 35.018443173000037, 0.750560393000053 ], [ 35.018449513000064, 0.749429274000028 ], [ 35.018582613000035, 0.748105175000034 ], [ 35.019164941000042, 0.74719358700003 ], [ 35.019886494000048, 0.746321932000065 ], [ 35.019966302000057, 0.745350507000076 ], [ 35.02055628100004, 0.744514325000061 ], [ 35.021643513000072, 0.744199324000022 ], [ 35.022835874000066, 0.74470050600007 ], [ 35.023741633000043, 0.744427647000071 ], [ 35.024887197000055, 0.744678215000027 ], [ 35.025812293000058, 0.745303589000051 ], [ 35.026624761000051, 0.745551960000062 ], [ 35.027457427000066, 0.745312379000034 ], [ 35.028022714000031, 0.745888972000048 ], [ 35.028406225000026, 0.746554356000046 ], [ 35.02824159100004, 0.747652179000053 ], [ 35.027516319000028, 0.74884324100003 ], [ 35.026862494000056, 0.749810450000034 ], [ 35.027047760000073, 0.750773664000065 ], [ 35.028134747000024, 0.750699276000035 ], [ 35.029027332000055, 0.751021246000053 ], [ 35.030093348000037, 0.750971654000063 ], [ 35.031081197000049, 0.750996366000038 ], [ 35.031527744000073, 0.752011870000039 ], [ 35.03192473200005, 0.753114057000056 ], [ 35.033089844000074, 0.752829154000048 ], [ 35.034205266000079, 0.752185115000029 ], [ 35.034895450000079, 0.751640163000041 ], [ 35.035440649000066, 0.750921828000067 ], [ 35.035977170000024, 0.749883561000054 ], [ 35.037124057000028, 0.74923377800008 ], [ 35.038611441000057, 0.748894610000028 ], [ 35.040016096000045, 0.749322123000077 ], [ 35.041085255000041, 0.750229051000014 ], [ 35.040983641000025, 0.751622140000059 ], [ 35.040371333000053, 0.752187318000038 ], [ 35.039915119000057, 0.752868236000042 ], [ 35.039661792000061, 0.753910020000037 ], [ 35.039196725000068, 0.754747547000025 ], [ 35.038513290000026, 0.755544242000043 ], [ 35.03881967500007, 0.75658191100007 ], [ 35.039680523000072, 0.757592996000029 ], [ 35.040759594000065, 0.758162845000071 ], [ 35.041843692000043, 0.75799527300007 ], [ 35.042637503000037, 0.758565833000029 ], [ 35.04261361500005, 0.759470050000062 ], [ 35.042899685000066, 0.760594888000072 ], [ 35.043771737000043, 0.761341120000054 ], [ 35.044460274000073, 0.761676065000073 ], [ 35.045192671000052, 0.762002842000073 ], [ 35.046443829000054, 0.762493027000064 ], [ 35.047485208000069, 0.762966864000024 ], [ 35.048415726000037, 0.762585517000041 ], [ 35.049501367000062, 0.762264054000071 ], [ 35.050244571000064, 0.762590870000056 ], [ 35.050995452000052, 0.763086507000028 ], [ 35.052000342000042, 0.763771423000041 ], [ 35.053196495000066, 0.76419763100006 ], [ 35.053974581000034, 0.764257491000023 ], [ 35.054846707000024, 0.764181169000048 ], [ 35.055909928000062, 0.764355431000078 ], [ 35.05690254700005, 0.764384783000018 ], [ 35.057898016000024, 0.764379834000075 ], [ 35.05873323600008, 0.764180974000048 ], [ 35.059610330000062, 0.763707023000052 ], [ 35.06085734800007, 0.763096852000054 ], [ 35.061762541000064, 0.76305869400005 ], [ 35.062584549000064, 0.763014249000037 ], [ 35.063421887000061, 0.762604151000069 ], [ 35.064318386000025, 0.76341397700003 ], [ 35.064497113000073, 0.764832954000047 ], [ 35.06513635500005, 0.766136158000046 ], [ 35.066072262000034, 0.766781589000064 ], [ 35.066493910000077, 0.767435214000039 ], [ 35.066421031000061, 0.76819509800004 ], [ 35.065582732000053, 0.768730327000067 ], [ 35.064758114000028, 0.76931461000004 ], [ 35.065121735000048, 0.770433951000032 ], [ 35.065060392000078, 0.771507072000028 ], [ 35.065550066000071, 0.77219336200006 ], [ 35.066387730000031, 0.772733967000025 ], [ 35.066319408000027, 0.77384927900005 ], [ 35.065420592000066, 0.775029994000018 ], [ 35.065048217000026, 0.776551135000034 ], [ 35.06506102700007, 0.777947784000044 ], [ 35.065814458000034, 0.778469848000044 ], [ 35.066663235000078, 0.778969568000029 ], [ 35.067016269000078, 0.779756669000046 ], [ 35.067396046000056, 0.780696308000068 ], [ 35.067186502000027, 0.78146979000007 ], [ 35.066350494000062, 0.782232443000056 ], [ 35.065950753000038, 0.783104694000028 ], [ 35.067229368000028, 0.783474359000028 ], [ 35.067572601000052, 0.784438479000077 ], [ 35.066924382000025, 0.785018654000053 ], [ 35.066171239000028, 0.785468091000047 ], [ 35.065477236000049, 0.785999214000073 ], [ 35.06496250400005, 0.786563021000064 ], [ 35.064182813000059, 0.787523129000026 ], [ 35.063436472000035, 0.788409697000024 ], [ 35.063512080000066, 0.789352060000054 ], [ 35.064149198000052, 0.789929403000034 ], [ 35.064834101000031, 0.790869016000051 ], [ 35.064794348000078, 0.791865860000034 ], [ 35.06469164400005, 0.792797335000045 ], [ 35.064309798000068, 0.793887317000046 ], [ 35.064585442000066, 0.794795880000031 ], [ 35.064055562000078, 0.795722479000065 ], [ 35.063907167000025, 0.796918148000023 ], [ 35.063109007000037, 0.797762503000053 ], [ 35.062217840000073, 0.797940947000022 ], [ 35.061584936000031, 0.798717193000073 ], [ 35.060671264000064, 0.799316157000017 ], [ 35.060315309000032, 0.800257454000076 ], [ 35.059640334000051, 0.800641500000048 ], [ 35.058593449000057, 0.80089730600003 ], [ 35.057580940000037, 0.801317613000042 ], [ 35.056879388000027, 0.802112401000053 ], [ 35.055993680000029, 0.802476043000063 ], [ 35.055106884000054, 0.802386222000045 ], [ 35.054211489000075, 0.802237844000046 ], [ 35.053838714000058, 0.801330887000067 ], [ 35.052975657000047, 0.801981856000059 ], [ 35.052036647000079, 0.802668265000026 ], [ 35.051194918000078, 0.803428192000073 ], [ 35.050817566000035, 0.804237118000064 ], [ 35.050322034000033, 0.805238070000037 ], [ 35.049733118000063, 0.80644329500006 ], [ 35.049350063000077, 0.807317580000069 ], [ 35.048970799000074, 0.808112887000046 ], [ 35.048124328000029, 0.808959987000036 ], [ 35.047609664000049, 0.809752529000035 ], [ 35.047222815000055, 0.810692231000072 ], [ 35.046799126000053, 0.811729925000064 ], [ 35.046508621000044, 0.812800292000025 ], [ 35.045364360000065, 0.813731825000049 ], [ 35.044630337000058, 0.81435283400003 ], [ 35.043789520000075, 0.814973851000053 ], [ 35.043301502000077, 0.815590347000071 ], [ 35.04312632500006, 0.816500592000061 ], [ 35.043103674000065, 0.817290186000037 ], [ 35.042754966000075, 0.818230750000046 ], [ 35.042209772000035, 0.81896231800004 ], [ 35.041623643000037, 0.819920330000067 ], [ 35.041308378000053, 0.821098915000052 ], [ 35.040380341000059, 0.821269280000029 ], [ 35.039063884000029, 0.821371924000069 ], [ 35.038004361000048, 0.821880963000064 ], [ 35.036770870000055, 0.822016489000021 ], [ 35.035660165000024, 0.822492624000062 ], [ 35.034518165000065, 0.822473344000062 ], [ 35.033615591000057, 0.82169541400004 ], [ 35.032663384000045, 0.821819326000018 ], [ 35.031622969000068, 0.822452220000067 ], [ 35.030804158000024, 0.823328942000042 ], [ 35.030213305000075, 0.824432078000035 ], [ 35.029732069000033, 0.825407489000047 ], [ 35.029045702000076, 0.825964897000059 ], [ 35.028315522000071, 0.826684852000027 ], [ 35.027734070000065, 0.827335120000039 ], [ 35.027672654000071, 0.828159576000081 ], [ 35.027810920000036, 0.829256856000026 ], [ 35.027399230000071, 0.830029067000061 ], [ 35.026423937000061, 0.830545841000066 ], [ 35.025399065000045, 0.831078084000071 ], [ 35.024869074000037, 0.83163161000004 ], [ 35.024640493000049, 0.832517976000027 ], [ 35.024812399000041, 0.833439188000059 ], [ 35.024718570000061, 0.834290717000038 ], [ 35.025049361000072, 0.835097688000081 ], [ 35.025171801000056, 0.836415608000035 ], [ 35.025427672000035, 0.837524519000059 ], [ 35.026241380000045, 0.838737907000055 ], [ 35.026809749000051, 0.840061594000081 ], [ 35.027833711000035, 0.840752419000072 ], [ 35.027675425000041, 0.841818010000053 ], [ 35.027019571000039, 0.842372317000064 ], [ 35.026485838000042, 0.843167727000042 ], [ 35.026889127000061, 0.844083101000019 ], [ 35.026940276000062, 0.845077833000069 ], [ 35.026511394000067, 0.845751340000048 ], [ 35.025659105000045, 0.846273908000052 ], [ 35.025423886000056, 0.847284139000058 ], [ 35.025889564000067, 0.848509140000025 ], [ 35.02546555300006, 0.849532946000061 ], [ 35.025591735000035, 0.850608932000055 ], [ 35.025498029000062, 0.851870751000036 ], [ 35.024984473000075, 0.852971565000068 ], [ 35.024667787000055, 0.853856384000032 ], [ 35.023924113000078, 0.854088648000064 ], [ 35.023232009000026, 0.854588016000035 ], [ 35.022751751000044, 0.855648577000065 ], [ 35.022024710000039, 0.85623692300004 ], [ 35.021596506000037, 0.857055593000036 ], [ 35.020746079000048, 0.857421394000019 ], [ 35.019987266000044, 0.858048485000041 ], [ 35.019199783000033, 0.858454919000051 ], [ 35.018410416000052, 0.858942655000015 ], [ 35.017714547000033, 0.859610348000055 ], [ 35.016774458000043, 0.859871695000044 ], [ 35.015849495000055, 0.859689830000043 ], [ 35.015065828000047, 0.860104013000062 ], [ 35.014358453000057, 0.860556904000013 ], [ 35.013824660000068, 0.86114911400006 ], [ 35.013488407000068, 0.86229290100005 ], [ 35.013058683000054, 0.863343799000063 ], [ 35.013217849000057, 0.864179797000018 ], [ 35.013709479000063, 0.865027439000073 ], [ 35.014109570000073, 0.865875086000075 ], [ 35.01473661600005, 0.866780737000049 ], [ 35.01516252700003, 0.867878020000035 ], [ 35.015638701000057, 0.869126267000066 ], [ 35.015472442000032, 0.87010163500002 ], [ 35.015534377000051, 0.871030563000034 ], [ 35.015790842000058, 0.871998184000059 ], [ 35.015286350000054, 0.872795573000076 ], [ 35.015495156000043, 0.87382317100003 ], [ 35.015884468000024, 0.874761766000065 ], [ 35.016876221000075, 0.875088787000034 ], [ 35.017345593000073, 0.875907383000024 ], [ 35.017359231000057, 0.876882765000068 ], [ 35.017754312000079, 0.877980051000071 ], [ 35.017492463000053, 0.879222511000016 ], [ 35.017604277000032, 0.880075966000046 ], [ 35.019100839000032, 0.881753763000058 ], [ 35.019168296000032, 0.883083323000043 ], [ 35.018579825000074, 0.883640677000079 ], [ 35.018273090000037, 0.884645105000057 ], [ 35.018627234000064, 0.885963037000071 ], [ 35.019201233000047, 0.886977068000013 ], [ 35.018852651000032, 0.887698068000017 ], [ 35.019174457000076, 0.888511554000042 ], [ 35.018940642000075, 0.889413414000047 ], [ 35.019104207000055, 0.890648113000062 ], [ 35.020078883000053, 0.891340911000035 ], [ 35.020479530000046, 0.892262076000059 ], [ 35.021153907000041, 0.893516118000041 ], [ 35.021843494000052, 0.89444504400006 ], [ 35.022261265000054, 0.895095235000049 ], [ 35.022797267000051, 0.895652616000064 ], [ 35.023422912000058, 0.896233182000062 ], [ 35.024166163000075, 0.896798258000047 ], [ 35.025055475000045, 0.897181777000078 ], [ 35.02585285400005, 0.897460089000052 ], [ 35.026842533000035, 0.897648900000041 ], [ 35.028083603000027, 0.897384459000015 ], [ 35.02875354300005, 0.896476850000055 ], [ 35.029297371000041, 0.895485357000043 ], [ 35.030192539000041, 0.895154575000056 ], [ 35.030925686000046, 0.895489820000018 ], [ 35.031637416000024, 0.895858903000026 ], [ 35.032098579000035, 0.895027366000021 ], [ 35.032379731000049, 0.896372252000053 ], [ 35.032421180000028, 0.897219935000061 ], [ 35.033221815000047, 0.897498962000049 ], [ 35.034132783000075, 0.897362951000047 ], [ 35.035290118000034, 0.897181341000025 ], [ 35.036149840000064, 0.897926251000061 ], [ 35.036933688000033, 0.898315878000057 ], [ 35.03769219600008, 0.898431183000063 ], [ 35.038412220000055, 0.898962333000047 ], [ 35.039395759000058, 0.899159444000024 ], [ 35.040252498000029, 0.899906775000039 ], [ 35.040585803000056, 0.901135076000067 ], [ 35.040978257000063, 0.902545878000062 ], [ 35.041897241000072, 0.902734999000082 ], [ 35.042862246000027, 0.902636584000051 ], [ 35.044055839000066, 0.902634495000026 ], [ 35.044895007000036, 0.902665199000069 ], [ 35.04567473000003, 0.902795372000063 ], [ 35.046508729000038, 0.90276716200004 ], [ 35.047313881000036, 0.902136266000067 ], [ 35.047593473000063, 0.901262806000029 ], [ 35.047757722000028, 0.900302859000026 ], [ 35.048459278000053, 0.900867025000032 ], [ 35.049062794000065, 0.901823030000063 ], [ 35.04972932000004, 0.902291282000028 ], [ 35.050692856000069, 0.902613868000067 ], [ 35.05150831900005, 0.903393149000062 ], [ 35.052842038000051, 0.902943546000073 ], [ 35.053778950000044, 0.902796262000035 ], [ 35.054567236000025, 0.902096837000047 ], [ 35.054792475000056, 0.901235309000072 ], [ 35.055400253000073, 0.900634764000071 ], [ 35.056353260000037, 0.900353555000032 ] ] ] } }
]
}
